Fecha_Hora,Temp_C,Humedad_%,Viento_kmh,Direccion_Grados,Cardinal,Rafaga_kmh,Lluvia_mm_h,Hoja_0_15,Indice_UV,Radiacion_W_m2,Bateria_TX
12/06/2026 00:00,19.5,85.4,1.6,258,WSW,4.8,0,13,0,0,OK
12/06/2026 00:01,19.5,85.6,0,258,WSW,4.8,0,13,0,0,OK
12/06/2026 00:02,19.5,86,1.6,260,W,4.8,0,13,0,0,OK
12/06/2026 00:03,19.5,85.6,0,289,WNW,4.8,0,13,0,0,OK
12/06/2026 00:04,19.5,85.8,0,289,WNW,4.8,0,13,0,0,OK
12/06/2026 00:05,19.5,85.8,1.6,277,W,4.8,0,13,0,0,OK
12/06/2026 00:06,19.5,85.8,1.6,277,W,4.8,0,13,0,0,OK
12/06/2026 00:07,19.5,86.1,1.6,237,WSW,4.8,0,13,0,0,OK
12/06/2026 00:08,19.5,86,6.4,270,W,4.8,0,13,0,0,OK
12/06/2026 00:09,19.5,85.3,4.8,275,W,8,0,13,0,0,OK
12/06/2026 00:10,19.5,85.2,3.2,292,WNW,8,0,13,0,0,OK
12/06/2026 00:11,19.5,85,4.8,299,WNW,8,0,13,0,0,OK
12/06/2026 00:12,19.6,85.1,4.8,275,W,8,0,13,0,0,OK
12/06/2026 00:13,19.6,85.4,0,278,W,8,0,13,0,0,OK
12/06/2026 00:14,19.5,85.5,3.2,292,WNW,8,0,13,0,0,OK
12/06/2026 00:15,19.6,86,0,287,WNW,8,0,13,0,0,OK
12/06/2026 00:16,19.6,86,4.8,301,WNW,8,0,13,0,0,OK
12/06/2026 00:17,19.6,85.8,1.6,305,NW,8,0,13,0,0,OK
12/06/2026 00:18,19.5,85.5,0,305,NW,8,0,13,0,0,OK
12/06/2026 00:19,19.5,85.8,3.2,304,WNW,8,0,13,0,0,OK
12/06/2026 00:20,19.5,86.5,6.4,285,WNW,8,0,13,0,0,OK
12/06/2026 00:21,19.5,86.3,4.8,247,WSW,6.4,0,13,0,0,OK
12/06/2026 00:22,19.5,84.9,0,232,SW,6.4,0,13,0,0,OK
12/06/2026 00:23,19.4,85.7,0,219,SW,6.4,0,13,0,0,OK
12/06/2026 00:24,19.4,85.5,0,219,SW,6.4,0,13,0,0,OK
12/06/2026 00:25,19.4,86,3.2,309,NW,6.4,0,13,0,0,OK
12/06/2026 00:26,19.4,86,3.2,309,NW,6.4,0,13,0,0,OK
12/06/2026 00:27,19.4,85.5,0,309,NW,6.4,0,13,0,0,OK
12/06/2026 00:28,19.4,86.4,0,309,NW,6.4,0,13,0,0,OK
12/06/2026 00:29,19.3,86.7,0,309,NW,4.8,0,13,0,0,OK
12/06/2026 00:30,19.3,86.8,0,309,NW,4.8,0,13,0,0,OK
12/06/2026 00:31,19.3,86.8,0,308,NW,3.2,0,13,0,0,OK
12/06/2026 00:32,19.3,86.3,0,308,NW,3.2,0,13,0,0,OK
12/06/2026 00:33,19.2,86.3,0,308,NW,3.2,0,13,0,0,OK
12/06/2026 00:34,19.2,86.5,1.6,281,W,3.2,0,13,0,0,OK
12/06/2026 00:35,19.2,87.1,0,281,W,3.2,0,13,0,0,OK
12/06/2026 00:36,19.1,87.2,1.6,296,WNW,3.2,0,13,0,0,OK
12/06/2026 00:37,19.1,86.8,1.6,296,WNW,3.2,0,13,0,0,OK
12/06/2026 00:38,19.1,86.8,0,296,WNW,3.2,0,13,0,0,OK
12/06/2026 00:39,19.1,86.7,0,296,WNW,3.2,0,13,0,0,OK
12/06/2026 00:40,19,87.4,0,296,WNW,3.2,0,13,0,0,OK
12/06/2026 00:41,19,87.5,0,296,WNW,3.2,0,13,0,0,OK
12/06/2026 00:42,19,87.6,0,296,WNW,3.2,0,13,0,0,OK
12/06/2026 00:43,19,87.6,0,296,WNW,3.2,0,13,0,0,OK
12/06/2026 00:44,19,87.9,0,296,WNW,3.2,0,13,0,0,OK
12/06/2026 00:45,19,88,0,296,WNW,3.2,0,13,0,0,OK
12/06/2026 00:46,19,88.3,0,296,WNW,1.6,0,13,0,0,OK
12/06/2026 00:47,19,88.2,0,296,WNW,0,0,13,0,0,OK
12/06/2026 00:48,19,88.2,0,296,WNW,0,0,13,0,0,OK
12/06/2026 00:49,19,88.1,0,296,WNW,0,0,13,0,0,OK
12/06/2026 00:50,19,88.5,0,296,WNW,0,0,13,0,0,OK
12/06/2026 00:51,18.9,88.5,0,296,WNW,0,0,13,0,0,OK
12/06/2026 00:52,18.9,88.4,0,296,WNW,0,0,13,0,0,OK
12/06/2026 00:53,18.9,88.3,0,296,WNW,0,0,13,0,0,OK
12/06/2026 00:54,18.9,88.2,0,296,WNW,0,0,13,0,0,OK
12/06/2026 00:55,18.9,88.1,0,296,WNW,0,0,13,0,0,OK
12/06/2026 00:56,18.9,88.1,0,296,WNW,0,0,13,0,0,OK
12/06/2026 00:57,18.8,88.3,0,296,WNW,0,0,13,0,0,OK
12/06/2026 00:58,18.8,88.3,0,296,WNW,0,0,13,0,0,OK
12/06/2026 00:59,18.8,88.4,0,296,WNW,0,0,13,0,0,OK
12/06/2026 01:00,18.8,88.5,0,296,WNW,0,0,13,0,0,OK
12/06/2026 01:01,18.8,88.8,0,296,WNW,0,0,13,0,0,OK
12/06/2026 01:02,18.8,88.8,0,296,WNW,0,0,13,0,0,OK
12/06/2026 01:03,18.8,88.9,0,296,WNW,0,0,13,0,0,OK
12/06/2026 01:04,18.8,89.1,0,296,WNW,0,0,13,0,0,OK
12/06/2026 01:05,18.8,89,0,296,WNW,0,0,13,0,0,OK
12/06/2026 01:06,18.8,88.9,0,296,WNW,0,0,13,0,0,OK
12/06/2026 01:07,18.8,89.1,0,296,WNW,0,0,13,0,0,OK
12/06/2026 01:08,18.8,89.1,0,296,WNW,0,0,13,0,0,OK
12/06/2026 01:09,18.8,89.4,0,296,WNW,0,0,13,0,0,OK
12/06/2026 01:10,18.8,89.6,0,296,WNW,0,0,13,0,0,OK
12/06/2026 01:11,18.8,89.8,0,296,WNW,0,0,13,0,0,OK
12/06/2026 01:12,18.8,89.8,0,296,WNW,0,0,13,0,0,OK
12/06/2026 01:13,18.8,90,0,296,WNW,0,0,13,0,0,OK
12/06/2026 01:14,18.8,90.2,0,296,WNW,0,0,13,0,0,OK
12/06/2026 01:15,18.8,90.3,0,296,WNW,0,0,13,0,0,OK
12/06/2026 01:16,18.8,90.5,0,265,W,0,0,13,0,0,OK
12/06/2026 01:17,18.8,90.5,0,203,SSW,0,0,13,0,0,OK
12/06/2026 01:18,18.8,90.5,0,203,SSW,0,0,13,0,0,OK
12/06/2026 01:19,18.8,90.3,0,217,SW,0,0,13,0,0,OK
12/06/2026 01:20,18.8,90.4,0,217,SW,0,0,13,0,0,OK
12/06/2026 01:21,18.8,90.6,0,217,SW,0,0,13,0,0,OK
12/06/2026 01:22,18.8,90.7,0,226,SW,0,0,13,0,0,OK
12/06/2026 01:23,18.8,90.4,0,241,WSW,0,0,13,0,0,OK
12/06/2026 01:24,18.8,90.6,3.2,239,WSW,0,0,13,0,0,OK
12/06/2026 01:25,18.8,90.5,0,239,WSW,3.2,0,13,0,0,OK
12/06/2026 01:26,18.8,90.7,0,239,WSW,3.2,0,13,0,0,OK
12/06/2026 01:27,18.8,90.7,0,239,WSW,3.2,0,13,0,0,OK
12/06/2026 01:28,18.8,90.7,1.6,239,WSW,3.2,0,13,0,0,OK
12/06/2026 01:29,18.8,90.6,1.6,239,WSW,3.2,0,13,0,0,OK
12/06/2026 01:30,18.8,90.7,3.2,234,SW,3.2,0,13,0,0,OK
12/06/2026 01:31,18.8,90.7,0,237,WSW,4.8,0,13,0,0,OK
12/06/2026 01:32,18.8,90.7,0,237,WSW,4.8,0,13,0,0,OK
12/06/2026 01:33,18.8,90.6,0,237,WSW,4.8,0,13,0,0,OK
12/06/2026 01:34,18.8,90.8,0,237,WSW,4.8,0,13,0,0,OK
12/06/2026 01:35,18.8,90.9,0,237,WSW,4.8,0,13,0,0,OK
12/06/2026 01:36,18.8,90.9,0,237,WSW,4.8,0,13,0,0,OK
12/06/2026 01:37,18.8,90.9,0,237,WSW,4.8,0,13,0,0,OK
12/06/2026 01:38,18.8,90.9,1.6,250,WSW,4.8,0,13,0,0,OK
12/06/2026 01:39,18.8,90.5,3.2,258,WSW,3.2,0,13,0,0,OK
12/06/2026 01:40,18.8,89.8,3.2,256,WSW,4.8,0,13,0,0,OK
12/06/2026 01:41,18.7,89.5,0,295,WNW,4.8,0,13,0,0,OK
12/06/2026 01:42,18.8,89.7,0,295,WNW,4.8,0,13,0,0,OK
12/06/2026 01:43,18.8,89.7,0,295,WNW,4.8,0,13,0,0,OK
12/06/2026 01:44,18.8,89.9,0,295,WNW,4.8,0,13,0,0,OK
12/06/2026 01:45,18.8,90,0,295,WNW,4.8,0,13,0,0,OK
12/06/2026 01:46,18.8,89.5,0,295,WNW,4.8,0,13,0,0,OK
12/06/2026 01:47,18.8,89.5,0,295,WNW,4.8,0,13,0,0,OK
12/06/2026 01:48,18.8,89.6,0,295,WNW,4.8,0,13,0,0,OK
12/06/2026 01:49,18.7,90,0,295,WNW,3.2,0,13,0,0,OK
12/06/2026 01:50,18.7,90,0,295,WNW,1.6,0,13,0,0,OK
12/06/2026 01:51,18.8,89.9,0,295,WNW,0,0,13,0,0,OK
12/06/2026 01:52,18.8,89.9,0,295,WNW,0,0,13,0,0,OK
12/06/2026 01:53,18.8,89.9,0,295,WNW,0,0,13,0,0,OK
12/06/2026 01:54,18.8,90,0,291,WNW,0,0,13,0,0,OK
12/06/2026 01:55,18.8,90.3,0,281,W,0,0,13,0,0,OK
12/06/2026 01:56,18.8,90,3.2,268,W,4.8,0,13,0,0,OK
12/06/2026 01:57,18.8,90.1,0,268,W,4.8,0,13,0,0,OK
12/06/2026 01:58,18.8,90.2,3.2,316,NW,4.8,0,13,0,0,OK
12/06/2026 01:59,18.8,90.1,3.2,278,W,4.8,0,13,0,0,OK
12/06/2026 02:00,18.8,89.9,0,312,NW,6.4,0,13,0,0,OK
12/06/2026 02:01,18.8,89.9,4.8,311,NW,6.4,0,13,0,0,OK
12/06/2026 02:02,18.8,89.9,3.2,313,NW,6.4,0,13,0,0,OK
12/06/2026 02:03,18.8,90,3.2,313,NW,6.4,0,13,0,0,OK
12/06/2026 02:04,18.8,89.9,0,313,NW,6.4,0,13,0,0,OK
12/06/2026 02:05,18.8,90.1,0,313,NW,6.4,0,13,0,0,OK
12/06/2026 02:06,18.8,90.3,0,313,NW,6.4,0,13,0,0,OK
12/06/2026 02:07,18.8,90.1,0,313,NW,6.4,0,13,0,0,OK
12/06/2026 02:08,18.8,89.9,0,313,NW,6.4,0,13,0,0,OK
12/06/2026 02:09,18.8,90,0,313,NW,6.4,0,13,0,0,OK
12/06/2026 02:10,18.8,90.2,0,313,NW,6.4,0,13,0,0,OK
12/06/2026 02:11,18.8,90.1,0,313,NW,3.2,0,13,0,0,OK
12/06/2026 02:12,18.8,89.9,0,313,NW,1.6,0,13,0,0,OK
12/06/2026 02:13,18.8,89.9,0,313,NW,0,0,13,0,0,OK
12/06/2026 02:14,18.8,90,0,313,NW,0,0,13,0,0,OK
12/06/2026 02:15,18.8,90.1,0,313,NW,0,0,13,0,0,OK
12/06/2026 02:16,18.8,90,0,313,NW,0,0,13,0,0,OK
12/06/2026 02:17,18.8,89.9,0,24,NNE,0,0,13,0,0,OK
12/06/2026 02:18,18.8,89.6,0,31,NNE,0,0,13,0,0,OK
12/06/2026 02:19,18.8,89.6,0,54,NE,0,0,13,0,0,OK
12/06/2026 02:20,18.7,89.7,0,54,NE,0,0,13,0,0,OK
12/06/2026 02:21,18.7,89.3,0,64,ENE,0,0,13,0,0,OK
12/06/2026 02:22,18.6,89,0,80,E,0,0,13,0,0,OK
12/06/2026 02:23,18.6,89.1,0,80,E,0,0,13,0,0,OK
12/06/2026 02:24,18.6,89.3,1.6,80,E,3.2,0,13,0,0,OK
12/06/2026 02:25,18.6,89.4,0,80,E,3.2,0,13,0,0,OK
12/06/2026 02:26,18.6,89.6,0,80,E,3.2,0,13,0,0,OK
12/06/2026 02:27,18.6,89.7,0,80,E,3.2,0,13,0,0,OK
12/06/2026 02:28,18.6,89.7,0,80,E,3.2,0,13,0,0,OK
12/06/2026 02:29,18.6,89.8,0,80,E,3.2,0,13,0,0,OK
12/06/2026 02:30,18.6,89.8,0,80,E,3.2,0,13,0,0,OK
12/06/2026 02:31,18.6,89.8,0,80,E,3.2,0,13,0,0,OK
12/06/2026 02:32,18.6,90,0,80,E,3.2,0,13,0,0,OK
12/06/2026 02:33,18.5,90,0,80,E,3.2,0,13,0,0,OK
12/06/2026 02:34,18.5,89.7,0,80,E,0,0,13,0,0,OK
12/06/2026 02:35,18.5,89.8,0,80,E,0,0,13,0,0,OK
12/06/2026 02:36,18.5,90,0,80,E,0,0,13,0,0,OK
12/06/2026 02:37,18.5,90,0,80,E,0,0,13,0,0,OK
12/06/2026 02:38,18.5,90.1,0,80,E,0,0,13,0,0,OK
12/06/2026 02:39,18.5,90,0,1,N,1.6,0,13,0,0,OK
12/06/2026 02:40,18.5,89.9,0,1,N,1.6,0,13,0,0,OK
12/06/2026 02:41,18.5,90,0,1,N,1.6,0,13,0,0,OK
12/06/2026 02:42,18.5,89.7,0,1,N,1.6,0,13,0,0,OK
12/06/2026 02:43,18.5,89.8,0,1,N,1.6,0,13,0,0,OK
12/06/2026 02:44,18.5,90,0,1,N,1.6,0,13,0,0,OK
12/06/2026 02:45,18.5,90.1,0,1,N,1.6,0,13,0,0,OK
12/06/2026 02:46,18.5,90.3,0,1,N,1.6,0,13,0,0,OK
12/06/2026 02:47,18.5,90.6,0,1,N,1.6,0,13,0,0,OK
12/06/2026 02:48,18.5,90.5,0,1,N,0,0,13,0,0,OK
12/06/2026 02:49,18.5,90.6,0,1,N,0,0,13,0,0,OK
12/06/2026 02:50,18.5,90.6,0,1,N,0,0,13,0,0,OK
12/06/2026 02:51,18.5,90.6,0,1,N,0,0,13,0,0,OK
12/06/2026 02:52,18.5,90.6,0,1,N,0,0,13,0,0,OK
12/06/2026 02:53,18.5,90.8,0,1,N,0,0,13,0,0,OK
12/06/2026 02:54,18.5,90.7,0,1,N,0,0,13,0,0,OK
12/06/2026 02:55,18.5,90.6,0,1,N,0,0,13,0,0,OK
12/06/2026 02:56,18.5,90.4,0,1,N,0,0,13,0,0,OK
12/06/2026 02:57,18.5,90.4,0,1,N,0,0,13,0,0,OK
12/06/2026 02:58,18.4,90.5,0,1,N,0,0,13,0,0,OK
12/06/2026 02:59,18.4,90.4,0,1,N,0,0,13,0,0,OK
12/06/2026 03:00,18.4,90.5,0,1,N,0,0,13,0,0,OK
12/06/2026 03:01,18.4,90.2,0,1,N,0,0,13,0,0,OK
12/06/2026 03:02,18.4,90.1,0,1,N,0,0,13,0,0,OK
12/06/2026 03:03,18.4,90.1,0,1,N,0,0,13,0,0,OK
12/06/2026 03:04,18.4,90,0,1,N,0,0,13,0,0,OK
12/06/2026 03:05,18.4,89.6,0,323,NW,3.2,0,13,0,0,OK
12/06/2026 03:06,18.3,89.6,0,312,NW,3.2,0,13,0,0,OK
12/06/2026 03:07,18.3,89.1,0,354,N,3.2,0,13,0,0,OK
12/06/2026 03:08,18.3,89.1,0,354,N,3.2,0,13,0,0,OK
12/06/2026 03:09,18.3,88.8,0,354,N,3.2,0,13,0,0,OK
12/06/2026 03:10,18.3,88.7,0,354,N,3.2,0,13,0,0,OK
12/06/2026 03:11,18.3,88.8,0,354,N,3.2,0,13,0,0,OK
12/06/2026 03:12,18.3,88.9,0,354,N,3.2,0,13,0,0,OK
12/06/2026 03:13,18.3,89.1,0,354,N,3.2,0,13,0,0,OK
12/06/2026 03:14,18.3,89,0,354,N,3.2,0,13,0,0,OK
12/06/2026 03:15,18.2,89.2,0,354,N,0,0,13,0,0,OK
12/06/2026 03:16,18.2,89.1,0,354,N,0,0,13,0,0,OK
12/06/2026 03:17,18.2,89.1,0,354,N,0,0,13,0,0,OK
12/06/2026 03:18,18.2,89.1,0,354,N,0,0,13,0,0,OK
12/06/2026 03:19,18.2,89.2,0,354,N,0,0,13,0,0,OK
12/06/2026 03:20,18.2,89,0,354,N,0,0,13,0,0,OK
12/06/2026 03:21,18.1,89.3,0,354,N,0,0,13,0,0,OK
12/06/2026 03:22,18.2,89.6,0,354,N,0,0,13,0,0,OK
12/06/2026 03:23,18.2,89.7,0,354,N,0,0,13,0,0,OK
12/06/2026 03:24,18.2,89.7,0,354,N,0,0,13,0,0,OK
12/06/2026 03:25,18.2,89.8,0,354,N,0,0,13,0,0,OK
12/06/2026 03:26,18.2,89.5,0,354,N,0,0,13,0,0,OK
12/06/2026 03:27,18.2,89.6,0,354,N,0,0,13,0,0,OK
12/06/2026 03:28,18.2,89.6,0,354,N,0,0,13,0,0,OK
12/06/2026 03:29,18.2,89.7,0,354,N,0,0,13,0,0,OK
12/06/2026 03:30,18.2,89.9,0,354,N,0,0,13,0,0,OK
12/06/2026 03:31,18.3,90,0,354,N,0,0,13,0,0,OK
12/06/2026 03:32,18.2,90.1,0,354,N,0,0,13,0,0,OK
12/06/2026 03:33,18.2,90,0,354,N,0,0,13,0,0,OK
12/06/2026 03:34,18.3,90,0,354,N,0,0,13,0,0,OK
12/06/2026 03:35,18.2,90.1,0,354,N,0,0,13,0,0,OK
12/06/2026 03:37,18.2,90,0,354,N,0,0,13,0,0,OK
12/06/2026 03:38,18.2,90,0,354,N,0,0,13,0,0,OK
12/06/2026 03:39,18.3,89.8,0,354,N,0,0,13,0,0,OK
12/06/2026 03:40,18.2,89.7,0,354,N,0,0,13,0,0,OK
12/06/2026 03:41,18.3,89.8,0,354,N,0,0,13,0,0,OK
12/06/2026 03:42,18.3,90.1,0,354,N,0,0,13,0,0,OK
12/06/2026 03:43,18.3,90.4,0,354,N,0,0,13,0,0,OK
12/06/2026 03:44,18.3,90.4,0,354,N,0,0,13,0,0,OK
12/06/2026 03:45,18.3,90.7,0,354,N,0,0,13,0,0,OK
12/06/2026 03:46,18.3,90.7,0,354,N,0,0,13,0,0,OK
12/06/2026 03:47,18.3,90.7,0,354,N,0,0,13,0,0,OK
12/06/2026 03:48,18.4,90.9,0,354,N,0,0,13,0,0,OK
12/06/2026 03:49,18.4,90.7,0,354,N,0,0,13,0,0,OK
12/06/2026 03:50,18.4,90.7,0,354,N,0,0,13,0,0,OK
12/06/2026 03:51,18.4,90.6,0,354,N,0,0,13,0,0,OK
12/06/2026 03:52,18.4,90.7,0,246,WSW,0,0,13,0,0,OK
12/06/2026 03:53,18.4,90.6,0,246,WSW,0,0,13,0,0,OK
12/06/2026 03:54,18.4,90.6,0,246,WSW,0,0,13,0,0,OK
12/06/2026 03:55,18.4,90.7,0,246,WSW,0,0,13,0,0,OK
12/06/2026 03:56,18.5,90.5,0,246,WSW,0,0,13,0,0,OK
12/06/2026 03:57,18.4,90.6,0,268,W,0,0,13,0,0,OK
12/06/2026 03:58,18.5,90.5,0,268,W,0,0,13,0,0,OK
12/06/2026 03:59,18.5,90.7,0,268,W,0,0,13,0,0,OK
12/06/2026 04:00,18.5,90.7,0,268,W,0,0,13,0,0,OK
12/06/2026 04:01,18.5,90.7,0,268,W,0,0,13,0,0,OK
12/06/2026 04:02,18.5,90.6,0,268,W,0,0,13,0,0,OK
12/06/2026 04:03,18.5,90.5,0,268,W,0,0,13,0,0,OK
12/06/2026 04:04,18.5,90.5,0,268,W,0,0,13,0,0,OK
12/06/2026 04:05,18.5,90.5,0,268,W,0,0,13,0,0,OK
12/06/2026 04:06,18.5,90.5,0,268,W,0,0,13,0,0,OK
12/06/2026 04:07,18.5,90.4,0,268,W,0,0,13,0,0,OK
12/06/2026 04:08,18.5,90.4,0,268,W,0,0,13,0,0,OK
12/06/2026 04:09,18.5,90.5,0,268,W,0,0,13,0,0,OK
12/06/2026 04:10,18.5,90.6,0,268,W,0,0,13,0,0,OK
12/06/2026 04:11,18.5,90.6,0,268,W,0,0,13,0,0,OK
12/06/2026 04:12,18.5,90.6,0,268,W,0,0,13,0,0,OK
12/06/2026 04:13,18.5,90.5,0,268,W,0,0,13,0,0,OK
12/06/2026 04:14,18.5,90.7,0,268,W,0,0,13,0,0,OK
12/06/2026 04:15,18.5,90.8,0,268,W,0,0,13,0,0,OK
12/06/2026 04:16,18.5,90.8,0,268,W,0,0,13,0,0,OK
12/06/2026 04:17,18.5,90.8,0,268,W,0,0,13,0,0,OK
12/06/2026 04:18,18.5,90.8,0,268,W,0,0,13,0,0,OK
12/06/2026 04:19,18.5,90.7,0,268,W,0,0,13,0,0,OK
12/06/2026 04:20,18.5,90.7,0,268,W,0,0,13,0,0,OK
12/06/2026 04:21,18.5,90.7,0,268,W,0,0,13,0,0,OK
12/06/2026 04:22,18.5,90.7,0,268,W,0,0,13,0,0,OK
12/06/2026 04:23,18.5,90.7,0,268,W,0,0,13,0,0,OK
12/06/2026 04:24,18.5,90.5,0,268,W,0,0,13,0,0,OK
12/06/2026 04:25,18.5,90.5,0,268,W,0,0,13,0,0,OK
12/06/2026 04:26,18.4,90.4,0,268,W,0,0,13,0,0,OK
12/06/2026 04:27,18.5,90.3,0,268,W,0,0,13,0,0,OK
12/06/2026 04:28,18.5,90.3,0,268,W,0,0,13,0,0,OK
12/06/2026 04:29,18.5,90.3,0,268,W,0,0,13,0,0,OK
12/06/2026 04:30,18.5,90.3,0,268,W,0,0,13,0,0,OK
12/06/2026 04:31,18.5,90.3,0,268,W,0,0,13,0,0,OK
12/06/2026 04:32,18.5,90.2,0,268,W,0,0,13,0,0,OK
12/06/2026 04:33,18.5,90.2,0,268,W,0,0,13,0,0,OK
12/06/2026 04:34,18.5,90.3,0,268,W,0,0,13,0,0,OK
12/06/2026 04:35,18.5,90.3,0,268,W,0,0,13,0,0,OK
12/06/2026 04:36,18.5,90.3,0,268,W,0,0,13,0,0,OK
12/06/2026 04:37,18.5,89.8,0,268,W,0,0,13,0,0,OK
12/06/2026 04:38,18.5,89.8,0,268,W,0,0,13,0,0,OK
12/06/2026 04:39,18.5,90.2,0,268,W,0,0,13,0,0,OK
12/06/2026 04:40,18.5,90.3,0,268,W,0,0,13,0,0,OK
12/06/2026 04:41,18.5,90.1,0,268,W,0,0,13,0,0,OK
12/06/2026 04:42,18.5,90.2,0,268,W,0,0,13,0,0,OK
12/06/2026 04:43,18.5,90,0,268,W,0,0,13,0,0,OK
12/06/2026 04:44,18.5,89.9,0,268,W,0,0,13,0,0,OK
12/06/2026 04:45,18.5,90,0,268,W,0,0,13,0,0,OK
12/06/2026 04:46,18.5,90.1,0,268,W,0,0,13,0,0,OK
12/06/2026 04:47,18.5,90.1,0,268,W,0,0,13,0,0,OK
12/06/2026 04:48,18.6,90.4,0,268,W,0,0,13,0,0,OK
12/06/2026 04:49,18.6,90.4,0,268,W,0,0,13,0,0,OK
12/06/2026 04:50,18.5,90.3,0,268,W,0,0,13,0,0,OK
12/06/2026 04:51,18.6,90.4,0,268,W,0,0,13,0,0,OK
12/06/2026 04:52,18.5,90.4,0,268,W,0,0,13,0,0,OK
12/06/2026 04:53,18.5,90.4,0,268,W,0,0,13,0,0,OK
12/06/2026 04:54,18.6,90.3,0,268,W,0,0,13,0,0,OK
12/06/2026 04:55,18.5,90.3,0,268,W,0,0,13,0,0,OK
12/06/2026 04:56,18.6,90.3,0,268,W,0,0,13,0,0,OK
12/06/2026 04:57,18.6,90.3,0,268,W,0,0,13,0,0,OK
12/06/2026 04:58,18.6,90.4,0,268,W,0,0,13,0,0,OK
12/06/2026 04:59,18.6,90.5,0,268,W,0,0,13,0,0,OK
12/06/2026 05:00,18.6,90.5,0,268,W,0,0,13,0,0,OK
12/06/2026 05:01,18.5,90.6,0,268,W,0,0,13,0,0,OK
12/06/2026 05:02,18.5,90.7,0,268,W,0,0,13,0,0,OK
12/06/2026 05:03,18.6,90.8,0,268,W,0,0,13,0,0,OK
12/06/2026 05:04,18.6,90.8,0,268,W,0,0,13,0,0,OK
12/06/2026 05:05,18.6,90.9,0,268,W,0,0,13,0,0,OK
12/06/2026 05:06,18.6,90.9,0,268,W,0,0,13,0,0,OK
12/06/2026 05:07,18.6,90.9,0,268,W,0,0,13,0,0,OK
12/06/2026 05:08,18.6,90.8,0,268,W,0,0,13,0,0,OK
12/06/2026 05:09,18.6,90.8,0,268,W,0,0,13,0,0,OK
12/06/2026 05:10,18.6,90.8,0,268,W,0,0,13,0,0,OK
12/06/2026 05:11,18.6,90.8,0,244,WSW,0,0,13,0,0,OK
12/06/2026 05:12,18.6,90.8,0,244,WSW,0,0,13,0,0,OK
12/06/2026 05:13,18.6,90.7,0,237,WSW,0,0,13,0,0,OK
12/06/2026 05:14,18.6,90.7,1.6,222,SW,3.2,0,13,0,0,OK
12/06/2026 05:15,18.6,90.7,0,237,WSW,3.2,0,13,0,0,OK
12/06/2026 05:16,18.6,90.8,0,229,SW,3.2,0,13,0,0,OK
12/06/2026 05:17,18.6,90.9,3.2,217,SW,3.2,0,13,0,0,OK
12/06/2026 05:18,18.6,91,1.6,243,WSW,3.2,0,13,0,0,OK
12/06/2026 05:19,18.6,91,1.6,239,WSW,3.2,0,13,0,0,OK
12/06/2026 05:20,18.6,91,0,217,SW,4.8,0,13,0,0,OK
12/06/2026 05:21,18.6,91,3.2,208,SSW,4.8,0,13,0,0,OK
12/06/2026 05:22,18.6,91,0,236,SW,4.8,0,13,0,0,OK
12/06/2026 05:23,18.6,91.1,1.6,240,WSW,4.8,0,13,0,0,OK
12/06/2026 05:24,18.6,91.2,0,244,WSW,4.8,0,13,0,0,OK
12/06/2026 05:25,18.5,91.2,1.6,227,SW,4.8,0,13,0,0,OK
12/06/2026 05:26,18.5,91.3,0,227,SW,4.8,0,13,0,0,OK
12/06/2026 05:27,18.5,91.4,3.2,239,WSW,4.8,0,13,0,0,OK
12/06/2026 05:28,18.5,91.4,0,236,SW,4.8,0,13,0,0,OK
12/06/2026 05:29,18.5,91.5,1.6,188,S,4.8,0,13,0,0,OK
12/06/2026 05:30,18.5,91.7,0,203,SSW,4.8,0,13,0,0,OK
12/06/2026 05:31,18.5,91.7,0,240,WSW,4.8,0,13,0,0,OK
12/06/2026 05:32,18.5,91.8,1.6,247,WSW,4.8,0,13,0,0,OK
12/06/2026 05:33,18.5,91.8,3.2,237,WSW,4.8,0,13,0,0,OK
12/06/2026 05:34,18.5,91.9,6.4,229,SW,4.8,0,13,0,0,OK
12/06/2026 05:35,18.5,92,4.8,244,WSW,6.4,0,13,0,0,OK
12/06/2026 05:36,18.5,92.1,1.6,243,WSW,6.4,0,13,0,0,OK
12/06/2026 05:37,18.5,92.1,1.6,243,WSW,6.4,0,13,0,0,OK
12/06/2026 05:38,18.5,92.2,4.8,234,SW,6.4,0,13,0,0,OK
12/06/2026 05:39,18.5,92.2,3.2,250,WSW,6.4,0,13,0,0,OK
12/06/2026 05:40,18.5,92.1,1.6,239,WSW,6.4,0,13,0,0,OK
12/06/2026 05:41,18.5,92.1,3.2,254,WSW,6.4,0,13,0,0,OK
12/06/2026 05:42,18.5,92.1,1.6,226,SW,6.4,0,13,0,0,OK
12/06/2026 05:43,18.5,92.2,1.6,226,SW,6.4,0,13,0,0,OK
12/06/2026 05:44,18.5,92.2,1.6,227,SW,6.4,0,13,0,0,OK
12/06/2026 05:45,18.4,92.3,1.6,234,SW,6.4,0,13,0,0,OK
12/06/2026 05:46,18.5,92.3,3.2,234,SW,6.4,0,13,0,0,OK
12/06/2026 05:47,18.5,92.4,3.2,234,SW,6.4,0,13,0,0,OK
12/06/2026 05:48,18.4,92.4,1.6,234,SW,4.8,0,13,0,0,OK
12/06/2026 05:49,18.4,92.5,3.2,239,WSW,4.8,0,13,0,0,OK
12/06/2026 05:50,18.4,92.4,3.2,227,SW,4.8,0,13,0,1.8,OK
12/06/2026 05:51,18.4,92.4,1.6,237,WSW,4.8,0,13,0,1.8,OK
12/06/2026 05:52,18.4,92.4,1.6,222,SW,4.8,0,13,0,1.8,OK
12/06/2026 05:53,18.4,92.4,1.6,227,SW,4.8,0,13,0,1.8,OK
12/06/2026 05:54,18.4,92.4,3.2,243,WSW,4.8,0,13,0,1.8,OK
12/06/2026 05:55,18.4,92.4,6.4,243,WSW,4.8,0,13,0,1.8,OK
12/06/2026 05:56,18.4,92.2,3.2,230,SW,6.4,0,13,0,1.8,OK
12/06/2026 05:57,18.4,92.2,1.6,241,WSW,6.4,0,13,0,1.8,OK
12/06/2026 05:58,18.4,92.3,0,230,SW,6.4,0,13,0,3.5,OK
12/06/2026 05:59,18.4,92.4,0,233,SW,6.4,0,13,0,3.5,OK
12/06/2026 06:00,18.4,92.4,1.6,210,SSW,6.4,0,13,0,3.5,OK
12/06/2026 06:01,18.4,92.6,3.2,230,SW,6.4,0,13,0,5.3,OK
12/06/2026 06:02,18.4,92.6,3.2,237,WSW,6.4,0,13,0,5.3,OK
12/06/2026 06:03,18.4,92.4,3.2,219,SW,6.4,0,13,0,5.3,OK
12/06/2026 06:04,18.4,92.5,3.2,233,SW,6.4,0,13,0,5.3,OK
12/06/2026 06:05,18.4,92.4,4.8,229,SW,6.4,0,13,0,7,OK
12/06/2026 06:06,18.4,92.4,3.2,215,SW,8,0,13,0,7,OK
12/06/2026 06:07,18.4,92.3,1.6,208,SSW,8,0,13,0,7,OK
12/06/2026 06:08,18.4,92.3,4.8,244,WSW,8,0,13,0,7,OK
12/06/2026 06:09,18.4,92.4,3.2,217,SW,8,0,13,0,8.8,OK
12/06/2026 06:10,18.4,92.4,0,217,SW,8,0,13,0,8.8,OK
12/06/2026 06:11,18.4,92.5,4.8,234,SW,8,0,13,0,8.8,OK
12/06/2026 06:12,18.4,92.5,3.2,216,SW,8,0,13,0,8.8,OK
12/06/2026 06:13,18.4,92.5,4.8,234,SW,8,0,13,0,8.8,OK
12/06/2026 06:14,18.4,92.5,1.6,205,SSW,6.4,0,13,0,10.5,OK
12/06/2026 06:15,18.3,92.6,3.2,237,WSW,6.4,0,13,0,10.5,OK
12/06/2026 06:16,18.4,92.6,0,237,WSW,6.4,0,13,0,10.5,OK
12/06/2026 06:17,18.4,92.7,0,213,SSW,6.4,0,13,0,12.3,OK
12/06/2026 06:18,18.4,92.7,1.6,241,WSW,6.4,0,13,0,12.3,OK
12/06/2026 06:19,18.4,92.8,1.6,185,S,6.4,0,13,0,14.1,OK
12/06/2026 06:20,18.4,92.8,0,233,SW,6.4,0,13,0,14.1,OK
12/06/2026 06:21,18.4,92.8,1.6,237,WSW,6.4,0,13,0,15.8,OK
12/06/2026 06:22,18.4,92.8,0,227,SW,4.8,0,13,0,17.6,OK
12/06/2026 06:23,18.4,92.8,3.2,193,SSW,4.8,0,13,0,19.3,OK
12/06/2026 06:24,18.4,92.8,3.2,191,S,4.8,0,13,0,19.3,OK
12/06/2026 06:25,18.4,92.7,3.2,171,S,6.4,0,13,0,21.1,OK
12/06/2026 06:26,18.4,92.7,3.2,179,S,6.4,0,13,0,22.9,OK
12/06/2026 06:27,18.4,92.7,3.2,184,S,6.4,0,13,0,26.4,OK
12/06/2026 06:28,18.4,92.7,1.6,196,SSW,6.4,0,13,0,29.9,OK
12/06/2026 06:29,18.4,92.7,1.6,137,SE,6.4,0,13,0,33.4,OK
12/06/2026 06:30,18.4,92.6,3.2,208,SSW,8,0,13,0,35.2,OK
12/06/2026 06:31,18.4,92.5,6.4,219,SW,8,0,13,0,36.9,OK
12/06/2026 06:32,18.4,92.4,3.2,212,SSW,8,0,13,0,38.7,OK
12/06/2026 06:33,18.4,92.4,3.2,210,SSW,8,0,13,0,40.4,OK
12/06/2026 06:34,18.4,92.4,6.4,172,S,8,0,13,0,42.2,OK
12/06/2026 06:35,18.3,92.2,4.8,230,SW,8,0,13,0,42.2,OK
12/06/2026 06:36,18.3,92.2,1.6,274,W,8,0,13,0,43.9,OK
12/06/2026 06:37,18.3,92.2,3.2,226,SW,8,0,13,0,45.7,OK
12/06/2026 06:38,18.3,92.2,8,220,SW,8,0,13,0,47.5,OK
12/06/2026 06:39,18.3,92.2,3.2,208,SSW,8,0,13,0,49.2,OK
12/06/2026 06:40,18.3,92.2,0,165,SSE,8,0,13,0,54.5,OK
12/06/2026 06:41,18.3,92.2,4.8,191,S,8,0,13,0.3,58,OK
12/06/2026 06:42,18.3,92.3,1.6,188,S,8,0,13,0.3,61.5,OK
12/06/2026 06:43,18.3,92.3,3.2,227,SW,8,0,13,0.3,66.8,OK
12/06/2026 06:44,18.3,92.4,3.2,208,SSW,8,0,13,0.3,68.6,OK
12/06/2026 06:45,18.3,92.3,1.6,229,SW,8,0,13,0.3,66.8,OK
12/06/2026 06:46,18.3,92.2,1.6,223,SW,8,0,13,0.3,70.3,OK
12/06/2026 06:47,18.3,92.3,0,223,SW,8,0,13,0.3,75.6,OK
12/06/2026 06:48,18.3,92.5,6.4,244,WSW,6.4,0,13,0.4,82.6,OK
12/06/2026 06:49,18.3,92.4,3.2,248,WSW,6.4,0,13,0.4,80.9,OK
12/06/2026 06:50,18.3,92.4,0,243,WSW,6.4,0,13,0.4,80.9,OK
12/06/2026 06:51,18.3,92.4,3.2,233,SW,6.4,0,13,0.4,75.6,OK
12/06/2026 06:52,18.3,92.4,4.8,264,W,6.4,0,13,0.4,72.1,OK
12/06/2026 06:53,18.3,92.2,3.2,216,SW,8,0,13,0.4,72.1,OK
12/06/2026 06:54,18.3,92.1,1.6,217,SW,8,0,13,0.4,72.1,OK
12/06/2026 06:55,18.3,92,3.2,223,SW,8,0,13,0.4,70.3,OK
12/06/2026 06:56,18.3,92.1,1.6,230,SW,8,0,13,0.4,68.6,OK
12/06/2026 06:57,18.3,92.1,4.8,213,SSW,8,0,13,0.4,65,OK
12/06/2026 06:58,18.3,92.1,1.6,213,SSW,8,0,13,0.4,65,OK
12/06/2026 06:59,18.3,92.2,3.2,243,WSW,8,0,13,0.4,63.3,OK
12/06/2026 07:00,18.3,92.2,1.6,217,SW,8,0,13,0.4,65,OK
12/06/2026 07:01,18.3,92.2,1.6,223,SW,6.4,0,13,0.4,63.3,OK
12/06/2026 07:02,18.3,92.3,6.4,222,SW,6.4,0,13,0.4,61.5,OK
12/06/2026 07:03,18.3,92.2,3.2,250,WSW,6.4,0,13,0.4,56.3,OK
12/06/2026 07:04,18.3,92.2,3.2,198,SSW,6.4,0,13,0,54.5,OK
12/06/2026 07:05,18.3,92.2,3.2,224,SW,6.4,0,13,0.5,56.3,OK
12/06/2026 07:06,18.3,91.9,4.8,237,WSW,6.4,0,13,0.5,58,OK
12/06/2026 07:07,18.3,91.8,1.6,196,SSW,6.4,0,13,0.5,59.8,OK
12/06/2026 07:08,18.4,91.9,4.8,223,SW,6.4,0,13,0.5,63.3,OK
12/06/2026 07:09,18.3,91.9,3.2,203,SSW,6.4,0,13,0.5,66.8,OK
12/06/2026 07:10,18.4,91.9,3.2,209,SSW,6.4,0,13,0.5,72.1,OK
12/06/2026 07:11,18.3,91.8,1.6,220,SW,6.4,0,13,0.6,77.3,OK
12/06/2026 07:12,18.4,91.9,1.6,220,SW,6.4,0,13,0.6,79.1,OK
12/06/2026 07:13,18.4,92,3.2,179,S,6.4,0,13,0.6,79.1,OK
12/06/2026 07:14,18.4,92.2,3.2,236,SW,4.8,0,13,0.6,75.6,OK
12/06/2026 07:15,18.4,92.2,3.2,175,S,4.8,0,13,0.6,75.6,OK
12/06/2026 07:16,18.4,92,3.2,217,SW,4.8,0,13,0.6,77.3,OK
12/06/2026 07:17,18.4,91.9,4.8,215,SW,4.8,0,13,0.7,82.6,OK
12/06/2026 07:18,18.5,92.1,6.4,192,SSW,4.8,0,13,0.8,144.2,OK
12/06/2026 07:19,18.5,91.8,0,226,SW,8,0,13,0.8,207.4,OK
12/06/2026 07:20,18.5,92,4.8,241,WSW,8,0,13,0.9,237.3,OK
12/06/2026 07:21,18.5,91.7,3.2,202,SSW,8,0,13,0.8,218,OK
12/06/2026 07:22,18.6,91.6,1.6,239,WSW,8,0,13,0.8,163.5,OK
12/06/2026 07:23,18.6,91.5,3.2,226,SW,8,0,13,0.9,202.2,OK
12/06/2026 07:24,18.7,91.2,6.4,220,SW,8,0,13,0.9,218,OK
12/06/2026 07:25,18.7,91.2,3.2,193,SSW,8,0,13,0.8,135.4,OK
12/06/2026 07:26,18.7,90.8,4.8,237,WSW,8,0,13,0.9,145.9,OK
12/06/2026 07:27,18.8,90.5,0,232,SW,8,0,13,0.9,174,OK
12/06/2026 07:28,18.8,90.6,4.8,222,SW,8,0,13,1.1,240.8,OK
12/06/2026 07:29,18.8,90.2,3.2,193,SSW,8,0,13,1.1,274.2,OK
12/06/2026 07:30,18.9,90,3.2,243,WSW,8,0,13,1.2,281.3,OK
12/06/2026 07:31,18.9,90.1,1.6,229,SW,8,0,13,1.2,311.2,OK
12/06/2026 07:32,18.9,90.2,3.2,237,WSW,8,0,13,1.3,311.2,OK
12/06/2026 07:33,19,90.2,1.6,223,SW,8,0,13,1.1,274.2,OK
12/06/2026 07:34,19,90.2,6.4,222,SW,8,0,13,1.3,286.5,OK
12/06/2026 07:35,19.1,90,3.2,196,SSW,8,0,13,1.2,168.8,OK
12/06/2026 07:36,19.1,89.9,3.2,232,SW,8,0,13,1.4,311.2,OK
12/06/2026 07:37,19.1,89.8,4.8,210,SSW,8,0,13,1.2,269,OK
12/06/2026 07:38,19.1,89.4,8,246,WSW,8,0,13,1.5,325.2,OK
12/06/2026 07:39,19.2,89,1.6,236,SW,9.7,0,13,1.5,311.2,OK
12/06/2026 07:40,19.2,88.8,3.2,151,SSE,9.7,0,13,1.4,239.1,OK
12/06/2026 07:41,19.3,88.9,6.4,233,SW,9.7,0,13,1.3,182.8,OK
12/06/2026 07:42,19.3,88.7,8,223,SW,9.7,0,13,1.3,186.3,OK
12/06/2026 07:43,19.3,88.2,3.2,178,S,9.7,0,13,1.4,184.6,OK
12/06/2026 07:44,19.3,88.3,6.4,158,SSE,9.7,0,13,1.3,182.8,OK
12/06/2026 07:45,19.3,88.3,4.8,175,S,9.7,0,13,1.4,228.5,OK
12/06/2026 07:46,19.3,88.3,3.2,237,WSW,9.7,0,13,1.4,189.9,OK
12/06/2026 07:47,19.4,87.9,4.8,241,WSW,9.7,0,13,1.4,233.8,OK
12/06/2026 07:48,19.4,87.9,4.8,230,SW,9.7,0,13,1.4,202.2,OK
12/06/2026 07:49,19.4,88,3.2,186,S,9.7,0,13,1.5,165.2,OK
12/06/2026 07:50,19.4,87.9,3.2,185,S,9.7,0,13,1.4,156.5,OK
12/06/2026 07:51,19.4,88,3.2,219,SW,6.4,0,13,1.3,149.4,OK
12/06/2026 07:52,19.4,87.9,6.4,263,W,6.4,0,13,1.3,133.6,OK
12/06/2026 07:53,19.5,88.2,1.6,219,SW,8,0,13,1.2,112.5,OK
12/06/2026 07:54,19.5,88.2,3.2,233,SW,8,0,13,1.2,107.2,OK
12/06/2026 07:55,19.4,87.9,1.6,232,SW,8,0,13,1.3,119.5,OK
12/06/2026 07:56,19.5,88.1,0,220,SW,8,0,13,1.4,147.7,OK
12/06/2026 07:57,19.5,88.2,0,260,W,8,0,13,1.4,167,OK
12/06/2026 07:58,19.5,88.1,3.2,248,WSW,8,0,13,1.4,182.8,OK
12/06/2026 07:59,19.5,87.3,6.4,223,SW,8,0,13,1.5,205.7,OK
12/06/2026 08:00,19.4,87.5,3.2,241,WSW,8,0,13,1.6,221.5,OK
12/06/2026 08:01,19.4,87.6,3.2,253,WSW,8,0,13,1.6,218,OK
12/06/2026 08:02,19.4,87.6,1.6,241,WSW,8,0,13,1.6,209.2,OK
12/06/2026 08:03,19.4,88.4,0,212,SSW,8,0,13,2,307.6,OK
12/06/2026 08:04,19.5,88.3,3.2,205,SSW,8,0,13,2,337.5,OK
12/06/2026 08:05,19.5,87.4,1.6,172,S,8,0,13,1.7,179.3,OK
12/06/2026 08:06,19.6,88,3.2,219,SW,8,0,13,1.7,154.7,OK
12/06/2026 08:07,19.6,87.8,3.2,199,SSW,8,0,13,2.2,356.9,OK
12/06/2026 08:08,19.6,87.7,0,192,SSW,6.4,0,13,2.2,288.3,OK
12/06/2026 08:09,19.7,87.4,4.8,239,WSW,6.4,0,13,2.4,365.7,OK
12/06/2026 08:10,19.8,86.7,1.6,165,SSE,4.8,0,13,2.4,369.2,OK
12/06/2026 08:11,19.9,86.3,1.6,157,SSE,4.8,0,13,2.5,370.9,OK
12/06/2026 08:12,20,86.2,3.2,162,SSE,6.4,0,13,2.5,381.5,OK
12/06/2026 08:13,20,85.6,1.6,172,S,6.4,0,13,2.6,383.2,OK
12/06/2026 08:14,20.1,85.9,1.6,178,S,6.4,0,13,2.6,392,OK
12/06/2026 08:15,20.2,84.1,3.2,172,S,6.4,0,13,2.7,400.8,OK
12/06/2026 08:16,20.2,84.3,3.2,167,SSE,6.4,0,13,2.7,406.1,OK
12/06/2026 08:17,20.3,84.2,3.2,157,SSE,6.4,0,13,2.7,425.4,OK
12/06/2026 08:18,20.4,82.9,3.2,175,S,6.4,0,13,2.8,443,OK
12/06/2026 08:19,20.5,82.9,3.2,203,SSW,6.4,0,13,2.8,450,OK
12/06/2026 08:20,20.6,82,0,202,SSW,6.4,0,13,2.9,453.5,OK
12/06/2026 08:21,20.7,82.6,1.6,189,S,6.4,0,13,2.9,476.4,OK
12/06/2026 08:22,20.8,82.6,3.2,203,SSW,6.4,0,13,2.8,430.7,OK
12/06/2026 08:23,20.9,81.7,1.6,188,S,6.4,0,13,2.8,520.3,OK
12/06/2026 08:24,20.9,80.5,0,188,S,6.4,0,13,3.2,520.3,OK
12/06/2026 08:25,21,81.5,0,188,S,6.4,0,13,3.1,530.9,OK
12/06/2026 08:26,21.1,79.3,4.8,178,S,6.4,0,13,3.3,527.4,OK
12/06/2026 08:27,21.3,78.8,3.2,176,S,6.4,0,13,3.3,543.2,OK
12/06/2026 08:28,21.3,78.8,0,176,S,6.4,0,13,3.4,543.2,OK
12/06/2026 08:29,21.5,79.3,1.6,299,WNW,6.4,0,13,3.4,537.9,OK
12/06/2026 08:30,21.5,77.8,3.2,311,NW,6.4,0,13,3.4,532.7,OK
12/06/2026 08:31,21.6,76.5,3.2,210,SSW,6.4,0,13,3.4,522.1,OK
12/06/2026 08:32,21.6,77.1,3.2,147,SSE,6.4,0,13,3.5,539.7,OK
12/06/2026 08:33,21.7,76.5,6.4,110,ESE,8,0,13,3.5,539.7,OK
12/06/2026 08:34,21.7,76.6,4.8,246,WSW,8,0,13,3.6,520.3,OK
12/06/2026 08:35,21.8,77.9,1.6,234,SW,8,0,13,3.6,560.8,OK
12/06/2026 08:36,21.7,77.4,0,234,SW,8,0,13,3.5,472.9,OK
12/06/2026 08:37,21.8,77.8,1.6,239,WSW,8,0,13,3.8,574.8,OK
12/06/2026 08:38,21.7,78,4.8,210,SSW,8,0,13,3.9,583.6,OK
12/06/2026 08:39,21.8,77.6,6.4,181,S,8,0,13,3.9,595.9,OK
12/06/2026 08:40,21.8,77.2,6.4,240,WSW,8,0,13,3.8,606.5,OK
12/06/2026 08:41,21.8,78.7,4.8,220,SW,8,0,13,4,601.2,OK
12/06/2026 08:42,21.8,78.2,4.8,274,W,8,0,13,3.9,450,OK
12/06/2026 08:43,21.8,77.6,1.6,212,SSW,8,0,13,4.1,615.3,OK
12/06/2026 08:44,21.7,77.9,1.6,243,WSW,8,0,13,3.6,495.7,OK
12/06/2026 08:45,21.7,78.1,6.4,233,SW,8,0,13,4,580.1,OK
12/06/2026 08:46,21.7,78.5,3.2,239,WSW,9.7,0,13,3.1,337.5,OK
12/06/2026 08:47,21.7,78.6,4.8,247,WSW,9.7,0,13,4,571.3,OK
12/06/2026 08:48,21.7,78.5,3.2,253,WSW,9.7,0,13,4,546.7,OK
12/06/2026 08:49,21.7,77.6,1.6,213,SSW,9.7,0,13,2.6,416.6,OK
12/06/2026 08:50,21.8,76.6,4.8,296,WNW,9.7,0,13,3.3,246.1,OK
12/06/2026 08:51,21.8,76.8,4.8,205,SSW,9.7,0,13,3.6,358.6,OK
12/06/2026 08:52,21.8,77.4,1.6,275,W,9.7,0,13,3.9,536.2,OK
12/06/2026 08:53,21.8,77.6,4.8,280,W,9.7,0,13,4.3,541.4,OK
12/06/2026 08:54,21.8,77,0,198,SSW,9.7,0,13,4.4,543.2,OK
12/06/2026 08:55,21.9,76.8,6.4,217,SW,6.4,0,13,4.4,543.2,OK
12/06/2026 08:56,21.9,76.7,1.6,206,SSW,6.4,0,13,4.5,545,OK
12/06/2026 08:57,21.9,75.9,1.6,199,SSW,6.4,0,13,4.6,555.5,OK
12/06/2026 08:58,22,75.5,3.2,167,SSE,6.4,0,13,4.6,560.8,OK
12/06/2026 08:59,22.1,76.1,0,223,SW,6.4,0,13,4.7,573.1,OK
12/06/2026 09:00,22.1,75.6,4.8,212,SSW,6.4,0,13,4.7,569.6,OK
12/06/2026 09:01,22.2,75.5,3.2,215,SW,6.4,0,13,4.8,578.4,OK
12/06/2026 09:02,22.3,75,1.6,208,SSW,6.4,0,13,4.8,576.6,OK
12/06/2026 09:03,22.3,74.4,0,241,WSW,6.4,0,13,4.9,578.4,OK
12/06/2026 09:04,22.3,74.8,1.6,215,SW,6.4,0,13,4.9,583.6,OK
12/06/2026 09:05,22.4,74.2,3.2,196,SSW,6.4,0,13,5,599.5,OK
12/06/2026 09:06,22.4,73.7,1.6,200,SSW,6.4,0,13,5.1,620.6,OK
12/06/2026 09:07,22.4,73.9,4.8,155,SSE,6.4,0,13,5.1,555.5,OK
12/06/2026 09:08,22.4,73.5,4.8,141,SE,6.4,0,13,3.1,205.7,OK
12/06/2026 09:09,22.4,72.7,4.8,165,SSE,6.4,0,13,3.1,232,OK
12/06/2026 09:10,22.4,73.1,3.2,143,SE,6.4,0,13,4.2,307.6,OK
12/06/2026 09:11,22.4,73.2,4.8,167,SSE,6.4,0,13,4,363.9,OK
12/06/2026 09:12,22.4,73.4,0,162,SSE,6.4,0,13,5.5,731.3,OK
12/06/2026 09:13,22.4,73.6,3.2,141,SE,6.4,0,13,5.3,715.5,OK
12/06/2026 09:14,22.4,73.9,4.8,145,SE,6.4,0,13,5.5,724.3,OK
12/06/2026 09:16,22.5,73.4,4.8,116,ESE,6.4,0,13,5.5,738.3,OK
12/06/2026 09:17,22.5,73.1,1.6,117,ESE,6.4,0,13,5.5,733.1,OK
12/06/2026 09:18,22.5,72.8,4.8,140,SE,6.4,0,13,4.6,661,OK
12/06/2026 09:19,22.6,73.1,1.6,161,SSE,6.4,0,13,3.3,288.3,OK
12/06/2026 09:20,22.6,72.8,1.6,161,SSE,6.4,0,13,3.3,263.7,OK
12/06/2026 09:21,22.6,72.8,1.6,233,SW,6.4,0,13,3.3,413.1,OK
12/06/2026 09:22,22.7,72.9,1.6,219,SW,6.4,0,13,4.3,413.1,OK
12/06/2026 09:23,22.7,72.6,3.2,185,S,6.4,0,13,3.2,233.8,OK
12/06/2026 09:24,22.7,72.5,1.6,227,SW,4.8,0,13,3.3,244.4,OK
12/06/2026 09:25,22.7,72.7,1.6,227,SW,4.8,0,13,3.1,211,OK
12/06/2026 09:26,22.7,73.3,4.8,232,SW,4.8,0,13,3,189.9,OK
12/06/2026 09:27,22.7,72.1,3.2,181,S,4.8,0,13,3.4,195.1,OK
12/06/2026 09:28,22.6,71.1,3.2,226,SW,6.4,0,13,3.1,198.6,OK
12/06/2026 09:29,22.6,70.1,0,220,SW,6.4,0,13,3.2,211,OK
12/06/2026 09:30,22.6,70.6,3.2,216,SW,6.4,0,13,3.3,221.5,OK
12/06/2026 09:31,22.5,71.4,3.2,239,WSW,6.4,0,13,3.3,216.2,OK
12/06/2026 09:32,22.5,71.4,4.8,206,SSW,6.4,0,13,3.3,209.2,OK
12/06/2026 09:33,22.5,71.8,4.8,222,SW,6.4,0,13,3.3,198.6,OK
12/06/2026 09:34,22.4,71.1,1.6,200,SSW,6.4,0,13,3.4,214.5,OK
12/06/2026 09:35,22.4,71.7,4.8,186,S,6.4,0,13,3.6,237.3,OK
12/06/2026 09:36,22.4,73.7,3.2,244,WSW,6.4,0,13,4.7,283,OK
12/06/2026 09:37,22.3,73.6,0,247,WSW,6.4,0,13,3.9,249.6,OK
12/06/2026 09:38,22.4,74.3,3.2,239,WSW,6.4,0,13,3.4,205.7,OK
12/06/2026 09:39,22.3,74,3.2,208,SSW,6.4,0,13,4.9,253.1,OK
12/06/2026 09:40,22.3,73.9,6.4,208,SSW,6.4,0,13,3.7,230.3,OK
12/06/2026 09:41,22.3,73.6,3.2,182,S,8,0,13,3.6,230.3,OK
12/06/2026 09:42,22.3,73.4,3.2,138,SE,8,0,13,3.7,233.8,OK
12/06/2026 09:43,22.3,74.4,3.2,202,SSW,8,0,13,5.4,261.9,OK
12/06/2026 09:44,22.3,73.7,6.4,179,S,8,0,13,6.4,639.9,OK
12/06/2026 09:45,22.3,73.1,6.4,121,ESE,9.7,0,13,6.2,409.6,OK
12/06/2026 09:46,22.3,72.1,3.2,143,SE,9.7,0,13,6.7,701.4,OK
12/06/2026 09:47,22.4,72.7,1.6,203,SSW,9.7,0,13,6.6,682.1,OK
12/06/2026 09:48,22.4,74,3.2,258,WSW,9.7,0,13,6.4,641.6,OK
12/06/2026 09:49,22.4,73.8,3.2,244,WSW,9.7,0,13,6.6,657.5,OK
12/06/2026 09:50,22.5,72.6,0,258,WSW,9.7,0,13,6.9,697.9,OK
12/06/2026 09:51,22.5,72.7,4.8,270,W,9.7,0,13,6.3,583.6,OK
12/06/2026 09:52,22.5,73.1,3.2,209,SSW,9.7,0,13,6.7,618.8,OK
12/06/2026 09:53,22.6,71.4,1.6,160,SSE,8,0,13,7.3,717.2,OK
12/06/2026 09:54,22.7,69.7,6.4,150,SSE,8,0,13,7.5,754.2,OK
12/06/2026 09:55,22.8,69.3,1.6,239,WSW,9.7,0,13,7.6,757.7,OK
12/06/2026 09:56,22.8,69.3,1.6,272,W,9.7,0,13,7.5,553.7,OK
12/06/2026 09:57,22.9,69,0,272,W,9.7,0,13,7.5,794.6,OK
12/06/2026 09:58,22.9,69.3,0,257,WSW,9.7,0,13,7.9,775.2,OK
12/06/2026 09:59,23,67.8,3.2,215,SW,9.7,0,13,7.7,745.4,OK
12/06/2026 10:00,23,67.9,0,215,SW,9.7,0,13,7.4,703.2,OK
12/06/2026 10:01,23.1,68,3.2,349,NNW,9.7,0,13,7.1,622.3,OK
12/06/2026 10:02,23.1,66.4,0,357,N,9.7,0,13,7.3,276,OK
12/06/2026 10:03,23.2,66.5,1.6,360,N,9.7,0,13,5.5,342.8,OK
12/06/2026 10:04,23.3,66.4,6.4,128,SE,6.4,0,13,6.5,465.9,OK
12/06/2026 10:05,23.3,66.2,1.6,116,ESE,6.4,0,13,8.1,755.9,OK
12/06/2026 10:06,23.4,66.4,1.6,85,E,6.4,0,13,7.9,726,OK
12/06/2026 10:07,23.5,66.5,1.6,86,E,6.4,0,13,7.8,682.1,OK
12/06/2026 10:08,23.5,66.9,1.6,86,E,6.4,0,13,7.2,613.5,OK
12/06/2026 10:09,23.6,65.7,1.6,78,ENE,6.4,0,13,7.3,631.1,OK
12/06/2026 10:10,23.8,65.6,1.6,76,ENE,6.4,0,13,6.7,548.5,OK
12/06/2026 10:11,23.9,66.3,0,76,ENE,6.4,0,13,6.8,536.2,OK
12/06/2026 10:12,24,66,4.8,97,E,6.4,0,13,6.6,486.9,OK
12/06/2026 10:13,24.1,66.4,1.6,186,S,6.4,0,13,6.7,545,OK
12/06/2026 10:14,24.2,66.7,3.2,172,S,4.8,0,13,6.7,539.7,OK
12/06/2026 10:15,24.3,65.6,3.2,200,SSW,6.4,0,13,6.5,525.6,OK
12/06/2026 10:16,24.3,65.3,3.2,191,S,6.4,0,13,6.4,486.9,OK
12/06/2026 10:17,24.4,65.8,6.4,260,W,6.4,0,13,6.4,490.5,OK
12/06/2026 10:18,24.5,65.2,3.2,294,WNW,6.4,0,13,6.3,499.3,OK
12/06/2026 10:19,24.5,64.6,3.2,167,SSE,6.4,0,13,6.1,464.1,OK
12/06/2026 10:20,24.5,64.9,3.2,168,SSE,6.4,0,13,6.1,485.2,OK
12/06/2026 10:21,24.5,65,1.6,261,W,6.4,0,13,7,555.5,OK
12/06/2026 10:22,24.6,64.8,4.8,144,SE,6.4,0,13,6.7,548.5,OK
12/06/2026 10:23,24.6,63.6,1.6,106,ESE,8,0,13,6.3,483.4,OK
12/06/2026 10:24,24.6,63.6,0,106,ESE,8,0,13,6.3,476.4,OK
12/06/2026 10:25,24.6,65.1,3.2,236,SW,8,0,13,6.4,486.9,OK
12/06/2026 10:26,24.5,64.2,0,278,W,8,0,13,6.3,474.6,OK
12/06/2026 10:27,24.5,63.5,6.4,178,S,8,0,13,6.5,478.2,OK
12/06/2026 10:28,24.5,63.5,3.2,215,SW,8,0,13,6.5,494,OK
12/06/2026 10:29,24.5,64.1,6.4,233,SW,8,0,13,6.2,467.6,OK
12/06/2026 10:30,24.4,64.8,4.8,261,W,8,0,13,6.1,458.8,OK
12/06/2026 10:31,24.4,65.5,3.2,254,WSW,8,0,13,6.2,458.8,OK
12/06/2026 10:32,24.4,65.5,6.4,186,S,8,0,13,6.3,464.1,OK
12/06/2026 10:33,24.3,65.3,6.4,160,SSE,8,0,13,6.3,472.9,OK
12/06/2026 10:34,24.3,64.5,6.4,140,SE,8,0,13,6.6,492.2,OK
12/06/2026 10:35,24.2,65,3.2,130,SE,8,0,13,6.7,504.5,OK
12/06/2026 10:36,24.2,65.1,3.2,192,SSW,8,0,13,6.9,590.7,OK
12/06/2026 10:37,24.2,65.9,3.2,172,S,8,0,13,9.1,792.8,OK
12/06/2026 10:38,24.2,65.5,1.6,124,SE,8,0,13,7.8,668,OK
12/06/2026 10:39,24.1,65.8,6.4,164,SSE,9.7,0,13,7.4,583.6,OK
12/06/2026 10:40,24.1,66.1,4.8,157,SSE,9.7,0,13,7.5,574.8,OK
12/06/2026 10:41,24.1,67,4.8,169,S,9.7,0,13,7.9,625.8,OK
12/06/2026 10:42,24.2,66.1,1.6,195,SSW,9.7,0,13,9.5,975.7,OK
12/06/2026 10:43,24.2,66.2,4.8,130,SE,9.7,0,13,9,787.6,OK
12/06/2026 10:44,24.3,65.2,3.2,230,SW,9.7,0,13,9.5,828,OK
12/06/2026 10:45,24.3,66.6,3.2,230,SW,9.7,0,13,10.3,928.2,OK
12/06/2026 10:46,24.4,66.4,3.2,114,ESE,9.7,0,13,10.2,959.8,OK
12/06/2026 10:47,24.4,66.6,4.8,179,S,9.7,0,13,9.4,866.7,OK
12/06/2026 10:48,24.5,65.5,1.6,144,SE,9.7,0,13,9.4,866.7,OK
12/06/2026 10:49,24.5,65.5,1.6,144,SE,9.7,0,13,9.4,866.7,OK
12/06/2026 10:50,24.5,65.5,1.6,144,SE,9.7,0,13,9.4,866.7,OK
12/06/2026 10:51,24.5,65.5,1.6,144,SE,9.7,0,13,9.4,866.7,OK
12/06/2026 10:52,24.8,64.9,4.8,233,SW,9.7,0,13,9.4,866.7,OK
12/06/2026 10:53,24.7,64.3,4.8,192,SSW,9.7,0,13,6.5,467.6,OK
12/06/2026 10:54,24.7,63.9,4.8,185,S,8,0,13,6.7,474.6,OK
12/06/2026 10:55,24.7,63.8,6.4,165,SSE,8,0,13,6.8,486.9,OK
12/06/2026 10:56,24.6,63.6,3.2,151,SSE,8,0,13,6.9,497.5,OK
12/06/2026 10:57,24.6,65.1,4.8,178,S,8,0,13,6.9,502.8,OK
12/06/2026 10:58,24.6,65.5,3.2,222,SW,8,0,13,6.8,490.5,OK
12/06/2026 10:59,24.7,64.3,3.2,157,SSE,8,0,13,6.7,472.9,OK
12/06/2026 11:00,24.8,64.6,6.4,229,SW,8,0,13,6.6,469.4,OK
12/06/2026 11:01,24.7,63.8,6.4,213,SSW,8,0,13,6.7,471.1,OK
12/06/2026 11:02,24.7,63.5,4.8,270,W,8,0,13,6.9,486.9,OK
12/06/2026 11:03,24.6,64.1,6.4,243,WSW,8,0,13,7.1,513.3,OK
12/06/2026 11:04,24.6,63.2,4.8,171,S,8,0,13,7.8,574.8,OK
12/06/2026 11:05,24.6,63.6,3.2,162,SSE,8,0,13,8.5,805.1,OK
12/06/2026 11:06,24.6,63.3,0,217,SW,8,0,13,12.5,1156.7,OK
12/06/2026 11:07,24.6,63.3,0,251,WSW,8,0,13,9.7,896.5,OK
12/06/2026 11:08,24.6,63.7,0,208,SSW,8,0,13,8.2,631.1,OK
12/06/2026 11:09,24.7,63.8,3.2,200,SSW,8,0,13,7.5,548.5,OK
12/06/2026 11:10,24.7,64.3,4.8,274,W,8,0,13,7.4,546.7,OK
12/06/2026 11:11,24.8,63.9,6.4,205,SSW,8,0,13,7.7,629.3,OK
12/06/2026 11:12,24.9,63.1,1.6,182,S,8,0,13,7.6,552,OK
12/06/2026 11:13,24.9,62.7,0,182,S,8,0,13,7.5,520.3,OK
12/06/2026 11:14,25,62.4,0,182,S,8,0,13,7.4,525.6,OK
12/06/2026 11:15,25,62.2,6.4,138,SE,9.7,0,13,7.4,511.6,OK
12/06/2026 11:16,25,62.3,6.4,220,SW,9.7,0,13,7.6,564.3,OK
12/06/2026 11:17,25,61.7,6.4,227,SW,9.7,0,13,10.2,828,OK
12/06/2026 11:18,25,62,1.6,147,SSE,9.7,0,13,8.2,580.1,OK
12/06/2026 11:19,25,62.3,4.8,162,SSE,9.7,0,13,7.4,515.1,OK
12/06/2026 11:20,25,62.4,1.6,229,SW,9.7,0,13,7,474.6,OK
12/06/2026 11:21,25,63.1,1.6,260,W,9.7,0,13,6.9,457.1,OK
12/06/2026 11:22,25,63.4,3.2,224,SW,9.7,0,13,7,434.2,OK
12/06/2026 11:23,25,62.8,6.4,240,WSW,9.7,0,13,6.9,436,OK
12/06/2026 11:24,25,62.3,1.6,226,SW,9.7,0,13,6.7,436,OK
12/06/2026 11:25,25,62.1,3.2,215,SW,8,0,13,7.1,464.1,OK
12/06/2026 11:26,24.9,62.6,3.2,203,SSW,8,0,13,8.4,548.5,OK
12/06/2026 11:27,24.9,62.4,1.6,157,SSE,8,0,13,9.5,780.5,OK
12/06/2026 11:28,24.9,62.8,4.8,196,SSW,8,0,13,8.1,465.9,OK
12/06/2026 11:29,24.9,62.6,3.2,131,SE,8,0,13,7,451.8,OK
12/06/2026 11:30,25,61.8,4.8,124,SE,8,0,13,7.3,464.1,OK
12/06/2026 11:31,25,63.1,3.2,169,S,8,0,13,8.2,529.1,OK
12/06/2026 11:32,25,63.1,1.6,186,S,8,0,13,8.7,583.6,OK
12/06/2026 11:33,25.1,62.3,4.8,275,W,8,0,13,10.2,1098.7,OK
12/06/2026 11:34,25,62.6,6.4,178,S,8,0,13,12.8,1049.5,OK
12/06/2026 11:35,25,61.5,4.8,164,SSE,8,0,13,10.5,784,OK
12/06/2026 11:36,25,61.6,3.2,223,SW,8,0,13,12.3,1023.1,OK
12/06/2026 11:37,25.1,61.2,1.6,216,SW,8,0,13,12.1,996.7,OK
12/06/2026 11:38,25.1,61.3,3.2,253,WSW,8,0,13,12.1,984.4,OK
12/06/2026 11:39,25.2,60.4,4.8,236,SW,8,0,13,12,958.1,OK
12/06/2026 11:40,25.3,61.2,0,191,S,8,0,13,12,947.5,OK
12/06/2026 11:41,25.3,60.7,4.8,85,E,8,0,13,11.9,933.5,OK
12/06/2026 11:42,25.3,60.3,3.2,76,ENE,8,0,13,11.8,924.7,OK
12/06/2026 11:43,25.4,60.2,4.8,64,ENE,8,0,13,11.8,917.6,OK
12/06/2026 11:44,25.4,58.9,4.8,80,E,8,0,13,11.8,908.9,OK
12/06/2026 11:45,25.5,58.6,3.2,127,SE,6.4,0,13,11.7,901.8,OK
12/06/2026 11:46,25.6,57.9,3.2,76,ENE,6.4,0,13,11.6,894.8,OK
12/06/2026 11:47,25.6,59.4,1.6,136,SE,6.4,0,13,11.6,891.3,OK
12/06/2026 11:48,25.6,58.4,0,83,E,6.4,0,13,11.6,887.8,OK
12/06/2026 11:49,25.8,57.2,1.6,110,ESE,6.4,0,13,11.6,886,OK
12/06/2026 11:50,25.9,57.6,3.2,294,WNW,6.4,0,13,11.6,887.8,OK
12/06/2026 11:51,26,58.2,1.6,336,NNW,6.4,0,13,11.6,891.3,OK
12/06/2026 11:52,26.1,58.9,1.6,148,SSE,6.4,0,13,11.8,894.8,OK
12/06/2026 11:53,26.2,57.4,6.4,223,SW,11.3,0,13,11.8,905.3,OK
12/06/2026 11:54,26.2,55,4.8,119,ESE,11.3,0,13,11.9,915.9,OK
12/06/2026 11:55,26.1,55.2,0,114,ESE,11.3,0,13,11.9,926.4,OK
12/06/2026 11:56,26.1,55.7,0,114,ESE,11.3,0,13,12,919.4,OK
12/06/2026 11:57,26.2,55.8,0,181,S,11.3,0,13,11.8,912.4,OK
12/06/2026 11:58,26.3,56.5,3.2,209,SSW,11.3,0,13,11.8,912.4,OK
12/06/2026 11:59,26.3,56,0,224,SW,11.3,0,13,11.9,912.4,OK
12/06/2026 12:00,26.4,55.9,0,309,NW,11.3,0,13,12,914.1,OK
12/06/2026 12:01,26.5,54.9,0,200,SSW,11.3,0,13,12.2,924.7,OK
12/06/2026 12:02,26.6,56.5,0,203,SSW,6.4,0,13,12.3,942.3,OK
12/06/2026 12:03,26.7,53.9,1.6,199,SSW,4.8,0,13,12.4,944,OK
12/06/2026 12:04,26.9,53.2,0,196,SSW,4.8,0,13,12.4,949.3,OK
12/06/2026 12:05,27,52.5,0,176,S,4.8,0,13,12.4,942.3,OK
12/06/2026 12:06,27.1,52.6,0,121,ESE,4.8,0,13,12.4,942.3,OK
12/06/2026 12:07,27.2,51.8,1.6,144,SE,4.8,0,13,12.3,942.3,OK
12/06/2026 12:08,27.3,52,4.8,157,SSE,6.4,0,13,12.3,942.3,OK
12/06/2026 12:09,27.4,51.9,0,260,W,6.4,0,13,12.2,938.7,OK
12/06/2026 12:10,27.4,52,3.2,85,E,6.4,0,13,12.3,937,OK
12/06/2026 12:11,27.5,51.9,0,89,E,6.4,0,13,11.6,896.5,OK
12/06/2026 12:12,27.5,52.1,0,215,SW,6.4,0,13,9.7,683.8,OK
12/06/2026 12:13,27.5,52.1,1.6,298,WNW,6.4,0,13,9,527.4,OK
12/06/2026 12:14,27.6,52.4,1.6,161,SSE,6.4,0,13,8.8,312.9,OK
12/06/2026 12:15,27.6,50.8,4.8,147,SSE,8,0,13,7.9,356.9,OK
12/06/2026 12:16,27.6,50.3,1.6,284,WNW,9.7,0,13,7.8,388.5,OK
12/06/2026 12:17,27.6,53.3,3.2,311,NW,9.7,0,13,8.2,523.9,OK
12/06/2026 12:18,27.5,50.2,0,298,WNW,9.7,0,13,11,664.5,OK
12/06/2026 12:19,27.5,50.3,1.6,178,S,9.7,0,13,6.6,342.8,OK
12/06/2026 12:20,27.5,51,6.4,147,SSE,9.7,0,13,11.4,938.7,OK
12/06/2026 12:21,27.4,51.6,3.2,184,S,11.3,0,13,11.8,937,OK
12/06/2026 12:22,27.3,51.9,4.8,169,S,11.3,0,13,11.9,912.4,OK
12/06/2026 12:23,27.3,51.7,3.2,169,S,11.3,0,13,11.8,908.9,OK
12/06/2026 12:24,27.3,51.8,6.4,83,E,11.3,0,13,11.7,898.3,OK
12/06/2026 12:25,27.1,51.4,3.2,110,ESE,11.3,0,13,11.7,891.3,OK
12/06/2026 12:26,27.1,52.2,4.8,305,NW,11.3,0,13,11.6,889.5,OK
12/06/2026 12:27,27.1,52.5,6.4,158,SSE,11.3,0,13,11.7,894.8,OK
12/06/2026 12:28,27.1,51.8,4.8,174,S,11.3,0,13,11.7,891.3,OK
12/06/2026 12:29,27,52.7,8,145,SE,9.7,0,13,11.7,893,OK
12/06/2026 12:30,27,52.9,6.4,130,SE,9.7,0,13,11.6,889.5,OK
12/06/2026 12:31,27,52.2,4.8,143,SE,9.7,0,13,11.6,879,OK
12/06/2026 12:32,26.9,52,4.8,131,SE,9.7,0,13,11.5,868.4,OK
12/06/2026 12:33,26.9,52.6,1.6,110,ESE,9.7,0,13,11.6,870.2,OK
12/06/2026 12:34,26.8,52.2,0,121,ESE,9.7,0,13,11.5,868.4,OK
12/06/2026 12:35,26.8,52.5,1.6,116,ESE,9.7,0,13,11.5,866.7,OK
12/06/2026 12:36,26.8,52.7,3.2,117,ESE,9.7,0,13,11.4,870.2,OK
12/06/2026 12:37,26.8,52.5,1.6,92,E,9.7,0,13,11.5,868.4,OK
12/06/2026 12:38,26.8,52.9,3.2,92,E,9.7,0,13,11.6,880.7,OK
12/06/2026 12:39,26.8,54.3,0,90,E,9.7,0,13,11.7,886,OK
12/06/2026 12:40,26.9,55.3,3.2,254,WSW,9.7,0,13,11.8,898.3,OK
12/06/2026 12:41,27,53.7,4.8,171,S,6.4,0,13,12,914.1,OK
12/06/2026 12:42,27.1,53.3,1.6,172,S,8,0,13,11.8,901.8,OK
12/06/2026 12:43,27.2,53,4.8,230,SW,11.3,0,13,11.6,896.5,OK
12/06/2026 12:44,27.3,52.9,3.2,237,WSW,11.3,0,13,11.7,894.8,OK
12/06/2026 12:45,27.3,52.8,4.8,233,SW,11.3,0,13,11.8,901.8,OK
12/06/2026 12:46,27.3,52.7,3.2,326,NW,11.3,0,13,11.9,907.1,OK
12/06/2026 12:47,27.3,53,1.6,244,WSW,11.3,0,13,11.9,893,OK
12/06/2026 12:48,27.4,53.8,1.6,213,SSW,11.3,0,13,11.8,891.3,OK
12/06/2026 12:49,27.5,53,6.4,234,SW,11.3,0,13,11.7,893,OK
12/06/2026 12:50,27.5,52.3,6.4,244,WSW,12.9,0,13,11.6,884.2,OK
12/06/2026 12:51,27.5,53.1,1.6,263,W,12.9,0,13,11.6,894.8,OK
12/06/2026 12:52,27.6,52.6,3.2,298,WNW,12.9,0,13,11.8,910.6,OK
12/06/2026 12:53,27.6,52.6,1.6,186,S,12.9,0,13,6.2,237.3,OK
12/06/2026 12:54,27.6,51.8,4.8,308,NW,12.9,0,13,8.3,988,OK
12/06/2026 12:55,27.6,52.4,0,233,SW,12.9,0,13,10,794.6,OK
12/06/2026 12:56,27.6,51.9,3.2,171,S,12.9,0,13,11.8,522.1,OK
12/06/2026 12:57,27.7,53.9,1.6,233,SW,12.9,0,13,12,986.2,OK
12/06/2026 12:58,27.8,53.1,9.7,224,SW,12.9,0,13,12.1,991.5,OK
12/06/2026 12:59,27.7,52.1,1.6,219,SW,12.9,0,13,11.9,606.5,OK
12/06/2026 13:00,27.7,53,4.8,164,SSE,12.9,0,13,7.6,446.5,OK
12/06/2026 13:01,27.8,54.2,6.4,251,WSW,12.9,0,13,5.6,242.6,OK
12/06/2026 13:02,27.7,53.1,6.4,254,WSW,12.9,0,13,5.6,253.1,OK
12/06/2026 13:03,27.6,51.8,0,188,S,12.9,0,13,5.6,256.7,OK
12/06/2026 13:04,27.6,52.2,3.2,143,SE,12.9,0,13,5.7,263.7,OK
12/06/2026 13:05,27.6,52.4,1.6,120,ESE,12.9,0,13,5.7,274.2,OK
12/06/2026 13:06,27.6,52.6,3.2,202,SSW,12.9,0,13,5.9,283,OK
12/06/2026 13:07,27.6,53.5,8,229,SW,11.3,0,13,6,297.1,OK
12/06/2026 13:08,27.5,52.8,11.3,174,S,16.1,0,13,11.8,1017.8,OK
12/06/2026 13:09,27.5,52.6,6.4,198,SSW,16.1,0,13,11.8,998.5,OK
12/06/2026 13:10,27.4,53.3,6.4,199,SSW,16.1,0,13,12,1035.4,OK
12/06/2026 13:11,27.4,53.5,3.2,220,SW,16.1,0,13,12.2,1040.7,OK
12/06/2026 13:12,27.5,53.9,8,193,SSW,16.1,0,13,11.9,1005.5,OK
12/06/2026 13:13,27.5,53.1,6.4,192,SSW,16.1,0,13,11.9,980.9,OK
12/06/2026 13:14,27.5,53.7,6.4,247,WSW,16.1,0,13,11.8,961.6,OK
12/06/2026 13:15,27.6,53.4,4.8,219,SW,16.1,0,13,11.6,952.8,OK
12/06/2026 13:16,27.6,53.8,6.4,261,W,16.1,0,13,11.4,949.3,OK
12/06/2026 13:17,27.6,52.7,4.8,154,SSE,14.5,0,13,11.4,704.9,OK
12/06/2026 13:18,27.7,53,9.7,140,SE,14.5,0,13,9.5,922.9,OK
12/06/2026 13:19,27.7,53.1,4.8,199,SSW,16.1,0,13,10.7,1031.9,OK
12/06/2026 13:20,27.6,52.5,9.7,154,SSE,16.1,0,13,10.5,879,OK
12/06/2026 13:21,27.6,52.7,6.4,128,SE,16.1,0,13,8.6,736.6,OK
12/06/2026 13:22,27.5,52.9,4.8,227,SW,16.1,0,13,7.9,773.5,OK
12/06/2026 13:23,27.5,53.5,6.4,172,S,16.1,0,13,9.5,400.8,OK
12/06/2026 13:24,27.5,54,8,184,S,16.1,0,13,7.2,497.5,OK
12/06/2026 13:25,27.5,53.9,4.8,138,SE,17.7,0,13,11.1,1063.6,OK
12/06/2026 13:26,27.4,54.3,9.7,212,SSW,17.7,0,13,10.8,1035.4,OK
12/06/2026 13:27,27.5,54.3,12.9,186,S,17.7,0,13,11.5,1056.5,OK
12/06/2026 13:28,27.5,55.4,4.8,193,SSW,17.7,0,13,11.4,1030.2,OK
12/06/2026 13:29,27.6,54,4.8,244,WSW,17.7,0,13,11.1,991.5,OK
12/06/2026 13:30,27.6,53.7,8,215,SW,17.7,0,13,10.2,871.9,OK
12/06/2026 13:31,27.7,54.2,6.4,248,WSW,17.7,0,13,11,984.4,OK
12/06/2026 13:32,27.7,54.3,4.8,222,SW,17.7,0,13,6.6,585.4,OK
12/06/2026 13:33,27.8,53.6,8,239,WSW,14.5,0,13,5.5,328.7,OK
12/06/2026 13:34,27.8,53.8,8,198,SSW,14.5,0,13,5.4,312.9,OK
12/06/2026 13:35,27.7,54,4.8,191,S,14.5,0,13,5,355.1,OK
12/06/2026 13:36,27.7,53.6,4.8,181,S,14.5,0,13,4.5,244.4,OK
12/06/2026 13:37,27.7,53.6,6.4,141,SE,14.5,0,13,4.2,221.5,OK
12/06/2026 13:38,27.6,52.9,0,174,S,14.5,0,13,4.1,214.5,OK
12/06/2026 13:39,27.5,53.6,8,243,WSW,14.5,0,13,4,211,OK
12/06/2026 13:40,27.5,54.2,6.4,126,SE,14.5,0,13,4.2,218,OK
12/06/2026 13:41,27.4,54,4.8,140,SE,14.5,0,13,3.4,202.2,OK
12/06/2026 13:42,27.3,53.9,4.8,93,E,12.9,0,13,3.2,188.1,OK
12/06/2026 13:43,27.3,54.4,1.6,347,NNW,12.9,0,13,3,181.1,OK
12/06/2026 13:44,27.2,54.4,0,298,WNW,12.9,0,13,2.9,177.6,OK
12/06/2026 13:45,27.1,54.2,0,309,NW,12.9,0,13,2.8,174,OK
12/06/2026 13:46,27.1,55.8,0,343,NNW,12.9,0,13,2.7,161.7,OK
12/06/2026 13:47,27.1,55.2,3.2,10,N,12.9,0,13,2.3,151.2,OK
12/06/2026 13:48,27,55.6,1.6,354,N,9.7,0,13,2.1,140.6,OK
12/06/2026 13:49,27,55.1,4.8,88,E,9.7,0,13,1.9,131.8,OK
12/06/2026 13:50,26.9,55.3,3.2,100,E,6.4,0,13,1.7,123.1,OK
12/06/2026 13:51,26.8,55.7,3.2,90,E,6.4,0,13,1.6,105.5,OK
12/06/2026 13:52,26.8,56.1,9.7,73,ENE,6.4,0,13,1.3,96.7,OK
12/06/2026 13:53,26.6,55.1,6.4,97,E,11.3,0,13,1.2,87.9,OK
12/06/2026 13:54,26.5,56,6.4,42,NE,11.3,0,13,1.1,87.9,OK
12/06/2026 13:55,26.3,55.9,11.3,93,E,19.3,0,13,1,73.8,OK
12/06/2026 13:56,26.1,56.6,6.4,80,E,19.3,0,13,0.9,68.6,OK
12/06/2026 13:57,25.9,56.4,9.7,114,ESE,19.3,0,13,0.8,59.8,OK
12/06/2026 13:58,25.6,57.8,16.1,112,ESE,19.3,0,13,0.7,56.3,OK
12/06/2026 13:59,25.1,60.4,19.3,110,ESE,30.6,0,13,0,52.7,OK
12/06/2026 14:00,24.4,64.6,19.3,100,E,38.6,0,13,0,52.7,OK
12/06/2026 14:01,23.8,68.2,17.7,114,ESE,38.6,0,13,0,51,OK
12/06/2026 14:02,23.5,68.2,12.9,116,ESE,38.6,0,13,0,49.2,OK
12/06/2026 14:03,22.8,68.2,8,62,ENE,38.6,0,13,0,49.2,OK
12/06/2026 14:04,22.4,75.1,14.5,78,ENE,38.6,0,13,0,40.4,OK
12/06/2026 14:05,22,74.9,12.9,102,ESE,38.6,0,13,0,40.4,OK
12/06/2026 14:06,21.8,74.7,9.7,138,SE,38.6,0,13,0,42.2,OK
12/06/2026 14:07,21.8,74.7,9.7,138,SE,38.6,0,13,0,42.2,OK
12/06/2026 14:08,21.4,78,11.3,109,ESE,38.6,0,13,0,45.7,OK
12/06/2026 14:09,21.2,78.8,3.2,42,NE,30.6,0,13,0,51,OK
12/06/2026 14:10,21.1,79.6,12.9,100,E,20.9,0,13,0,54.5,OK
12/06/2026 14:11,21,79.6,19.3,61,ENE,20.9,0,13,0.8,61.5,OK
12/06/2026 14:12,20.9,76.6,14.5,62,ENE,20.9,0,13,0.9,65,OK
12/06/2026 14:13,20.8,78.3,8,96,E,20.9,0,13,0.9,68.6,OK
12/06/2026 14:14,20.6,79,14.5,88,E,20.9,0,13,0.9,63.3,OK
12/06/2026 14:15,20.4,80.6,9.7,66,ENE,20.9,0,13,0.8,61.5,OK
12/06/2026 14:16,20.2,81.2,3.2,65,ENE,24.1,0,13,0.9,63.3,OK
12/06/2026 14:17,20,82.3,4.8,71,ENE,24.1,0,13,0.9,68.6,OK
12/06/2026 14:18,19.9,84.2,3.2,38,NE,24.1,0,13,1.1,75.6,OK
12/06/2026 14:19,19.8,84,4.8,82,E,24.1,0,13,1.1,84.4,OK
12/06/2026 14:20,19.6,83.7,11.3,80,E,24.1,0,13,1.2,94.9,OK
12/06/2026 14:21,19.4,84.1,4.8,52,NE,24.1,0,13,1.3,98.4,OK
12/06/2026 14:22,19.3,84.6,8,86,E,24.1,0,13,1.3,98.4,OK
12/06/2026 14:23,19.1,85.5,4.8,44,NE,24.1,0,13,1.5,103.7,OK
12/06/2026 14:24,18.9,85.9,9.7,72,ENE,14.5,0,13,1.5,109,OK
12/06/2026 14:25,18.8,86.2,4.8,62,ENE,14.5,0,13,1.6,112.5,OK
12/06/2026 14:26,18.7,87.1,4.8,85,E,14.5,0,13,1.7,123.1,OK
12/06/2026 14:27,18.6,87.1,1.6,58,ENE,14.5,0,13,1.8,130.1,OK
12/06/2026 14:28,18.6,87.5,3.2,23,NNE,14.5,0,13,1.9,137.1,OK
12/06/2026 14:29,18.6,88.4,4.8,186,S,14.5,0,13,2,142.4,OK
12/06/2026 14:30,18.5,88.8,6.4,89,E,14.5,0,13,2,149.4,OK
12/06/2026 14:31,18.6,88.9,6.4,95,E,14.5,0,13,2,156.5,OK
12/06/2026 14:32,18.5,88.6,4.8,119,ESE,14.5,0,13,2,156.5,OK
12/06/2026 14:33,18.5,89.1,8,109,ESE,11.3,0,13,2,154.7,OK
12/06/2026 14:34,18.5,89.4,4.8,131,SE,11.3,0,13,1.9,152.9,OK
12/06/2026 14:35,18.5,89.3,6.4,95,E,11.3,0,13,1.9,152.9,OK
12/06/2026 14:36,18.5,88.7,4.8,143,SE,11.3,0,13,1.9,152.9,OK
12/06/2026 14:37,18.5,88.3,6.4,64,ENE,11.3,0,13,1.7,135.4,OK
12/06/2026 14:38,18.5,89.1,3.2,96,E,11.3,0,13,1.6,135.4,OK
12/06/2026 14:39,18.5,89.1,4.8,68,ENE,11.3,0,13,1.6,135.4,OK
12/06/2026 14:40,18.5,88.5,1.6,58,ENE,11.3,0,13,1.6,135.4,OK
12/06/2026 14:41,18.5,88.5,1.6,6,N,11.3,0,13,1.6,135.4,OK
12/06/2026 14:42,18.5,88.5,0,6,N,11.3,0,13,1.6,135.4,OK
12/06/2026 14:43,18.6,89.4,0,64,ENE,11.3,0,13,1.8,154.7,OK
12/06/2026 14:44,18.6,89.7,0,64,ENE,11.3,0,13,1.8,158.2,OK
12/06/2026 14:45,18.6,89.9,1.6,54,NE,8,0,13,1.8,160,OK
12/06/2026 14:46,18.6,89.7,1.6,25,NNE,6.4,0,13,1.8,161.7,OK
12/06/2026 14:47,18.7,90.3,1.6,75,ENE,6.4,0,13,1.8,163.5,OK
12/06/2026 14:48,18.7,90.2,3.2,44,NE,9.7,0,13,1.9,168.8,OK
12/06/2026 14:49,18.7,89.9,3.2,31,NNE,11.3,0,13,1.9,172.3,OK
12/06/2026 14:50,18.7,89.9,3.2,141,SE,11.3,0,13,1.9,174,OK
12/06/2026 14:58,18.9,89.3,1.6,71,ENE,9.7,0,13,2.1,200.4,OK
12/06/2026 14:59,18.9,89.3,4.8,54,NE,9.7,0,13,2.1,203.9,OK
12/06/2026 15:00,18.9,88.7,8,65,ENE,9.7,0,13,2.2,209.2,OK
12/06/2026 15:07,18.9,89.5,8,119,ESE,12.9,0,13,2.2,214.5,OK
12/06/2026 15:08,18.9,88.9,8,97,E,14.5,0,13,2.2,214.5,OK
12/06/2026 15:09,19,89.1,14.5,79,E,14.5,0,13,2.2,212.7,OK
12/06/2026 15:10,19,88.4,4.8,104,ESE,16.1,0,13,2.2,216.2,OK
12/06/2026 15:11,19,88.1,3.2,93,E,16.1,0,13,2.2,216.2,OK
12/06/2026 15:12,19,88.9,4.8,100,E,16.1,0,13,2.2,216.2,OK
12/06/2026 15:13,19,89.9,6.4,92,E,16.1,0,13,2.2,219.7,OK
12/06/2026 15:14,19.1,89.9,4.8,102,ESE,16.1,0,13,2.3,223.3,OK
12/06/2026 15:15,19.1,90.3,6.4,17,NNE,16.1,0,13,2.3,228.5,OK
12/06/2026 15:16,19.2,90,11.3,85,E,16.1,0,13,2.3,237.3,OK
12/06/2026 15:17,19.2,89.9,4.8,102,ESE,16.1,0,13,2.4,240.8,OK
12/06/2026 15:18,19.3,90.1,4.8,80,E,14.5,0,13,2.4,246.1,OK
12/06/2026 15:19,19.3,90.3,1.6,68,ENE,12.9,0,13,2.5,249.6,OK
12/06/2026 15:20,19.3,90.5,1.6,62,ENE,12.9,0,13,2.5,251.4,OK
12/06/2026 15:21,19.4,90.1,6.4,79,E,12.9,0,13,2.5,253.1,OK
12/06/2026 15:22,19.4,90.7,8,61,ENE,12.9,0,13,2.5,254.9,OK
12/06/2026 15:23,19.4,90.3,9.7,85,E,16.1,0,13,2.5,258.4,OK
12/06/2026 15:24,19.5,89.8,3.2,69,ENE,16.1,0,13,2.6,261.9,OK
12/06/2026 15:25,19.5,90.2,11.3,49,NE,16.1,0,13,2.6,263.7,OK
12/06/2026 15:26,19.5,89.5,3.2,97,E,16.1,0,13,2.6,265.4,OK
12/06/2026 15:27,19.5,90.1,3.2,83,E,16.1,0,13,2.6,261.9,OK
12/06/2026 15:28,19.5,89.2,3.2,32,NNE,16.1,0,13,2.6,261.9,OK
12/06/2026 15:29,19.6,89.4,4.8,82,E,16.1,0,13,2.6,261.9,OK
12/06/2026 15:30,19.6,90.7,0,20,NNE,16.1,0,13,2.6,261.9,OK
12/06/2026 15:31,19.6,90.3,6.4,69,ENE,14.5,0,13,2.6,261.9,OK
12/06/2026 15:32,19.7,89.4,8,99,E,14.5,0,13,2.6,261.9,OK
12/06/2026 15:33,19.6,88.8,4.8,76,ENE,14.5,0,13,2.6,260.2,OK
12/06/2026 15:34,19.7,89.4,4.8,95,E,14.5,0,13,2.5,258.4,OK
12/06/2026 15:35,19.7,89.3,4.8,92,E,12.9,0,13,2.5,256.7,OK
12/06/2026 15:36,19.7,89.6,4.8,47,NE,12.9,0,13,2.5,256.7,OK
12/06/2026 15:37,19.8,89.9,3.2,76,ENE,12.9,0,13,2.5,256.7,OK
12/06/2026 15:38,19.8,90.1,3.2,76,ENE,12.9,0,13,2.5,253.1,OK
12/06/2026 15:39,19.8,89.5,4.8,52,NE,12.9,0,13,2.5,251.4,OK
12/06/2026 15:40,19.8,89.6,3.2,7,N,12.9,0,13,2.5,251.4,OK
12/06/2026 15:41,19.8,90.2,1.6,85,E,12.9,0,13,2.5,251.4,OK
12/06/2026 15:42,19.9,90,6.4,93,E,12.9,0,13,2.5,251.4,OK
12/06/2026 15:43,19.9,89.7,6.4,106,ESE,12.9,0,13,2.5,251.4,OK
12/06/2026 15:44,19.9,88.8,6.4,88,E,12.9,0,13,2.5,249.6,OK
12/06/2026 15:45,19.9,89.2,3.2,85,E,12.9,0,13,2.4,247.9,OK
12/06/2026 15:46,19.9,89.8,3.2,20,NNE,12.9,0,13,2.4,244.4,OK
12/06/2026 15:47,20,90.1,8,78,ENE,12.9,0,13,2.4,242.6,OK
12/06/2026 15:48,20,89.9,4.8,40,NE,12.9,0,13,2.4,240.8,OK
12/06/2026 15:49,20,89.5,0,49,NE,16.1,0,13,2.4,239.1,OK
12/06/2026 15:50,20,90.2,3.2,68,ENE,16.1,0,13,2.4,239.1,OK
12/06/2026 15:51,20,90.1,3.2,78,ENE,16.1,0,13,2.4,240.8,OK
12/06/2026 15:52,20.1,90.4,4.8,49,NE,16.1,0,13,2.5,244.4,OK
12/06/2026 15:53,20.1,89.9,11.3,90,E,16.1,0,13,2.5,246.1,OK
12/06/2026 15:54,20.1,89.7,6.4,79,E,16.1,0,13,2.5,247.9,OK
12/06/2026 15:55,20.1,89.6,6.4,61,ENE,16.1,0,13,2.5,247.9,OK
12/06/2026 15:56,20.1,89.1,1.6,62,ENE,16.1,0,13,2.5,240.8,OK
12/06/2026 15:57,20.2,89.1,4.8,51,NE,16.1,0,13,2.4,237.3,OK
12/06/2026 15:58,20.2,88.9,6.4,62,ENE,14.5,0,13,2.3,232,OK
12/06/2026 15:59,20.2,88.6,4.8,0,N,14.5,0,13,2.3,221.5,OK
12/06/2026 16:00,20.3,89.3,3.2,79,E,14.5,0,13,2.1,209.2,OK
12/06/2026 16:01,20.3,89.3,4.8,78,ENE,14.5,0,13,2.1,202.2,OK
12/06/2026 16:02,20.3,89,3.2,127,SE,14.5,0,13,2,200.4,OK
12/06/2026 16:03,20.3,88.8,6.4,52,NE,14.5,0,13,2,202.2,OK
12/06/2026 16:04,20.3,87.6,6.4,80,E,14.5,0,13,2,205.7,OK
12/06/2026 16:05,20.3,87.5,9.7,86,E,14.5,0,13,2,211,OK
12/06/2026 16:06,20.3,87.8,3.2,79,E,14.5,0,13,2,216.2,OK
12/06/2026 16:07,20.4,88.4,6.4,85,E,14.5,0,13,2,218,OK
12/06/2026 16:08,20.4,88.7,1.6,92,E,14.5,0,13,2,218,OK
12/06/2026 16:09,20.4,88.5,6.4,37,NE,14.5,0,13,2,218,OK
12/06/2026 16:10,20.4,87.8,4.8,89,E,14.5,0,13,2,216.2,OK
12/06/2026 16:11,20.5,87.5,8,82,E,14.5,0,13,2,214.5,OK
12/06/2026 16:12,20.5,87.6,4.8,40,NE,14.5,0,13,2,212.7,OK
12/06/2026 16:13,20.5,88.1,4.8,64,ENE,14.5,0,13,1.9,207.4,OK
12/06/2026 16:14,20.5,87.5,6.4,112,ESE,14.5,0,13,1.9,202.2,OK
12/06/2026 16:15,20.5,87.5,1.6,76,ENE,14.5,0,13,1.8,195.1,OK
12/06/2026 16:16,20.6,88.2,3.2,31,NNE,14.5,0,13,1.7,188.1,OK
12/06/2026 16:17,20.6,87.5,3.2,73,ENE,14.5,0,13,1.7,179.3,OK
12/06/2026 16:18,20.6,88.1,3.2,21,NNE,12.9,0,13,1.6,170.5,OK
12/06/2026 16:19,20.6,88.1,8,73,ENE,12.9,0,13,1.4,144.2,OK
12/06/2026 16:20,20.6,86.8,8,86,E,12.9,0,13,1.2,144.2,OK
12/06/2026 16:21,20.6,86.7,8,54,NE,12.9,0,13,1.1,121.3,OK
12/06/2026 16:22,20.6,86.1,4.8,85,E,12.9,0,13,1.1,112.5,OK
12/06/2026 16:23,20.6,86,8,44,NE,12.9,0,13,1,109,OK
12/06/2026 16:24,20.6,86.1,6.4,75,ENE,12.9,0,13,1,107.2,OK
12/06/2026 16:25,20.6,86.5,9.7,59,ENE,12.9,0,13,1,109,OK
12/06/2026 16:26,20.6,86.5,6.4,78,ENE,12.9,0,13,1.1,110.7,OK
12/06/2026 16:27,20.6,86.3,1.6,96,E,12.9,0,13,1.1,110.7,OK
12/06/2026 16:28,20.6,86.4,4.8,107,ESE,12.9,0,13,1.1,112.5,OK
12/06/2026 16:29,20.6,85.8,6.4,47,NE,12.9,0,13,1.1,112.5,OK
12/06/2026 16:30,20.6,86.2,6.4,133,SE,12.9,0,13,1.1,114.3,OK
12/06/2026 16:31,20.6,85.3,4.8,71,ENE,12.9,0,13,1.1,110.7,OK
12/06/2026 16:32,20.6,85.9,8,85,E,12.9,0,13,1,107.2,OK
12/06/2026 16:33,20.6,84.9,4.8,83,E,12.9,0,13,1,103.7,OK
12/06/2026 16:34,20.7,86,3.2,89,E,12.9,0,13,1,100.2,OK
12/06/2026 16:35,20.7,85.5,8,82,E,12.9,0,13,0.9,96.7,OK
12/06/2026 16:36,20.7,85.8,3.2,52,NE,12.9,0,13,0.9,89.7,OK
12/06/2026 16:37,20.7,85.5,4.8,85,E,12.9,0,13,0.8,87.9,OK
12/06/2026 16:38,20.7,85.7,4.8,66,ENE,12.9,0,13,0.8,84.4,OK
12/06/2026 16:39,20.7,85.6,3.2,72,ENE,12.9,0,13,0.8,79.1,OK
12/06/2026 16:40,20.7,86.1,4.8,68,ENE,12.9,0,13,0.7,75.6,OK
12/06/2026 16:41,20.7,85.7,6.4,69,ENE,12.9,0,13,0.7,70.3,OK
12/06/2026 16:42,20.7,85.8,6.4,66,ENE,12.9,0,13,0.7,65,OK
12/06/2026 16:43,20.8,85.2,8,64,ENE,12.9,0,13,0.6,61.5,OK
12/06/2026 16:44,20.8,84.1,1.6,88,E,12.9,0,13,0.6,58,OK
12/06/2026 16:45,20.8,85.2,1.6,97,E,11.3,0,13,0,54.5,OK
12/06/2026 16:46,20.8,85.4,4.8,68,ENE,11.3,0,13,0,49.2,OK
12/06/2026 16:47,20.8,84.1,4.8,116,ESE,9.7,0,13,0,38.7,OK
12/06/2026 16:48,20.8,84.4,8,88,E,9.7,0,13,0,35.2,OK
12/06/2026 16:49,20.8,84.1,9.7,71,ENE,9.7,0,13,0,33.4,OK
12/06/2026 16:50,20.8,83.2,8,76,ENE,9.7,0,13,0,33.4,OK
12/06/2026 16:51,20.9,82.9,3.2,69,ENE,9.7,0,13,0,33.4,OK
12/06/2026 16:52,20.9,83.3,1.6,72,ENE,9.7,0,13,0,35.2,OK
12/06/2026 16:53,20.9,82.5,3.2,76,ENE,9.7,0,13,0,40.4,OK
12/06/2026 16:54,20.9,83.2,3.2,52,NE,9.7,0,13,0,42.2,OK
12/06/2026 16:55,20.9,83.7,6.4,106,ESE,9.7,0,13,0,43.9,OK
12/06/2026 16:56,20.9,83.2,1.6,110,ESE,9.7,0,13,0,45.7,OK
12/06/2026 16:57,20.9,83.8,1.6,49,NE,9.7,0,13,0,45.7,OK
12/06/2026 16:58,20.9,83.3,6.4,93,E,9.7,0,13,0,45.7,OK
12/06/2026 16:59,21,82.5,4.8,103,ESE,9.7,0,13,0,42.2,OK
12/06/2026 17:00,21,82.4,6.4,109,ESE,8,0,13,0,42.2,OK
12/06/2026 17:01,21,82.4,6.4,89,E,8,0,13,0,40.4,OK
12/06/2026 17:02,21,83.6,3.2,137,SE,8,0,13,0,40.4,OK
12/06/2026 17:03,21,84.1,3.2,127,SE,8,0,13,0,38.7,OK
12/06/2026 17:04,21.1,84.7,3.2,120,ESE,8,0,13,0,38.7,OK
12/06/2026 17:05,21.1,84.3,3.2,109,ESE,8,0,13,0,40.4,OK
12/06/2026 17:06,21.1,83.9,1.6,110,ESE,8,0,13,0,42.2,OK
12/06/2026 17:07,21.1,84.3,1.6,160,SSE,9.7,0,13,0,42.2,OK
12/06/2026 17:08,21.1,83.2,1.6,243,WSW,9.7,0,13,0,43.9,OK
12/06/2026 17:09,21.1,82.8,6.4,160,SSE,9.7,0,13,0,43.9,OK
12/06/2026 17:10,21.1,82.6,8,158,SSE,9.7,0,13,0,42.2,OK
12/06/2026 17:11,21.1,82.3,8,152,SSE,11.3,0,13,0,40.4,OK
12/06/2026 17:12,21.1,81.9,6.4,150,SSE,11.3,0,13,0,40.4,OK
12/06/2026 17:13,21.1,81.8,4.8,155,SSE,12.9,0,13,0,38.7,OK
12/06/2026 17:14,21.1,80.6,14.5,165,SSE,12.9,0,13,0,38.7,OK
12/06/2026 17:15,21,79.7,8,219,SW,16.1,0,13,0,36.9,OK
12/06/2026 17:16,21,79.9,6.4,195,SSW,16.1,0,13,0,33.4,OK
12/06/2026 17:17,21,78.4,6.4,195,SSW,16.1,0,13,0,29.9,OK
12/06/2026 17:18,20.9,78.4,12.9,169,S,16.1,0,13,0,28.1,OK
12/06/2026 17:19,20.9,78.4,4.8,174,S,16.1,0,13,0,24.6,OK
12/06/2026 17:20,20.8,78.7,3.2,254,WSW,16.1,0,13,0,24.6,OK
12/06/2026 17:21,20.8,78.9,8,179,S,16.1,0,13,0,22.9,OK
12/06/2026 17:22,20.8,79.1,4.8,198,SSW,16.1,0,13,0,22.9,OK
12/06/2026 17:23,20.6,79,6.4,209,SSW,16.1,0,13,0,22.9,OK
12/06/2026 17:24,20.6,79.7,6.4,220,SW,16.1,0,13,0,22.9,OK
12/06/2026 17:25,20.5,80.5,4.8,223,SW,16.1,0,13,0,22.9,OK
12/06/2026 17:26,20.5,81.3,6.4,205,SSW,16.1,0,13,0,22.9,OK
12/06/2026 17:27,20.4,81.3,4.8,216,SW,16.1,0,13,0,22.9,OK
12/06/2026 17:28,20.4,81.6,1.6,227,SW,16.1,0,13,0,22.9,OK
12/06/2026 17:29,20.4,82,9.7,208,SSW,16.1,0,13,0,22.9,OK
12/06/2026 17:30,20.3,82.2,8,196,SSW,16.1,0,13,0,22.9,OK
12/06/2026 17:31,20.2,83,8,241,WSW,12.9,0,13,0,22.9,OK
12/06/2026 17:32,20.1,83.5,4.8,169,S,11.3,0,13,0,21.1,OK
12/06/2026 17:33,20.1,83.7,8,213,SSW,11.3,0,13,0,21.1,OK
12/06/2026 17:34,20.1,84,6.4,217,SW,11.3,0,13,0,21.1,OK
12/06/2026 17:35,20,84.6,4.8,233,SW,11.3,0,13,0,19.3,OK
12/06/2026 17:36,20,84.9,4.8,216,SW,11.3,0,13,0,19.3,OK
12/06/2026 17:37,19.9,85.3,6.4,217,SW,11.3,0,13,0,19.3,OK
12/06/2026 17:38,19.9,85.7,4.8,248,WSW,11.3,0,13,0,17.6,OK
12/06/2026 17:39,19.8,85.8,3.2,237,WSW,11.3,0,13,0,15.8,OK
12/06/2026 17:40,19.8,86,1.6,216,SW,11.3,0,13,0,15.8,OK
12/06/2026 17:41,19.8,86.4,4.8,251,WSW,11.3,0,13,0,15.8,OK
12/06/2026 17:42,19.8,86.9,8,253,WSW,11.3,0,13,0,14.1,OK
12/06/2026 17:43,19.7,86.8,4.8,243,WSW,11.3,0,13,0,14.1,OK
12/06/2026 17:44,19.7,87.1,3.2,271,W,11.3,0,13,0,14.1,OK
12/06/2026 17:45,19.7,87.3,1.6,234,SW,11.3,0,13,0,14.1,OK
12/06/2026 17:46,19.6,87.4,1.6,212,SSW,11.3,0,13,0,14.1,OK
12/06/2026 17:47,19.6,87.4,1.6,219,SW,11.3,0,13,0,14.1,OK
12/06/2026 17:48,19.6,87.4,3.2,176,S,11.3,0,13,0,14.1,OK
12/06/2026 17:49,19.6,87.5,1.6,219,SW,11.3,0,13,0,14.1,OK
12/06/2026 17:50,19.6,87.5,3.2,179,S,8,0,13,0,14.1,OK
12/06/2026 17:51,19.6,87.3,0,217,SW,8,0,13,0,14.1,OK
12/06/2026 17:52,19.6,87.4,3.2,174,S,6.4,0,13,0,14.1,OK
12/06/2026 17:53,19.6,87.3,0,174,S,4.8,0,13,0,14.1,OK
12/06/2026 17:54,19.6,87.6,1.6,188,S,4.8,0,13,0,14.1,OK
12/06/2026 17:55,19.6,87.4,0,203,SSW,4.8,0,13,0,12.3,OK
12/06/2026 17:56,19.6,87.6,1.6,175,S,4.8,0,13,0,12.3,OK
12/06/2026 17:57,19.5,87.4,3.2,157,SSE,4.8,0,13,0,12.3,OK
12/06/2026 17:58,19.6,87.3,0,157,SSE,4.8,0,13,0,12.3,OK
12/06/2026 17:59,19.6,87.1,0,157,SSE,4.8,0,13,0,12.3,OK
12/06/2026 18:00,19.5,86.9,0,157,SSE,3.2,0,13,0,12.3,OK
12/06/2026 18:01,19.5,86.8,0,157,SSE,3.2,0,13,0,12.3,OK
12/06/2026 18:02,19.5,87.1,0,157,SSE,3.2,0,13,0,12.3,OK
12/06/2026 18:03,19.5,87.4,0,157,SSE,3.2,0,13,0,12.3,OK
12/06/2026 18:04,19.5,87.8,1.6,185,S,3.2,0,13,0,12.3,OK
12/06/2026 18:05,19.5,85.5,1.6,200,SSW,4.8,0,13,0,12.3,OK
12/06/2026 18:06,19.4,83.2,1.6,200,SSW,4.8,0,13,0,12.3,OK
12/06/2026 18:07,19.4,84.3,0,200,SSW,4.8,0,13,0,12.3,OK
12/06/2026 18:08,19.4,84.8,0,200,SSW,4.8,0,13,0,12.3,OK
12/06/2026 18:09,19.4,85.1,0,200,SSW,4.8,0,13,0,12.3,OK
12/06/2026 18:10,19.3,85,0,200,SSW,4.8,0,13,0,10.5,OK
12/06/2026 18:11,19.3,84.7,0,200,SSW,4.8,0,13,0,10.5,OK
12/06/2026 18:12,19.3,84.1,0,205,SSW,4.8,0,13,0,10.5,OK
12/06/2026 18:13,19.3,84.3,0,205,SSW,4.8,0,13,0,10.5,OK
12/06/2026 18:14,19.3,84.5,0,205,SSW,3.2,0,13,0,10.5,OK
12/06/2026 18:15,19.3,85.2,0,205,SSW,1.6,0,13,0,10.5,OK
12/06/2026 18:16,19.3,85.3,0,205,SSW,1.6,0,13,0,10.5,OK
12/06/2026 18:17,19.3,85.6,0,212,SSW,1.6,0,13,0,10.5,OK
12/06/2026 18:18,19.3,86.4,0,213,SSW,0,0,13,0,10.5,OK
12/06/2026 18:19,19.3,86.3,0,219,SW,0,0,13,0,8.8,OK
12/06/2026 18:20,19.3,85.6,0,251,WSW,1.6,0,13,0,8.8,OK
12/06/2026 18:21,19.3,85.7,0,251,WSW,1.6,0,13,0,8.8,OK
12/06/2026 18:22,19.3,86,0,251,WSW,1.6,0,13,0,8.8,OK
12/06/2026 18:23,19.2,85.8,0,263,W,1.6,0,13,0,8.8,OK
12/06/2026 18:24,19.1,85.7,0,263,W,1.6,0,13,0,8.8,OK
12/06/2026 18:25,19.1,86.1,0,263,W,1.6,0,13,0,7,OK
12/06/2026 18:26,19.1,86.9,0,263,W,1.6,0,13,0,7,OK
12/06/2026 18:27,19.1,87.3,0,263,W,1.6,0,13,0,7,OK
12/06/2026 18:28,19.1,87.5,0,263,W,1.6,0,13,0,7,OK
12/06/2026 18:29,19.1,87.8,0,263,W,0,0,13,0,7,OK
12/06/2026 18:30,19.1,88.1,0,263,W,0,0,13,0,7,OK
12/06/2026 18:31,19.1,88.2,0,263,W,0,0,13,0,7,OK
12/06/2026 18:32,19.1,88.4,0,263,W,0,0,13,0,7,OK
12/06/2026 18:33,19,88.7,1.6,78,ENE,3.2,0,13,0,7,OK
12/06/2026 18:34,19.1,89.1,1.6,69,ENE,3.2,0,13,0,7,OK
12/06/2026 18:35,19,89.2,1.6,56,ENE,3.2,0,13,0,7,OK
12/06/2026 18:36,19,89.4,4.8,88,E,4.8,0,13,0,7,OK
12/06/2026 18:38,19,89.6,1.6,78,ENE,6.4,0,13,0,7,OK
12/06/2026 18:39,19,89.9,4.8,100,E,6.4,0,13,0,7,OK
12/06/2026 18:40,19,89.8,3.2,79,E,6.4,0,13,0,5.3,OK
12/06/2026 18:41,19,89.3,3.2,61,ENE,6.4,0,13,0,5.3,OK
12/06/2026 18:42,18.9,89.2,8,80,E,6.4,0,13,0,5.3,OK
12/06/2026 18:43,18.9,88.8,4.8,85,E,8,0,13,0,5.3,OK
12/06/2026 18:44,18.8,89.1,3.2,38,NE,8,0,13,0,5.3,OK
12/06/2026 18:45,18.8,89.2,8,92,E,9.7,0,13,0,5.3,OK
12/06/2026 18:46,18.7,89.1,4.8,48,NE,9.7,0,13,0,5.3,OK
12/06/2026 18:47,18.6,89.3,1.6,106,ESE,9.7,0,13,0,5.3,OK
12/06/2026 18:48,18.6,89.5,4.8,48,NE,9.7,0,13,0,5.3,OK
12/06/2026 18:49,18.6,89.7,3.2,66,ENE,9.7,0,13,0,3.5,OK
12/06/2026 18:50,18.5,89.8,3.2,24,NNE,9.7,0,13,0,3.5,OK
12/06/2026 18:51,18.5,89.6,3.2,83,E,9.7,0,13,0,3.5,OK
12/06/2026 18:52,18.5,90,3.2,92,E,9.7,0,13,0,3.5,OK
12/06/2026 18:53,18.4,90.2,1.6,62,ENE,9.7,0,13,0,3.5,OK
12/06/2026 18:54,18.4,90.6,1.6,79,E,9.7,0,13,0,1.8,OK
12/06/2026 18:55,18.4,90.7,1.6,72,ENE,8,0,13,0,1.8,OK
12/06/2026 18:56,18.4,90.9,1.6,58,ENE,6.4,0,13,0,1.8,OK
12/06/2026 18:57,18.4,91.1,1.6,86,E,6.4,0,13,0,1.8,OK
12/06/2026 18:58,18.4,91.5,0,360,N,6.4,0,13,0,1.8,OK
12/06/2026 18:59,18.4,91.5,1.6,45,NE,6.4,0,13,0,1.8,OK
12/06/2026 19:00,18.4,91.6,3.2,95,E,8,0,13,0,0,OK
12/06/2026 19:01,18.4,91.5,0,62,ENE,8,0,13,0,0,OK
12/06/2026 19:02,18.4,91.6,3.2,35,NE,8,0,13,0,0,OK
12/06/2026 19:03,18.4,91.6,0,35,NE,8,0,13,0,0,OK
12/06/2026 19:04,18.4,91.6,0,20,NNE,8,0,13,0,0,OK
12/06/2026 19:05,18.4,91.5,4.8,92,E,9.7,0,13,0,0,OK
12/06/2026 19:06,18.4,91.6,3.2,97,E,9.7,0,13,0,0,OK
12/06/2026 19:07,18.4,91.6,3.2,69,ENE,9.7,0,13,0,0,OK
12/06/2026 19:08,18.4,91.7,1.6,80,E,9.7,0,13,0,0,OK
12/06/2026 19:09,18.4,91.7,1.6,90,E,9.7,0,13,0,0,OK
12/06/2026 19:10,18.4,91.6,3.2,66,ENE,9.7,0,13,0,0,OK
12/06/2026 19:11,18.4,91.6,3.2,68,ENE,9.7,0,13,0,0,OK
12/06/2026 19:12,18.4,91.5,1.6,66,ENE,9.7,0,13,0,0,OK
12/06/2026 19:13,18.4,91.5,1.6,322,NW,9.7,0,13,0,0,OK
12/06/2026 19:14,18.4,91.6,6.4,0,N,8,0,13,0,0,OK
12/06/2026 19:15,18.4,91.7,1.6,346,NNW,8,0,13,0,0,OK
12/06/2026 19:16,18.4,91.7,4.8,349,NNW,8,0,13,0,0,OK
12/06/2026 19:17,18.4,91.7,3.2,342,NNW,8,0,13,0,0,OK
12/06/2026 19:18,18.4,91.7,1.6,52,NE,8,0,13,0,0,OK
12/06/2026 19:19,18.4,91.8,1.6,62,ENE,6.4,0,13,0,0,OK
12/06/2026 19:20,18.4,91.8,0,41,NE,6.4,0,13,0,0,OK
12/06/2026 19:21,18.4,91.9,3.2,65,ENE,6.4,0,13,0,0,OK
12/06/2026 19:22,18.4,91.9,3.2,76,ENE,6.4,0,13,0,0,OK
12/06/2026 19:23,18.4,91.8,0,24,NNE,6.4,0,13,0,0,OK
12/06/2026 19:24,18.4,91.9,6.4,54,NE,6.4,0,13,0,0,OK
12/06/2026 19:25,18.4,91.9,0,71,ENE,6.4,0,13,0,0,OK
12/06/2026 19:26,18.4,92,4.8,51,NE,6.4,0,13,0,0,OK
12/06/2026 19:27,18.3,91.9,3.2,54,NE,6.4,0,13,0,0,OK
12/06/2026 19:28,18.3,91.9,6.4,93,E,6.4,0,13,0,0,OK
12/06/2026 19:29,18.4,91.9,4.8,51,NE,6.4,0,13,0,0,OK
12/06/2026 19:30,18.3,91.9,3.2,85,E,6.4,0,13,0,0,OK
12/06/2026 19:31,18.3,91.7,4.8,360,N,6.4,0,13,0,0,OK
12/06/2026 19:32,18.3,91.7,3.2,82,E,6.4,0,13,0,0,OK
12/06/2026 19:33,18.3,91.7,3.2,95,E,11.3,0,13,0,0,OK
12/06/2026 19:34,18.3,91.5,8,71,ENE,11.3,0,13,0,0,OK
12/06/2026 19:35,18.3,91.5,1.6,85,E,11.3,0,13,0,0,OK
12/06/2026 19:36,18.3,91.6,6.4,82,E,11.3,0,13,0,0,OK
12/06/2026 19:37,18.3,91.6,4.8,47,NE,11.3,0,13,0,0,OK
12/06/2026 19:38,18.3,91.4,9.7,72,ENE,11.3,0,13,0,0,OK
12/06/2026 19:39,18.3,91.4,3.2,37,NE,11.3,0,13,0,0,OK
12/06/2026 19:40,18.3,91.4,4.8,42,NE,11.3,0,13,0,0,OK
12/06/2026 19:41,18.3,91.3,3.2,95,E,11.3,0,13,0,0,OK
12/06/2026 19:42,18.3,91.4,1.6,100,E,11.3,0,13,0,0,OK
12/06/2026 19:43,18.3,91.4,6.4,95,E,11.3,0,13,0,0,OK
12/06/2026 19:44,18.3,91.5,3.2,92,E,11.3,0,13,0,0,OK
12/06/2026 19:45,18.3,91.3,6.4,79,E,11.3,0,13,0,0,OK
12/06/2026 19:46,18.3,91.6,4.8,86,E,11.3,0,13,0,0,OK
12/06/2026 19:47,18.3,91.4,3.2,61,ENE,11.3,0,13,0,0,OK
12/06/2026 19:48,18.3,91.4,4.8,80,E,11.3,0,13,0,0,OK
12/06/2026 19:49,18.3,91.6,4.8,66,ENE,11.3,0,13,0,0,OK
12/06/2026 19:50,18.4,91.3,6.4,23,NNE,11.3,0,13,0,0,OK
12/06/2026 19:51,18.4,91.2,8,82,E,11.3,0,13,0,0,OK
12/06/2026 19:52,18.4,91.2,3.2,96,E,11.3,0,13,0,0,OK
12/06/2026 19:53,18.4,91.4,1.6,107,ESE,11.3,0,13,0,0,OK
12/06/2026 19:54,18.4,91.5,4.8,103,ESE,11.3,0,13,0,0,OK
12/06/2026 19:55,18.4,91.5,4.8,79,E,11.3,0,13,0,0,OK
12/06/2026 19:56,18.4,91.4,0,69,ENE,11.3,0,13,0,0,OK
12/06/2026 19:57,18.5,91.4,1.6,126,SE,11.3,0,13,0,0,OK
12/06/2026 19:58,18.5,91.6,1.6,100,E,9.7,0,13,0,0,OK
12/06/2026 19:59,18.5,91.6,1.6,128,SE,8,0,13,0,0,OK
12/06/2026 20:00,18.5,91.6,1.6,107,ESE,6.4,0,13,0,0,OK
12/06/2026 20:01,18.5,91.4,4.8,104,ESE,6.4,0,13,0,0,OK
12/06/2026 20:02,18.5,90.9,4.8,79,E,6.4,0,13,0,0,OK
12/06/2026 20:03,18.5,90.7,4.8,90,E,8,0,13,0,0,OK
12/06/2026 20:04,18.5,90.5,4.8,106,ESE,8,0,13,0,0,OK
12/06/2026 20:05,18.6,90.2,3.2,121,ESE,8,0,13,0,0,OK
12/06/2026 20:06,18.5,90.2,1.6,99,E,8,0,13,0,0,OK
12/06/2026 20:07,18.5,90.5,0,92,E,8,0,13,0,0,OK
12/06/2026 20:08,18.6,90.5,0,92,E,8,0,13,0,0,OK
12/06/2026 20:09,18.6,90.6,0,107,ESE,8,0,13,0,0,OK
12/06/2026 20:10,18.6,90.8,3.2,112,ESE,8,0,13,0,0,OK
12/06/2026 20:11,18.6,91,0,112,ESE,8,0,13,0,0,OK
12/06/2026 20:12,18.7,91.1,1.6,112,ESE,6.4,0,13,0,0,OK
12/06/2026 20:13,18.7,91.5,0,152,SSE,4.8,0,13,0,0,OK
12/06/2026 20:14,18.8,91.8,4.8,155,SSE,6.4,0,13,0,0,OK
12/06/2026 20:15,18.8,92,6.4,140,SE,6.4,0,13,0,0,OK
12/06/2026 20:16,18.8,92,4.8,160,SSE,8,0,13,0,0,OK
12/06/2026 20:17,18.8,92.1,6.4,169,S,8,0,13,0,0,OK
12/06/2026 20:18,18.9,92,6.4,188,S,8,0,13,0,0,OK
12/06/2026 20:19,18.9,92.1,8,162,SSE,8,0,13,0,0,OK
12/06/2026 20:20,18.9,91.9,6.4,229,SW,8,0,13,0,0,OK
12/06/2026 20:21,18.9,91.8,4.8,217,SW,12.9,0,13,0,0,OK
12/06/2026 20:22,18.9,91.8,6.4,191,S,12.9,0,13,0,0,OK
12/06/2026 20:23,18.9,91.7,8,199,SSW,12.9,0,13,0,0,OK
12/06/2026 20:24,18.9,91.3,8,210,SSW,12.9,0,13,0,0,OK
12/06/2026 20:25,18.9,91.1,6.4,209,SSW,12.9,0,13,0,0,OK
12/06/2026 20:26,18.9,91,4.8,248,WSW,12.9,0,13,0,0,OK
12/06/2026 20:27,18.9,91.1,6.4,220,SW,12.9,0,13,0,0,OK
12/06/2026 20:28,18.8,91.1,6.4,267,W,12.9,0,13,0,0,OK
12/06/2026 20:29,18.8,91.2,3.2,205,SSW,12.9,0,13,0,0,OK
12/06/2026 20:30,18.8,91.3,6.4,229,SW,12.9,0,13,0,0,OK
12/06/2026 20:31,18.8,91.2,3.2,246,WSW,12.9,0,13,0,0,OK
12/06/2026 20:32,18.8,91.1,4.8,217,SW,12.9,0,13,0,0,OK
12/06/2026 20:33,18.7,91.2,4.8,223,SW,12.9,0,13,0,0,OK
12/06/2026 20:34,18.7,91,6.4,243,WSW,12.9,0,13,0,0,OK
12/06/2026 20:35,18.6,91,0,213,SSW,12.9,0,13,0,0,OK
12/06/2026 20:36,18.6,90.9,6.4,239,WSW,11.3,0,13,0,0,OK
12/06/2026 20:37,18.5,90.9,3.2,239,WSW,11.3,0,13,0,0,OK
12/06/2026 20:38,18.5,91,1.6,216,SW,11.3,0,13,0,0,OK
12/06/2026 20:39,18.5,91.2,8,208,SSW,11.3,0,13,0,0,OK
12/06/2026 20:40,18.5,91.1,1.6,208,SSW,11.3,0,13,0,0,OK
12/06/2026 20:41,18.5,91.5,3.2,209,SSW,11.3,0,13,0,0,OK
12/06/2026 20:42,18.5,91.3,4.8,178,S,11.3,0,13,0,0,OK
12/06/2026 20:43,18.5,91.5,1.6,213,SSW,11.3,0,13,0,0,OK
12/06/2026 20:44,18.4,91.6,0,216,SW,11.3,0,13,0,0,OK
12/06/2026 20:45,18.4,91.6,3.2,222,SW,11.3,0,13,0,0,OK
12/06/2026 20:46,18.4,91.7,4.8,216,SW,11.3,0,13,0,0,OK
12/06/2026 20:47,18.4,91.7,1.6,184,S,11.3,0,13,0,0,OK
12/06/2026 20:48,18.4,91.7,3.2,203,SSW,9.7,0,13,0,0,OK
12/06/2026 20:49,18.4,91.8,6.4,186,S,9.7,0,13,0,0,OK
12/06/2026 20:50,18.3,91.6,3.2,172,S,8,0,13,0,0,OK
12/06/2026 20:51,18.3,91.4,4.8,212,SSW,8,0,13,0,0,OK
12/06/2026 20:52,18.3,91.5,1.6,185,S,8,0,13,0,0,OK
12/06/2026 20:53,18.3,91.5,3.2,233,SW,8,0,13,0,0,OK
12/06/2026 20:54,18.3,91.6,3.2,223,SW,8,0,13,0,0,OK
12/06/2026 20:55,18.2,91.7,1.6,209,SSW,8,0,13,0,0,OK
12/06/2026 20:56,18.2,91.9,0,209,SSW,8,0,13,0,0,OK
12/06/2026 20:57,18.2,92,4.8,233,SW,8,0,13,0,0,OK
12/06/2026 20:58,18.2,92,1.6,210,SSW,8,0,13,0,0,OK
12/06/2026 20:59,18.1,92.1,3.2,167,SSE,8,0,13,0,0,OK
12/06/2026 21:00,18.2,92.2,3.2,220,SW,8,0,13,0,0,OK
12/06/2026 21:01,18.1,92.2,1.6,198,SSW,8,0,13,0,0,OK
12/06/2026 21:02,18.1,92.3,1.6,205,SSW,8,0,13,0,0,OK
12/06/2026 21:03,18.1,92.5,0,219,SW,8,0,13,0,0,OK
12/06/2026 21:04,18.1,92.6,0,212,SSW,8,0,13,0,0,OK
12/06/2026 21:05,18.1,92.6,4.8,179,S,8,0,13,0,0,OK
12/06/2026 21:06,18.1,92.5,0,198,SSW,8,0,13,0,0,OK
12/06/2026 21:07,18.1,92.5,3.2,212,SSW,6.4,0,13,0,0,OK
12/06/2026 21:08,18.1,92.6,3.2,202,SSW,6.4,0,13,0,0,OK
12/06/2026 21:09,18.1,92.6,4.8,185,S,8,0,13,0,0,OK
12/06/2026 21:10,18.1,92.6,4.8,205,SSW,8,0,13,0,0,OK
12/06/2026 21:11,18.1,92.6,3.2,182,S,8,0,13,0,0,OK
12/06/2026 21:12,18.1,92.5,1.6,209,SSW,8,0,13,0,0,OK
12/06/2026 21:13,18.1,92.7,1.6,169,S,8,0,13,0,0,OK
12/06/2026 21:14,18.1,92.8,4.8,185,S,8,0,13,0,0,OK
12/06/2026 21:15,18.1,92.7,3.2,215,SW,8,0,13,0,0,OK
12/06/2026 21:16,18.1,92.7,1.6,195,SSW,8,0,13,0,0,OK
12/06/2026 21:17,18.1,92.7,3.2,200,SSW,8,0,13,0,0,OK
12/06/2026 21:18,18.1,92.8,3.2,209,SSW,8,0,13,0,0,OK
12/06/2026 21:19,18.1,92.8,3.2,206,SSW,8,0,13,0,0,OK
12/06/2026 21:20,18.1,92.9,1.6,222,SW,8,0,13,0,0,OK
12/06/2026 21:21,18.1,92.9,4.8,202,SSW,8,0,13,0,0,OK
12/06/2026 21:22,18.1,93,4.8,227,SW,8,0,13,0,0,OK
12/06/2026 21:23,18,93,3.2,208,SSW,8,0,13,0,0,OK
12/06/2026 21:24,18,92.8,3.2,209,SSW,8,0,13,0,0,OK
12/06/2026 21:25,18,92.8,3.2,203,SSW,6.4,0,13,0,0,OK
12/06/2026 21:26,18,92.9,4.8,176,S,8,0,13,0,0,OK
12/06/2026 21:27,18,92.8,1.6,217,SW,8,0,13,0,0,OK
12/06/2026 21:28,18,92.8,6.4,198,SSW,8,0,13,0,0,OK
12/06/2026 21:29,18,92.8,6.4,208,SSW,8,0,13,0,0,OK
12/06/2026 21:30,18,92.9,1.6,234,SW,8,0,13,0,0,OK
12/06/2026 21:31,18,92.9,3.2,217,SW,8,0,13,0,0,OK
12/06/2026 21:32,18,92.9,3.2,224,SW,8,0,13,0,0,OK
12/06/2026 21:33,18,92.9,3.2,257,WSW,8,0,13,0,0,OK
12/06/2026 21:34,18,93,3.2,248,WSW,8,0,13,0,0,OK
12/06/2026 21:35,18,93,3.2,215,SW,8,0,13,0,0,OK
12/06/2026 21:36,18,93.1,1.6,210,SSW,8,0,13,0,0,OK
12/06/2026 21:37,18,93.2,0,208,SSW,8,0,13,0,0,OK
12/06/2026 21:38,18,93.2,3.2,220,SW,8,0,13,0,0,OK
12/06/2026 21:39,18,93.2,1.6,203,SSW,8,0,13,0,0,OK
12/06/2026 21:40,18,93.3,0,213,SSW,8,0,13,0,0,OK
12/06/2026 21:41,18,93.2,1.6,216,SW,6.4,0,13,0,0,OK
12/06/2026 21:42,18,93.3,3.2,243,WSW,4.8,0,13,0,0,OK
12/06/2026 21:43,18,93.2,1.6,229,SW,4.8,0,13,0,0,OK
12/06/2026 21:44,18,93.3,1.6,247,WSW,4.8,0,13,0,0,OK
12/06/2026 21:45,18,93.3,0,216,SW,4.8,0,13,0,0,OK
12/06/2026 21:46,18,93.3,0,217,SW,4.8,0,13,0,0,OK
12/06/2026 21:47,18,93.3,1.6,220,SW,4.8,0,13,0,0,OK
12/06/2026 21:48,18.1,93.3,1.6,239,WSW,4.8,0,13,0,0,OK
12/06/2026 21:49,18,93.3,1.6,205,SSW,4.8,0,13,0,0,OK
12/06/2026 21:50,18.1,93.3,0,223,SW,6.4,0,13,0,0,OK
12/06/2026 21:51,18.1,93.3,1.6,179,S,6.4,0,13,0,0,OK
12/06/2026 21:52,18.1,93.4,0,222,SW,6.4,0,13,0,0,OK
12/06/2026 21:53,18.1,93.4,0,203,SSW,6.4,0,13,0,0,OK
12/06/2026 21:54,18.1,93.4,3.2,248,WSW,6.4,0,13,0,0,OK
12/06/2026 21:55,18.1,93.4,3.2,239,WSW,6.4,0,13,0,0,OK
12/06/2026 21:56,18.1,93.3,3.2,234,SW,6.4,0,13,0,0,OK
12/06/2026 21:57,18.1,93.3,0,210,SSW,6.4,0,13,0,0,OK
12/06/2026 21:58,18.1,93.3,1.6,210,SSW,6.4,0,13,0,0,OK
12/06/2026 21:59,18.1,93.3,1.6,172,S,4.8,0,13,0,0,OK
12/06/2026 22:00,18.1,93.4,0,209,SSW,4.8,0,13,0,0,OK
12/06/2026 22:01,18.1,93.4,0,209,SSW,4.8,0,13,0,0,OK
12/06/2026 22:02,18.1,93.5,0,209,SSW,4.8,0,13,0,0,OK
12/06/2026 22:03,18.1,93.4,0,193,SSW,3.2,0,13,0,0,OK
12/06/2026 22:04,18.1,93.4,0,168,SSE,3.2,0,13,0,0,OK
12/06/2026 22:05,18.1,93.5,0,168,SSE,3.2,0,13,0,0,OK
12/06/2026 22:06,18.1,93.3,0,168,SSE,3.2,0,13,0,0,OK
12/06/2026 22:07,18.1,93.6,1.6,161,SSE,3.2,0,13,0,0,OK
12/06/2026 22:08,18.1,93.4,0,152,SSE,4.8,0,13,0,0,OK
12/06/2026 22:09,18.1,93.6,0,152,SSE,4.8,0,13,0,0,OK
12/06/2026 22:10,18.1,93.6,0,152,SSE,4.8,0,13,0,0,OK
12/06/2026 22:11,18.1,93.5,0,152,SSE,4.8,0,13,0,0,OK
12/06/2026 22:12,18.1,93.5,0,160,SSE,4.8,0,13,0,0,OK
12/06/2026 22:13,18.1,93.6,0,185,S,4.8,0,13,0,0,OK
12/06/2026 22:14,18.1,93.6,0,185,S,4.8,0,13,0,0,OK
12/06/2026 22:15,18.1,93.6,0,151,SSE,4.8,0,13,0,0,OK
12/06/2026 22:16,18.2,93.5,0,174,S,4.8,0,13,0,0,OK
12/06/2026 22:17,18.1,93.5,3.2,171,S,3.2,0,13,0,0,OK
12/06/2026 22:18,18.2,93.4,3.2,165,SSE,4.8,0,13,0,0,OK
12/06/2026 22:19,18.1,93.2,3.2,152,SSE,4.8,0,13,0,0,OK
12/06/2026 22:20,18.1,93.1,0,161,SSE,4.8,0,13,0,0,OK
12/06/2026 22:21,18.2,93.1,0,161,SSE,4.8,0,13,0,0,OK
12/06/2026 22:22,18.1,93.3,0,165,SSE,4.8,0,13,0,0,OK
12/06/2026 22:23,18.2,93.4,0,165,SSE,4.8,0,13,0,0,OK
12/06/2026 22:24,18.2,93.4,0,165,SSE,4.8,0,13,0,0,OK
12/06/2026 22:25,18.2,93.5,0,195,SSW,4.8,0,13,0,0,OK
12/06/2026 22:26,18.2,93.4,0,176,S,4.8,0,13,0,0,OK
12/06/2026 22:27,18.2,93.4,0,178,S,4.8,0,13,0,0,OK
12/06/2026 22:28,18.2,93.3,0,178,S,4.8,0,13,0,0,OK
12/06/2026 22:29,18.2,93.3,0,178,S,3.2,0,13,0,0,OK
12/06/2026 22:30,18.2,93.4,0,178,S,3.2,0,13,0,0,OK
12/06/2026 22:31,18.2,93.3,0,178,S,3.2,0,13,0,0,OK
12/06/2026 22:32,18.2,93.3,0,178,S,3.2,0,13,0,0,OK
12/06/2026 22:33,18.2,93.1,0,144,SE,3.2,0,13,0,0,OK
12/06/2026 22:34,18.2,93,0,154,SSE,3.2,0,13,0,0,OK
12/06/2026 22:35,18.1,93,0,154,SSE,3.2,0,13,0,0,OK
12/06/2026 22:36,18.1,92.9,0,179,S,3.2,0,13,0,0,OK
12/06/2026 22:37,18.1,93,0,158,SSE,3.2,0,13,0,0,OK
12/06/2026 22:38,18.1,92.9,0,150,SSE,3.2,0,13,0,0,OK
12/06/2026 22:39,18.2,93,0,172,S,3.2,0,13,0,0,OK
12/06/2026 22:40,18.1,92.9,0,172,S,3.2,0,13,0,0,OK
12/06/2026 22:41,18.1,92.9,0,191,S,3.2,0,13,0,0,OK
12/06/2026 22:42,18.1,92.8,1.6,181,S,4.8,0,13,0,0,OK
12/06/2026 22:43,18.1,92.9,0,181,S,4.8,0,13,0,0,OK
12/06/2026 22:44,18.1,92.9,0,196,SSW,4.8,0,13,0,0,OK
12/06/2026 22:45,18.1,92.9,0,203,SSW,4.8,0,13,0,0,OK
12/06/2026 22:46,18.2,92.9,0,191,S,4.8,0,13,0,0,OK
12/06/2026 22:47,18.2,93,0,174,S,4.8,0,13,0,0,OK
12/06/2026 22:48,18.1,92.7,0,174,S,4.8,0,13,0,0,OK
12/06/2026 22:49,18.1,92.7,0,174,S,4.8,0,13,0,0,OK
12/06/2026 22:50,18.1,92.6,0,174,S,4.8,0,13,0,0,OK
12/06/2026 22:51,18.1,92.7,0,174,S,3.2,0,13,0,0,OK
12/06/2026 22:52,18.1,92.7,0,174,S,3.2,0,13,0,0,OK
12/06/2026 22:53,18.1,92.7,0,174,S,1.6,0,13,0,0,OK
12/06/2026 22:54,18.1,92.8,0,174,S,1.6,0,13,0,0,OK
12/06/2026 22:55,18.2,92.7,0,174,S,1.6,0,13,0,0,OK
12/06/2026 22:56,18.1,92.6,0,174,S,1.6,0,13,0,0,OK
12/06/2026 22:57,18.1,92.5,0,174,S,1.6,0,13,0,0,OK
12/06/2026 22:58,18.1,92.6,0,174,S,0,0,13,0,0,OK
12/06/2026 22:59,18.1,92.7,0,174,S,0,0,13,0,0,OK
12/06/2026 23:00,18.1,92.6,0,174,S,0,0,13,0,0,OK
12/06/2026 23:01,18.1,92.7,0,174,S,0,0,13,0,0,OK
12/06/2026 23:02,18.1,92.7,0,174,S,0,0,13,0,0,OK
12/06/2026 23:03,18.1,92.7,0,174,S,0,0,13,0,0,OK
12/06/2026 23:04,18.1,92.6,0,174,S,0,0,13,0,0,OK
12/06/2026 23:05,18.1,92.6,0,174,S,0,0,13,0,0,OK
12/06/2026 23:06,18.1,92.7,0,174,S,0,0,13,0,0,OK
12/06/2026 23:07,18.1,92.7,0,174,S,0,0,13,0,0,OK
12/06/2026 23:08,18.1,92.8,0,174,S,0,0,13,0,0,OK
12/06/2026 23:09,18.1,92.8,0,174,S,0,0,13,0,0,OK
12/06/2026 23:10,18.1,92.7,0,174,S,0,0,13,0,0,OK
12/06/2026 23:11,18,92.6,0,174,S,0,0,13,0,0,OK
12/06/2026 23:12,18.1,92.7,0,174,S,0,0,13,0,0,OK
12/06/2026 23:13,18.1,92.7,0,174,S,0,0,13,0,0,OK
12/06/2026 23:14,18.1,92.7,0,174,S,0,0,13,0,0,OK
12/06/2026 23:15,18.1,92.8,0,174,S,0,0,13,0,0,OK
12/06/2026 23:16,18.1,92.9,0,174,S,0,0,13,0,0,OK
12/06/2026 23:17,18.1,93,0,174,S,0,0,13,0,0,OK
12/06/2026 23:18,18.1,92.9,0,174,S,0,0,13,0,0,OK
12/06/2026 23:19,18.1,92.9,0,174,S,0,0,13,0,0,OK
12/06/2026 23:20,18.1,92.9,0,174,S,0,0,13,0,0,OK
12/06/2026 23:21,18.1,92.9,0,217,SW,0,0,13,0,0,OK
12/06/2026 23:22,18.1,93,0,217,SW,0,0,13,0,0,OK
12/06/2026 23:23,18.1,92.8,0,230,SW,0,0,13,0,0,OK
12/06/2026 23:24,18.1,92.8,0,230,SW,0,0,13,0,0,OK
12/06/2026 23:25,18.1,92.8,0,230,SW,0,0,13,0,0,OK
12/06/2026 23:26,18.1,92.9,0,230,SW,0,0,13,0,0,OK
12/06/2026 23:27,18.1,92.9,0,230,SW,0,0,13,0,0,OK
12/06/2026 23:28,18.1,92.9,0,223,SW,0,0,13,0,0,OK
12/06/2026 23:29,18.1,93,0,223,SW,0,0,13,0,0,OK
12/06/2026 23:30,18.1,93.1,0,223,SW,0,0,13,0,0,OK
12/06/2026 23:31,18.1,93.1,0,223,SW,0,0,13,0,0,OK
12/06/2026 23:32,18.1,93.1,0,208,SSW,0,0,13,0,0,OK
12/06/2026 23:33,18.1,93,0,208,SSW,0,0,13,0,0,OK
12/06/2026 23:34,18.2,93.1,0,208,SSW,0,0,13,0,0,OK
12/06/2026 23:35,18.2,93,0,208,SSW,0,0,13,0,0,OK
12/06/2026 23:36,18.2,93,0,208,SSW,0,0,13,0,0,OK
12/06/2026 23:37,18.2,93,0,208,SSW,0,0,13,0,0,OK
12/06/2026 23:38,18.2,93,0,208,SSW,0,0,13,0,0,OK
12/06/2026 23:39,18.2,92.9,0,208,SSW,0,0,13,0,0,OK
12/06/2026 23:40,18.2,92.9,0,208,SSW,0,0,13,0,0,OK
12/06/2026 23:41,18.2,93,0,208,SSW,0,0,13,0,0,OK
12/06/2026 23:42,18.2,93,0,208,SSW,0,0,13,0,0,OK
12/06/2026 23:43,18.2,92.9,0,208,SSW,0,0,13,0,0,OK
12/06/2026 23:44,18.2,93,0,208,SSW,0,0,13,0,0,OK
12/06/2026 23:45,18.2,93,0,208,SSW,0,0,13,0,0,OK
12/06/2026 23:46,18.2,93,0,208,SSW,0,0,13,0,0,OK
12/06/2026 23:47,18.2,93,0,208,SSW,0,0,13,0,0,OK
12/06/2026 23:48,18.2,93,0,208,SSW,0,0,13,0,0,OK
12/06/2026 23:49,18.2,93.1,0,208,SSW,0,0,13,0,0,OK
12/06/2026 23:50,18.3,93.1,0,208,SSW,0,0,13,0,0,OK
12/06/2026 23:51,18.2,93.1,0,208,SSW,0,0,13,0,0,OK
12/06/2026 23:52,18.3,93.1,0,208,SSW,0,0,13,0,0,OK
12/06/2026 23:53,18.2,93.1,0,208,SSW,0,0,13,0,0,OK
12/06/2026 23:54,18.3,93,0,208,SSW,0,0,13,0,0,OK
12/06/2026 23:55,18.3,93,0,208,SSW,0,0,13,0,0,OK
12/06/2026 23:56,18.2,93,0,208,SSW,0,0,13,0,0,OK
12/06/2026 23:57,18.2,93,0,208,SSW,0,0,13,0,0,OK
12/06/2026 23:58,18.3,93.1,0,208,SSW,0,0,13,0,0,OK
12/06/2026 23:59,18.3,93.1,0,208,SSW,0,0,13,0,0,OK
13/06/2026 00:00,18.2,93.1,0,208,SSW,0,0,13,0,0,OK
13/06/2026 00:01,18.3,93.1,0,208,SSW,0,0,13,0,0,OK
13/06/2026 00:02,18.3,93.1,0,208,SSW,0,0,13,0,0,OK
13/06/2026 00:03,18.3,93,0,208,SSW,0,0,13,0,0,OK
13/06/2026 00:04,18.3,93.1,1.6,208,SSW,0,0,13,0,0,OK
13/06/2026 00:05,18.3,93,0,213,SSW,3.2,0,13,0,0,OK
13/06/2026 00:06,18.3,92.9,0,208,SSW,3.2,0,13,0,0,OK
13/06/2026 00:07,18.3,93,0,174,S,3.2,0,13,0,0,OK
13/06/2026 00:08,18.3,92.9,0,174,S,3.2,0,13,0,0,OK
13/06/2026 00:09,18.3,93,0,212,SSW,3.2,0,13,0,0,OK
13/06/2026 00:10,18.3,92.9,0,213,SSW,3.2,0,13,0,0,OK
13/06/2026 00:11,18.3,92.9,0,217,SW,3.2,0,13,0,0,OK
13/06/2026 00:12,18.3,93,0,209,SSW,3.2,0,13,0,0,OK
13/06/2026 00:13,18.3,92.9,1.6,223,SW,3.2,0,13,0,0,OK
13/06/2026 00:14,18.3,92.9,0,212,SSW,3.2,0,13,0,0,OK
13/06/2026 00:15,18.3,92.9,0,212,SSW,3.2,0,13,0,0,OK
13/06/2026 00:16,18.3,92.9,0,206,SSW,3.2,0,13,0,0,OK
13/06/2026 00:17,18.3,93,1.6,213,SSW,3.2,0,13,0,0,OK
13/06/2026 00:19,18.3,92.8,0,213,SSW,3.2,0,13,0,0,OK
13/06/2026 00:20,18.3,92.8,0,171,S,3.2,0,13,0,0,OK
13/06/2026 00:21,18.3,92.8,0,198,SSW,3.2,0,13,0,0,OK
13/06/2026 00:22,18.3,92.9,0,198,SSW,3.2,0,13,0,0,OK
13/06/2026 00:23,18.3,92.9,0,198,SSW,3.2,0,13,0,0,OK
13/06/2026 00:24,18.3,92.9,0,198,SSW,3.2,0,13,0,0,OK
13/06/2026 00:25,18.3,92.9,0,198,SSW,3.2,0,13,0,0,OK
13/06/2026 00:26,18.3,92.9,0,198,SSW,3.2,0,13,0,0,OK
13/06/2026 00:27,18.3,93,0,198,SSW,3.2,0,13,0,0,OK
13/06/2026 00:28,18.3,92.9,0,198,SSW,3.2,0,13,0,0,OK
13/06/2026 00:29,18.3,93,0,198,SSW,1.6,0,13,0,0,OK
13/06/2026 00:30,18.3,93,0,198,SSW,1.6,0,13,0,0,OK
13/06/2026 00:31,18.3,93,0,198,SSW,0,0,13,0,0,OK
13/06/2026 00:32,18.3,92.9,0,198,SSW,0,0,13,0,0,OK
13/06/2026 00:33,18.3,92.8,0,198,SSW,0,0,13,0,0,OK
13/06/2026 00:34,18.3,92.8,1.6,191,S,3.2,0,13,0,0,OK
13/06/2026 00:35,18.3,92.8,1.6,181,S,3.2,0,13,0,0,OK
13/06/2026 00:36,18.3,92.8,0,193,SSW,3.2,0,13,0,0,OK
13/06/2026 00:37,18.3,92.9,0,189,S,3.2,0,13,0,0,OK
13/06/2026 00:38,18.3,92.9,0,191,S,3.2,0,13,0,0,OK
13/06/2026 00:39,18.3,92.9,1.6,200,SSW,3.2,0,13,0,0,OK
13/06/2026 00:40,18.3,93,0,200,SSW,3.2,0,13,0,0,OK
13/06/2026 00:41,18.3,92.9,0,193,SSW,3.2,0,13,0,0,OK
13/06/2026 00:42,18.3,92.9,0,200,SSW,3.2,0,13,0,0,OK
13/06/2026 00:43,18.3,92.9,0,189,S,3.2,0,13,0,0,OK
13/06/2026 00:44,18.3,92.7,0,217,SW,3.2,0,13,0,0,OK
13/06/2026 00:45,18.3,92.7,0,188,S,3.2,0,13,0,0,OK
13/06/2026 00:46,18.3,92.7,0,217,SW,3.2,0,13,0,0,OK
13/06/2026 00:47,18.3,92.7,1.6,193,SSW,4.8,0,13,0,0,OK
13/06/2026 00:48,18.3,92.7,0,196,SSW,4.8,0,13,0,0,OK
13/06/2026 00:49,18.3,92.6,0,192,SSW,4.8,0,13,0,0,OK
13/06/2026 00:50,18.3,92.7,0,198,SSW,4.8,0,13,0,0,OK
13/06/2026 00:51,18.3,92.7,0,205,SSW,4.8,0,13,0,0,OK
13/06/2026 00:52,18.3,92.7,0,199,SSW,4.8,0,13,0,0,OK
13/06/2026 00:53,18.3,92.8,0,188,S,4.8,0,13,0,0,OK
13/06/2026 00:54,18.3,92.8,0,198,SSW,4.8,0,13,0,0,OK
13/06/2026 00:55,18.3,92.8,0,215,SW,3.2,0,13,0,0,OK
13/06/2026 00:56,18.3,92.8,0,215,SW,3.2,0,13,0,0,OK
13/06/2026 00:57,18.3,92.8,0,215,SW,1.6,0,13,0,0,OK
13/06/2026 00:58,18.3,92.7,0,215,SW,0,0,13,0,0,OK
13/06/2026 00:59,18.3,92.7,0,200,SSW,0,0,13,0,0,OK
13/06/2026 01:00,18.3,92.7,0,192,SSW,0,0,13,0,0,OK
13/06/2026 01:01,18.3,92.7,0,200,SSW,0,0,13,0,0,OK
13/06/2026 01:02,18.3,92.5,3.2,216,SW,3.2,0,13,0,0,OK
13/06/2026 01:03,18.3,92.5,0,210,SSW,4.8,0,13,0,0,OK
13/06/2026 01:04,18.3,92.5,0,205,SSW,4.8,0,13,0,0,OK
13/06/2026 01:05,18.2,92.5,0,205,SSW,4.8,0,13,0,0,OK
13/06/2026 01:06,18.3,92.7,1.6,203,SSW,4.8,0,13,0,0,OK
13/06/2026 01:07,18.2,92.8,0,203,SSW,4.8,0,13,0,0,OK
13/06/2026 01:08,18.3,92.7,0,203,SSW,4.8,0,13,0,0,OK
13/06/2026 01:09,18.3,92.8,0,206,SSW,4.8,0,13,0,0,OK
13/06/2026 01:10,18.3,92.9,3.2,217,SW,4.8,0,13,0,0,OK
13/06/2026 01:11,18.3,92.9,0,217,SW,3.2,0,13,0,0,OK
13/06/2026 01:12,18.2,93,0,223,SW,3.2,0,13,0,0,OK
13/06/2026 01:13,18.3,93.1,0,227,SW,3.2,0,13,0,0,OK
13/06/2026 01:14,18.2,93.1,0,227,SW,3.2,0,13,0,0,OK
13/06/2026 01:15,18.3,93.1,0,202,SSW,3.2,0,13,0,0,OK
13/06/2026 01:16,18.2,93.1,1.6,217,SW,3.2,0,13,0,0,OK
13/06/2026 01:17,18.3,93,1.6,205,SSW,4.8,0,13,0,0,OK
13/06/2026 01:18,18.2,93,0,209,SSW,4.8,0,13,0,0,OK
13/06/2026 01:19,18.2,93,0,209,SSW,4.8,0,13,0,0,OK
13/06/2026 01:20,18.2,93,0,209,SSW,4.8,0,13,0,0,OK
13/06/2026 01:21,18.2,93,3.2,251,WSW,4.8,0,13,0,0,OK
13/06/2026 01:22,18.2,93,0,222,SW,4.8,0,13,0,0,OK
13/06/2026 01:23,18.2,93,1.6,224,SW,4.8,0,13,0,0,OK
13/06/2026 01:24,18.2,92.9,0,227,SW,4.8,0,13,0,0,OK
13/06/2026 01:25,18.2,92.9,0,227,SW,4.8,0,13,0,0,OK
13/06/2026 01:26,18.1,92.8,1.6,226,SW,4.8,0,13,0,0,OK
13/06/2026 01:27,18.1,92.8,1.6,213,SSW,4.8,0,13,0,0,OK
13/06/2026 01:28,18.1,92.8,0,202,SSW,4.8,0,13,0,0,OK
13/06/2026 01:29,18.1,92.9,0,202,SSW,4.8,0,13,0,0,OK
13/06/2026 01:30,18.1,92.9,0,202,SSW,4.8,0,13,0,0,OK
13/06/2026 01:31,18.1,93,0,222,SW,4.8,0,13,0,0,OK
13/06/2026 01:32,18.1,93,0,222,SW,4.8,0,13,0,0,OK
13/06/2026 01:33,18.1,93,0,222,SW,4.8,0,13,0,0,OK
13/06/2026 01:34,18.1,93,0,222,SW,4.8,0,13,0,0,OK
13/06/2026 01:35,18.1,93.1,0,222,SW,4.8,0,13,0,0,OK
13/06/2026 01:36,18.1,93.1,0,222,SW,3.2,0,13,0,0,OK
13/06/2026 01:37,18.1,93.2,0,222,SW,3.2,0,13,0,0,OK
13/06/2026 01:38,18.1,93.2,0,222,SW,3.2,0,13,0,0,OK
13/06/2026 01:39,18.1,93.2,0,222,SW,3.2,0,13,0,0,OK
13/06/2026 01:40,18.1,93.2,0,222,SW,1.6,0,13,0,0,OK
13/06/2026 01:41,18.1,93,0,222,SW,1.6,0,13,0,0,OK
13/06/2026 01:42,18.1,93,0,222,SW,1.6,0,13,0,0,OK
13/06/2026 01:43,18.1,92.9,0,222,SW,0,0,13,0,0,OK
13/06/2026 01:44,18.1,92.9,0,222,SW,0,0,13,0,0,OK
13/06/2026 01:45,18.1,93,0,222,SW,0,0,13,0,0,OK
13/06/2026 01:46,18.1,93,0,222,SW,0,0,13,0,0,OK
13/06/2026 01:47,18.1,93.1,0,222,SW,0,0,13,0,0,OK
13/06/2026 01:48,18.1,93.1,0,217,SW,0,0,13,0,0,OK
13/06/2026 01:49,18.1,93.2,0,223,SW,0,0,13,0,0,OK
13/06/2026 01:50,18.1,93.2,0,223,SW,0,0,13,0,0,OK
13/06/2026 01:51,18.1,93.2,0,223,SW,0,0,13,0,0,OK
13/06/2026 01:52,18.1,93.1,0,223,SW,0,0,13,0,0,OK
13/06/2026 01:53,18.1,93.1,0,223,SW,0,0,13,0,0,OK
13/06/2026 01:54,18.1,93.1,0,223,SW,0,0,13,0,0,OK
13/06/2026 01:55,18.1,93.1,0,223,SW,0,0,13,0,0,OK
13/06/2026 01:56,18.1,93.1,0,223,SW,0,0,13,0,0,OK
13/06/2026 01:57,18.1,93.1,0,223,SW,0,0,13,0,0,OK
13/06/2026 01:58,18.1,93.1,0,223,SW,0,0,13,0,0,OK
13/06/2026 01:59,18.1,93,0,181,S,0,0,13,0,0,OK
13/06/2026 02:00,18.1,92.9,0,181,S,0,0,13,0,0,OK
13/06/2026 02:01,18.1,92.8,0,181,S,0,0,13,0,0,OK
13/06/2026 02:02,18.1,92.8,0,181,S,0,0,13,0,0,OK
13/06/2026 02:03,18.1,92.9,0,181,S,0,0,13,0,0,OK
13/06/2026 02:04,18.1,92.9,0,181,S,0,0,13,0,0,OK
13/06/2026 02:05,18.1,92.9,0,181,S,0,0,13,0,0,OK
13/06/2026 02:06,18.1,93,0,181,S,0,0,13,0,0,OK
13/06/2026 02:07,18.1,92.9,0,181,S,0,0,13,0,0,OK
13/06/2026 02:08,18.1,93,0,181,S,0,0,13,0,0,OK
13/06/2026 02:09,18.1,93,0,181,S,0,0,13,0,0,OK
13/06/2026 02:10,18.1,92.9,0,181,S,0,0,13,0,0,OK
13/06/2026 02:11,18.1,92.9,0,181,S,0,0,13,0,0,OK
13/06/2026 02:12,18.1,93,0,181,S,0,0,13,0,0,OK
13/06/2026 02:13,18.1,93,0,181,S,0,0,13,0,0,OK
13/06/2026 02:14,18.1,93,0,181,S,0,0,13,0,0,OK
13/06/2026 02:15,18.1,93,0,181,S,0,0,13,0,0,OK
13/06/2026 02:16,18.1,93,0,181,S,0,0,13,0,0,OK
13/06/2026 02:17,18.1,92.9,0,181,S,0,0,13,0,0,OK
13/06/2026 02:18,18.2,92.9,0,181,S,0,0,13,0,0,OK
13/06/2026 02:19,18.2,93,0,181,S,0,0,13,0,0,OK
13/06/2026 02:20,18.2,93,0,181,S,0,0,13,0,0,OK
13/06/2026 02:21,18.2,92.9,0,181,S,0,0,13,0,0,OK
13/06/2026 02:22,18.1,92.9,0,181,S,0,0,13,0,0,OK
13/06/2026 02:23,18.2,93,0,181,S,0,0,13,0,0,OK
13/06/2026 02:24,18.1,92.9,0,181,S,0,0,13,0,0,OK
13/06/2026 02:25,18.1,92.9,0,181,S,0,0,13,0,0,OK
13/06/2026 02:26,18.2,92.9,0,181,S,0,0,13,0,0,OK
13/06/2026 02:27,18.1,93,0,181,S,0,0,13,0,0,OK
13/06/2026 02:28,18.2,93,0,181,S,0,0,13,0,0,OK
13/06/2026 02:29,18.2,93,0,181,S,0,0,13,0,0,OK
13/06/2026 02:30,18.1,93.1,0,181,S,0,0,13,0,0,OK
13/06/2026 02:31,18.2,93.1,0,181,S,0,0,13,0,0,OK
13/06/2026 02:32,18.2,93.1,0,181,S,0,0,13,0,0,OK
13/06/2026 02:33,18.2,92.8,0,181,S,0,0,13,0,0,OK
13/06/2026 02:34,18.2,92.8,0,181,S,0,0,13,0,0,OK
13/06/2026 02:35,18.2,92.8,0,181,S,0,0,13,0,0,OK
13/06/2026 02:36,18.2,92.8,0,181,S,0,0,13,0,0,OK
13/06/2026 02:37,18.2,92.8,0,181,S,0,0,13,0,0,OK
13/06/2026 02:38,18.2,92.8,0,181,S,0,0,13,0,0,OK
13/06/2026 02:39,18.2,92.8,0,213,SSW,0,0,13,0,0,OK
13/06/2026 02:40,18.1,92.7,0,212,SSW,0,0,13,0,0,OK
13/06/2026 02:41,18.1,92.8,0,212,SSW,0,0,13,0,0,OK
13/06/2026 02:42,18.2,92.8,0,212,SSW,0,0,13,0,0,OK
13/06/2026 02:43,18.2,92.9,0,210,SSW,0,0,13,0,0,OK
13/06/2026 02:44,18.2,93,0,202,SSW,0,0,13,0,0,OK
13/06/2026 02:45,18.2,93,0,196,SSW,0,0,13,0,0,OK
13/06/2026 02:46,18.2,93,0,212,SSW,0,0,13,0,0,OK
13/06/2026 02:47,18.2,92.8,0,206,SSW,3.2,0,13,0,0,OK
13/06/2026 02:48,18.2,92.8,0,206,SSW,3.2,0,13,0,0,OK
13/06/2026 02:49,18.2,92.8,0,206,SSW,3.2,0,13,0,0,OK
13/06/2026 02:50,18.2,92.9,0,200,SSW,3.2,0,13,0,0,OK
13/06/2026 02:51,18.2,92.9,0,200,SSW,3.2,0,13,0,0,OK
13/06/2026 02:52,18.2,92.9,0,200,SSW,3.2,0,13,0,0,OK
13/06/2026 02:53,18.2,92.8,0,200,SSW,3.2,0,13,0,0,OK
13/06/2026 02:54,18.3,92.8,0,200,SSW,3.2,0,13,0,0,OK
13/06/2026 02:55,18.2,92.7,0,200,SSW,1.6,0,13,0,0,OK
13/06/2026 02:56,18.2,92.8,0,200,SSW,0,0,13,0,0,OK
13/06/2026 02:57,18.2,92.8,0,200,SSW,0,0,13,0,0,OK
13/06/2026 02:58,18.2,92.7,0,200,SSW,0,0,13,0,0,OK
13/06/2026 02:59,18.2,92.7,0,200,SSW,0,0,13,0,0,OK
13/06/2026 03:00,18.2,92.6,0,200,SSW,0,0,13,0,0,OK
13/06/2026 03:01,18.2,92.7,0,200,SSW,0,0,13,0,0,OK
13/06/2026 03:02,18.2,92.8,0,200,SSW,0,0,13,0,0,OK
13/06/2026 03:03,18.2,92.8,0,200,SSW,0,0,13,0,0,OK
13/06/2026 03:04,18.2,92.9,0,200,SSW,0,0,13,0,0,OK
13/06/2026 03:05,18.3,92.9,0,203,SSW,0,0,13,0,0,OK
13/06/2026 03:06,18.2,92.9,0,192,SSW,1.6,0,13,0,0,OK
13/06/2026 03:07,18.2,92.7,0,192,SSW,1.6,0,13,0,0,OK
13/06/2026 03:08,18.2,92.8,0,192,SSW,1.6,0,13,0,0,OK
13/06/2026 03:09,18.3,92.9,0,192,SSW,1.6,0,13,0,0,OK
13/06/2026 03:10,18.2,92.8,0,192,SSW,1.6,0,13,0,0,OK
13/06/2026 03:11,18.2,92.8,0,192,SSW,1.6,0,13,0,0,OK
13/06/2026 03:12,18.3,92.7,0,192,SSW,1.6,0,13,0,0,OK
13/06/2026 03:13,18.2,92.7,0,192,SSW,1.6,0,13,0,0,OK
13/06/2026 03:14,18.3,92.7,0,192,SSW,1.6,0,13,0,0,OK
13/06/2026 03:15,18.3,92.8,0,192,SSW,1.6,0,13,0,0,OK
13/06/2026 03:16,18.3,92.9,0,192,SSW,1.6,0,13,0,0,OK
13/06/2026 03:17,18.2,92.9,0,192,SSW,1.6,0,13,0,0,OK
13/06/2026 03:18,18.3,92.8,0,192,SSW,1.6,0,13,0,0,OK
13/06/2026 03:19,18.3,92.7,0,192,SSW,1.6,0,13,0,0,OK
13/06/2026 03:20,18.3,92.8,0,192,SSW,1.6,0,13,0,0,OK
13/06/2026 03:21,18.3,92.9,0,192,SSW,1.6,0,13,0,0,OK
13/06/2026 03:22,18.3,92.9,0,192,SSW,1.6,0,13,0,0,OK
13/06/2026 03:23,18.3,92.9,0,192,SSW,0,0,13,0,0,OK
13/06/2026 03:24,18.2,92.9,0,192,SSW,0,0,13,0,0,OK
13/06/2026 03:25,18.3,93,0,192,SSW,0,0,13,0,0,OK
13/06/2026 03:26,18.3,92.8,0,192,SSW,0,0,13,0,0,OK
13/06/2026 03:27,18.3,92.8,0,192,SSW,0,0,13,0,0,OK
13/06/2026 03:28,18.3,92.8,0,192,SSW,0,0,13,0,0,OK
13/06/2026 03:29,18.3,93,0,192,SSW,0,0,13,0,0,OK
13/06/2026 03:30,18.3,92.9,0,192,SSW,0,0,13,0,0,OK
13/06/2026 03:31,18.3,92.9,0,192,SSW,0,0,13,0,0,OK
13/06/2026 03:32,18.3,93,0,192,SSW,0,0,13,0,0,OK
13/06/2026 03:33,18.3,93.1,0,192,SSW,0,0,13,0,0,OK
13/06/2026 03:34,18.3,93.2,0,192,SSW,0,0,13,0,0,OK
13/06/2026 03:35,18.3,93.2,0,192,SSW,0,0,13,0,0,OK
13/06/2026 03:36,18.3,93,0,192,SSW,0,0,13,0,0,OK
13/06/2026 03:37,18.3,92.9,0,192,SSW,0,0,13,0,0,OK
13/06/2026 03:38,18.3,92.8,0,192,SSW,0,0,13,0,0,OK
13/06/2026 03:39,18.3,92.8,0,192,SSW,0,0,13,0,0,OK
13/06/2026 03:40,18.3,93,0,192,SSW,0,0,13,0,0,OK
13/06/2026 03:41,18.3,93,0,192,SSW,0,0,13,0,0,OK
13/06/2026 03:42,18.3,93,0,192,SSW,0,0,13,0,0,OK
13/06/2026 03:43,18.3,93,0,192,SSW,0,0,13,0,0,OK
13/06/2026 03:44,18.3,93,0,192,SSW,0,0,13,0,0,OK
13/06/2026 03:45,18.3,93,0,192,SSW,0,0,13,0,0,OK
13/06/2026 03:46,18.3,93,0,192,SSW,0,0,13,0,0,OK
13/06/2026 03:47,18.3,93,0,192,SSW,0,0,13,0,0,OK
13/06/2026 03:48,18.3,93.1,0,192,SSW,0,0,13,0,0,OK
13/06/2026 03:49,18.3,93.1,0,192,SSW,0,0,13,0,0,OK
13/06/2026 03:50,18.3,93,0,192,SSW,0,0,13,0,0,OK
13/06/2026 03:51,18.3,93.1,0,192,SSW,0,0,13,0,0,OK
13/06/2026 03:52,18.3,93,0,192,SSW,0,0,13,0,0,OK
13/06/2026 03:53,18.3,93.1,0,192,SSW,0,0,13,0,0,OK
13/06/2026 03:54,18.3,93,0,192,SSW,0,0,13,0,0,OK
13/06/2026 03:55,18.3,92.9,0,192,SSW,0,0,13,0,0,OK
13/06/2026 03:56,18.3,92.8,0,192,SSW,0,0,13,0,0,OK
13/06/2026 03:57,18.3,92.8,0,192,SSW,0,0,13,0,0,OK
13/06/2026 03:58,18.3,92.8,0,192,SSW,0,0,13,0,0,OK
13/06/2026 03:59,18.3,92.9,0,192,SSW,0,0,13,0,0,OK
13/06/2026 04:00,18.3,93,0,192,SSW,0,0,13,0,0,OK
13/06/2026 04:01,18.3,93,0,192,SSW,0,0,13,0,0,OK
13/06/2026 04:02,18.3,93,0,192,SSW,0,0,13,0,0,OK
13/06/2026 04:03,18.3,92.9,0,203,SSW,0,0,13,0,0,OK
13/06/2026 04:04,18.3,93,0,203,SSW,0,0,13,0,0,OK
13/06/2026 04:05,18.3,92.9,0,203,SSW,0,0,13,0,0,OK
13/06/2026 04:06,18.3,92.9,0,203,SSW,0,0,13,0,0,OK
13/06/2026 04:07,18.3,92.8,0,203,SSW,0,0,13,0,0,OK
13/06/2026 04:08,18.3,92.7,0,172,S,0,0,13,0,0,OK
13/06/2026 04:09,18.3,92.7,0,172,S,3.2,0,13,0,0,OK
13/06/2026 04:10,18.3,92.8,0,172,S,3.2,0,13,0,0,OK
13/06/2026 04:11,18.3,92.8,0,175,S,3.2,0,13,0,0,OK
13/06/2026 04:12,18.3,92.7,0,196,SSW,3.2,0,13,0,0,OK
13/06/2026 04:13,18.3,92.7,0,196,SSW,3.2,0,13,0,0,OK
13/06/2026 04:14,18.3,92.6,0,196,SSW,3.2,0,13,0,0,OK
13/06/2026 04:15,18.3,92.6,0,196,SSW,3.2,0,13,0,0,OK
13/06/2026 04:16,18.3,92.5,0,196,SSW,3.2,0,13,0,0,OK
13/06/2026 04:17,18.3,92.5,0,196,SSW,1.6,0,13,0,0,OK
13/06/2026 04:18,18.3,92.6,0,196,SSW,1.6,0,13,0,0,OK
13/06/2026 04:19,18.3,92.6,0,196,SSW,1.6,0,13,0,0,OK
13/06/2026 04:20,18.3,92.5,0,196,SSW,1.6,0,13,0,0,OK
13/06/2026 04:21,18.3,92.6,0,196,SSW,1.6,0,13,0,0,OK
13/06/2026 04:22,18.3,92.5,0,196,SSW,1.6,0,13,0,0,OK
13/06/2026 04:23,18.3,92.6,0,196,SSW,1.6,0,13,0,0,OK
13/06/2026 04:24,18.3,92.6,0,196,SSW,1.6,0,13,0,0,OK
13/06/2026 04:25,18.3,92.7,0,196,SSW,1.6,0,13,0,0,OK
13/06/2026 04:26,18.3,92.7,0,196,SSW,0,0,13,0,0,OK
13/06/2026 04:27,18.4,92.6,0,213,SSW,1.6,0,13,0,0,OK
13/06/2026 04:28,18.3,92.4,3.2,226,SW,3.2,0,13,0,0,OK
13/06/2026 04:29,18.3,92.4,1.6,203,SSW,3.2,0,13,0,0,OK
13/06/2026 04:30,18.3,92.3,1.6,219,SW,3.2,0,13,0,0,OK
13/06/2026 04:31,18.3,92.2,1.6,196,SSW,3.2,0,13,0,0,OK
13/06/2026 04:32,18.3,92.2,0,196,SSW,3.2,0,13,0,0,OK
13/06/2026 04:33,18.3,92.2,0,196,SSW,3.2,0,13,0,0,OK
13/06/2026 04:34,18.3,92.3,0,196,SSW,3.2,0,13,0,0,OK
13/06/2026 04:35,18.3,92.4,0,196,SSW,3.2,0,13,0,0,OK
13/06/2026 04:36,18.3,92.4,0,196,SSW,3.2,0,13,0,0,OK
13/06/2026 04:37,18.3,92.4,0,196,SSW,3.2,0,13,0,0,OK
13/06/2026 04:38,18.3,92.4,0,196,SSW,3.2,0,13,0,0,OK
13/06/2026 04:39,18.3,92.3,0,196,SSW,3.2,0,13,0,0,OK
13/06/2026 04:40,18.3,92.4,0,196,SSW,1.6,0,13,0,0,OK
13/06/2026 04:41,18.3,92.4,0,196,SSW,0,0,13,0,0,OK
13/06/2026 04:42,18.3,92.4,0,196,SSW,0,0,13,0,0,OK
13/06/2026 04:43,18.3,92.4,0,196,SSW,0,0,13,0,0,OK
13/06/2026 04:44,18.3,92.3,0,196,SSW,0,0,13,0,0,OK
13/06/2026 04:45,18.3,92.2,0,196,SSW,0,0,13,0,0,OK
13/06/2026 04:46,18.3,92.2,1.6,223,SW,1.6,0,13,0,0,OK
13/06/2026 04:47,18.3,92.2,1.6,223,SW,1.6,0,13,0,0,OK
13/06/2026 04:48,18.3,92.2,3.2,212,SSW,3.2,0,13,0,0,OK
13/06/2026 04:49,18.3,92.2,0,205,SSW,4.8,0,13,0,0,OK
13/06/2026 04:50,18.3,92.2,0,212,SSW,4.8,0,13,0,0,OK
13/06/2026 04:51,18.3,92.2,0,219,SW,4.8,0,13,0,0,OK
13/06/2026 04:52,18.3,92.3,0,219,SW,4.8,0,13,0,0,OK
13/06/2026 04:53,18.3,92.3,0,215,SW,4.8,0,13,0,0,OK
13/06/2026 04:54,18.3,92.3,0,213,SSW,4.8,0,13,0,0,OK
13/06/2026 04:55,18.3,92.3,0,213,SSW,4.8,0,13,0,0,OK
13/06/2026 04:56,18.3,92.4,0,213,SSW,4.8,0,13,0,0,OK
13/06/2026 04:57,18.3,92.4,0,213,SSW,4.8,0,13,0,0,OK
13/06/2026 04:58,18.3,92.4,0,213,SSW,1.6,0,13,0,0,OK
13/06/2026 04:59,18.3,92.4,0,213,SSW,0,0,13,0,0,OK
13/06/2026 05:00,18.3,92.4,0,213,SSW,0,0,13,0,0,OK
13/06/2026 05:01,18.3,92.4,0,213,SSW,0,0,13,0,0,OK
13/06/2026 05:02,18.3,92.4,0,213,SSW,0,0,13,0,0,OK
13/06/2026 05:03,18.3,92.4,0,213,SSW,0,0,13,0,0,OK
13/06/2026 05:04,18.4,92.4,0,213,SSW,0,0,13,0,0,OK
13/06/2026 05:05,18.4,92.5,0,213,SSW,0,0,13,0,0,OK
13/06/2026 05:06,18.4,92.5,0,213,SSW,0,0,13,0,0,OK
13/06/2026 05:07,18.3,92.4,1.6,196,SSW,1.6,0,13,0,0,OK
13/06/2026 05:08,18.4,92.4,0,196,SSW,1.6,0,13,0,0,OK
13/06/2026 05:09,18.3,92.4,0,196,SSW,1.6,0,13,0,0,OK
13/06/2026 05:10,18.4,92.4,0,196,SSW,1.6,0,13,0,0,OK
13/06/2026 05:11,18.4,92.3,0,196,SSW,1.6,0,13,0,0,OK
13/06/2026 05:12,18.3,92.4,0,196,SSW,1.6,0,13,0,0,OK
13/06/2026 05:13,18.4,92.4,0,196,SSW,1.6,0,13,0,0,OK
13/06/2026 05:14,18.4,92.4,0,196,SSW,1.6,0,13,0,0,OK
13/06/2026 05:15,18.4,92.4,0,196,SSW,1.6,0,13,0,0,OK
13/06/2026 05:16,18.4,92.4,0,196,SSW,1.6,0,13,0,0,OK
13/06/2026 05:17,18.4,92.5,0,196,SSW,0,0,13,0,0,OK
13/06/2026 05:18,18.4,92.5,0,196,SSW,0,0,13,0,0,OK
13/06/2026 05:19,18.4,92.3,0,196,SSW,0,0,13,0,0,OK
13/06/2026 05:20,18.4,92.3,0,196,SSW,0,0,13,0,0,OK
13/06/2026 05:21,18.4,92.3,0,196,SSW,0,0,13,0,0,OK
13/06/2026 05:22,18.4,92.3,0,196,SSW,0,0,13,0,0,OK
13/06/2026 05:23,18.4,92.3,0,196,SSW,0,0,13,0,0,OK
13/06/2026 05:24,18.4,92.3,0,196,SSW,0,0,13,0,0,OK
13/06/2026 05:25,18.4,92.3,0,196,SSW,0,0,13,0,0,OK
13/06/2026 05:26,18.4,92.3,0,196,SSW,0,0,13,0,0,OK
13/06/2026 05:27,18.4,92.3,0,196,SSW,0,0,13,0,0,OK
13/06/2026 05:28,18.4,92.3,0,196,SSW,0,0,13,0,0,OK
13/06/2026 05:29,18.4,92.3,0,196,SSW,0,0,13,0,0,OK
13/06/2026 05:30,18.4,92.3,0,196,SSW,0,0,13,0,0,OK
13/06/2026 05:31,18.4,92.4,0,196,SSW,0,0,13,0,0,OK
13/06/2026 05:32,18.4,92.4,0,196,SSW,0,0,13,0,0,OK
13/06/2026 05:33,18.4,92.5,0,196,SSW,0,0,13,0,0,OK
13/06/2026 05:34,18.4,92.5,0,196,SSW,0,0,13,0,0,OK
13/06/2026 05:35,18.4,92.5,0,196,SSW,0,0,13,0,0,OK
13/06/2026 05:36,18.4,92.6,0,196,SSW,0,0,13,0,0,OK
13/06/2026 05:37,18.4,92.6,0,223,SW,3.2,0,13,0,0,OK
13/06/2026 05:38,18.4,92.6,0,223,SW,3.2,0,13,0,0,OK
13/06/2026 05:39,18.4,92.6,0,223,SW,3.2,0,13,0,0,OK
13/06/2026 05:40,18.4,92.6,0,223,SW,3.2,0,13,0,0,OK
13/06/2026 05:41,18.4,92.6,0,223,SW,3.2,0,13,0,0,OK
13/06/2026 05:42,18.4,92.6,0,223,SW,3.2,0,13,0,0,OK
13/06/2026 05:43,18.4,92.6,0,223,SW,3.2,0,13,0,0,OK
13/06/2026 05:44,18.4,92.6,1.6,234,SW,3.2,0,13,0,0,OK
13/06/2026 05:45,18.4,92.6,0,234,SW,3.2,0,13,0,0,OK
13/06/2026 05:46,18.4,92.6,1.6,234,SW,3.2,0,13,0,0,OK
13/06/2026 05:47,18.4,92.6,3.2,223,SW,4.8,0,13,0,0,OK
13/06/2026 05:48,18.4,92.6,1.6,223,SW,4.8,0,13,0,0,OK
13/06/2026 05:49,18.4,92.6,1.6,226,SW,4.8,0,13,0,0,OK
13/06/2026 05:50,18.4,92.5,0,226,SW,4.8,0,13,0,1.8,OK
13/06/2026 05:51,18.4,92.6,0,301,WNW,4.8,0,13,0,1.8,OK
13/06/2026 05:52,18.4,92.5,0,301,WNW,4.8,0,13,0,1.8,OK
13/06/2026 05:53,18.3,92.5,0,301,WNW,4.8,0,13,0,1.8,OK
13/06/2026 05:54,18.4,92.5,0,301,WNW,4.8,0,13,0,1.8,OK
13/06/2026 05:55,18.4,92.5,0,301,WNW,4.8,0,13,0,1.8,OK
13/06/2026 05:56,18.4,92.5,0,301,WNW,3.2,0,13,0,1.8,OK
13/06/2026 05:57,18.4,92.5,0,301,WNW,3.2,0,13,0,3.5,OK
13/06/2026 05:58,18.4,92.4,0,301,WNW,3.2,0,13,0,3.5,OK
13/06/2026 05:59,18.4,92.3,0,301,WNW,3.2,0,13,0,3.5,OK
13/06/2026 06:00,18.4,92.3,0,301,WNW,0,0,13,0,3.5,OK
13/06/2026 06:02,18.4,92.3,0,301,WNW,0,0,13,0,5.3,OK
13/06/2026 06:03,18.4,92.3,0,301,WNW,0,0,13,0,5.3,OK
13/06/2026 06:04,18.4,92.3,0,292,WNW,0,0,13,0,5.3,OK
13/06/2026 06:05,18.4,92.3,0,292,WNW,0,0,13,0,5.3,OK
13/06/2026 06:06,18.4,92.3,0,292,WNW,0,0,13,0,5.3,OK
13/06/2026 06:07,18.4,92.3,0,292,WNW,0,0,13,0,5.3,OK
13/06/2026 06:08,18.4,92.3,0,292,WNW,0,0,13,0,5.3,OK
13/06/2026 06:09,18.4,92.3,0,292,WNW,0,0,13,0,7,OK
13/06/2026 06:10,18.4,92.2,0,292,WNW,0,0,13,0,7,OK
13/06/2026 06:11,18.4,92.2,0,292,WNW,0,0,13,0,7,OK
13/06/2026 06:12,18.4,92.5,0,292,WNW,0,0,13,0,7,OK
13/06/2026 06:13,18.4,92.4,0,236,SW,0,0,13,0,8.8,OK
13/06/2026 06:14,18.4,92.3,0,236,SW,0,0,13,0,10.5,OK
13/06/2026 06:15,18.4,92.2,0,236,SW,0,0,13,0,10.5,OK
13/06/2026 06:16,18.4,92.2,0,236,SW,0,0,13,0,12.3,OK
13/06/2026 06:17,18.4,92.2,0,226,SW,0,0,13,0,12.3,OK
13/06/2026 06:18,18.4,92.2,0,222,SW,0,0,13,0,12.3,OK
13/06/2026 06:19,18.4,92.3,0,222,SW,0,0,13,0,12.3,OK
13/06/2026 06:20,18.4,92.3,0,217,SW,0,0,13,0,14.1,OK
13/06/2026 06:21,18.4,92.2,0,209,SSW,0,0,13,0,15.8,OK
13/06/2026 06:22,18.4,92.1,0,192,SSW,0,0,13,0,15.8,OK
13/06/2026 06:23,18.4,92.1,0,215,SW,0,0,13,0,17.6,OK
13/06/2026 06:24,18.4,92.1,0,203,SSW,0,0,13,0,17.6,OK
13/06/2026 06:25,18.4,91.9,0,191,S,0,0,13,0,19.3,OK
13/06/2026 06:26,18.4,92,0,191,S,0,0,13,0,21.1,OK
13/06/2026 06:27,18.4,92.1,0,191,S,0,0,13,0,21.1,OK
13/06/2026 06:28,18.5,92.1,0,191,S,0,0,13,0,22.9,OK
13/06/2026 06:29,18.4,92.2,0,203,SSW,3.2,0,13,0,22.9,OK
13/06/2026 06:30,18.5,92.1,3.2,208,SSW,3.2,0,13,0,22.9,OK
13/06/2026 06:31,18.5,92,0,208,SSW,3.2,0,13,0,24.6,OK
13/06/2026 06:32,18.5,92,1.6,188,S,3.2,0,13,0,26.4,OK
13/06/2026 06:33,18.5,92,3.2,182,S,3.2,0,13,0,26.4,OK
13/06/2026 06:34,18.5,91.8,3.2,186,S,3.2,0,13,0,28.1,OK
13/06/2026 06:35,18.5,91.6,3.2,181,S,3.2,0,13,0,29.9,OK
13/06/2026 06:36,18.5,91.6,1.6,181,S,3.2,0,13,0,29.9,OK
13/06/2026 06:37,18.5,91.6,3.2,182,S,3.2,0,13,0,29.9,OK
13/06/2026 06:38,18.5,91.6,1.6,188,S,3.2,0,13,0,29.9,OK
13/06/2026 06:39,18.5,91.7,0,188,S,3.2,0,13,0,29.9,OK
13/06/2026 06:40,18.5,91.8,1.6,209,SSW,3.2,0,13,0,29.9,OK
13/06/2026 06:41,18.5,91.8,1.6,210,SSW,3.2,0,13,0,28.1,OK
13/06/2026 06:42,18.5,91.9,4.8,205,SSW,3.2,0,13,0,28.1,OK
13/06/2026 06:43,18.5,91.8,4.8,186,S,4.8,0,13,0,31.6,OK
13/06/2026 06:44,18.5,91.9,1.6,189,S,4.8,0,13,0,33.4,OK
13/06/2026 06:45,18.5,91.9,0,188,S,4.8,0,13,0,35.2,OK
13/06/2026 06:46,18.5,92.1,3.2,184,S,4.8,0,13,0,36.9,OK
13/06/2026 06:47,18.5,92,3.2,189,S,4.8,0,13,0,38.7,OK
13/06/2026 06:48,18.5,92,0,200,SSW,4.8,0,13,0,40.4,OK
13/06/2026 06:49,18.5,91.9,1.6,185,S,4.8,0,13,0,45.7,OK
13/06/2026 06:50,18.6,91.9,0,184,S,4.8,0,13,0,47.5,OK
13/06/2026 06:51,18.6,92,0,191,S,4.8,0,13,0,51,OK
13/06/2026 06:52,18.6,92.1,0,191,S,4.8,0,13,0,54.5,OK
13/06/2026 06:53,18.6,92.1,3.2,210,SSW,4.8,0,13,0.3,59.8,OK
13/06/2026 06:54,18.6,91.7,0,236,SW,4.8,0,13,0.3,77.3,OK
13/06/2026 06:55,18.6,91.6,1.6,219,SW,4.8,0,13,0.3,94.9,OK
13/06/2026 06:56,18.6,91.4,1.6,229,SW,4.8,0,13,0.4,117.8,OK
13/06/2026 06:57,18.6,91.5,1.6,210,SSW,4.8,0,13,0.4,117.8,OK
13/06/2026 06:58,18.7,91.5,3.2,191,S,4.8,0,13,0.4,121.3,OK
13/06/2026 06:59,18.7,91.4,3.2,217,SW,4.8,0,13,0.4,112.5,OK
13/06/2026 07:00,18.8,91.3,0,233,SW,4.8,0,13,0.4,128.3,OK
13/06/2026 07:01,18.7,91.3,1.6,213,SSW,4.8,0,13,0.5,152.9,OK
13/06/2026 07:02,18.8,91.4,1.6,203,SSW,4.8,0,13,0.5,156.5,OK
13/06/2026 07:03,18.8,91.1,1.6,239,WSW,4.8,0,13,0.5,167,OK
13/06/2026 07:04,18.8,91.1,4.8,216,SW,4.8,0,13,0.6,156.5,OK
13/06/2026 07:05,18.8,90.7,1.6,203,SSW,6.4,0,13,0.6,165.2,OK
13/06/2026 07:06,18.9,90.6,3.2,192,SSW,6.4,0,13,0.6,163.5,OK
13/06/2026 07:07,18.9,90.2,1.6,174,S,6.4,0,13,0.6,151.2,OK
13/06/2026 07:08,18.9,90.2,0,219,SW,6.4,0,13,0.6,133.6,OK
13/06/2026 07:09,18.9,89.9,3.2,186,S,6.4,0,13,0.6,130.1,OK
13/06/2026 07:10,18.9,89.9,1.6,162,SSE,6.4,0,13,0.6,121.3,OK
13/06/2026 07:11,19,89.9,1.6,179,S,6.4,0,13,0.7,116,OK
13/06/2026 07:12,19,90.1,1.6,212,SSW,6.4,0,13,0.7,117.8,OK
13/06/2026 07:13,19,90.1,3.2,186,S,6.4,0,13,0.7,121.3,OK
13/06/2026 07:14,19,89.9,0,208,SSW,6.4,0,13,0.7,130.1,OK
13/06/2026 07:15,19,90.5,0,208,SSW,6.4,0,13,0.7,140.6,OK
13/06/2026 07:16,19.1,90.1,0,208,SSW,6.4,0,13,0.8,154.7,OK
13/06/2026 07:17,19.1,90.2,0,193,SSW,6.4,0,13,0.8,160,OK
13/06/2026 07:18,19.1,90,3.2,192,SSW,6.4,0,13,0.8,167,OK
13/06/2026 07:19,19.1,89.9,0,169,S,4.8,0,13,0.8,172.3,OK
13/06/2026 07:20,19.1,90.2,0,203,SSW,4.8,0,13,0.8,174,OK
13/06/2026 07:21,19.1,90,3.2,223,SW,4.8,0,13,0.8,174,OK
13/06/2026 07:22,19.1,89.7,1.6,209,SSW,3.2,0,13,0.8,174,OK
13/06/2026 07:23,19.2,89.7,0,213,SSW,3.2,0,13,0.8,170.5,OK
13/06/2026 07:24,19.3,89.5,1.6,247,WSW,3.2,0,13,0.8,170.5,OK
13/06/2026 07:25,19.3,89.6,0,217,SW,3.2,0,13,0.8,168.8,OK
13/06/2026 07:26,19.3,89.1,1.6,184,S,3.2,0,13,0.8,168.8,OK
13/06/2026 07:27,19.3,88.8,1.6,196,SSW,4.8,0,13,0.8,168.8,OK
13/06/2026 07:28,19.3,89.3,0,196,SSW,4.8,0,13,0.8,170.5,OK
13/06/2026 07:29,19.3,89.8,0,202,SSW,4.8,0,13,0.9,182.8,OK
13/06/2026 07:30,19.4,89.9,0,205,SSW,4.8,0,13,0.9,195.1,OK
13/06/2026 07:31,19.4,89.3,1.6,237,WSW,4.8,0,13,1,207.4,OK
13/06/2026 07:32,19.4,88.2,1.6,220,SW,4.8,0,13,1,219.7,OK
13/06/2026 07:33,19.4,88.9,0,234,SW,4.8,0,13,1.1,226.8,OK
13/06/2026 07:34,19.4,88.3,3.2,287,WNW,4.8,0,13,1.3,304.1,OK
13/06/2026 07:35,19.4,88.4,0,285,WNW,4.8,0,13,1.3,283,OK
13/06/2026 07:36,19.5,88.4,0,277,W,4.8,0,13,1.2,228.5,OK
13/06/2026 07:37,19.6,88.6,3.2,230,SW,4.8,0,13,1.2,242.6,OK
13/06/2026 07:38,19.5,86.7,1.6,189,S,6.4,0,13,1.2,239.1,OK
13/06/2026 07:39,19.6,86.6,0,195,SSW,6.4,0,13,1.2,221.5,OK
13/06/2026 07:40,19.6,86.4,3.2,210,SSW,6.4,0,13,1.2,219.7,OK
13/06/2026 07:41,19.6,85.6,1.6,215,SW,6.4,0,13,1.2,211,OK
13/06/2026 07:42,19.6,86.1,0,219,SW,6.4,0,13,1.2,198.6,OK
13/06/2026 07:43,19.6,85.8,0,184,S,6.4,0,13,1.3,205.7,OK
13/06/2026 07:44,19.6,84.7,0,184,S,6.4,0,13,1.3,228.5,OK
13/06/2026 07:45,19.6,84.9,0,182,S,6.4,0,13,1.3,225,OK
13/06/2026 07:46,19.7,85,0,209,SSW,6.4,0,13,1.3,221.5,OK
13/06/2026 07:47,19.7,85.2,4.8,216,SW,6.4,0,13,1.3,221.5,OK
13/06/2026 07:48,19.7,84,1.6,202,SSW,6.4,0,13,1.4,226.8,OK
13/06/2026 07:49,19.8,83.2,0,191,S,4.8,0,13,1.4,239.1,OK
13/06/2026 07:50,19.8,83.2,3.2,241,WSW,4.8,0,13,1.5,258.4,OK
13/06/2026 07:51,19.9,83.4,3.2,181,S,4.8,0,13,1.5,258.4,OK
13/06/2026 07:52,19.9,82.3,3.2,206,SSW,6.4,0,13,1.5,270.7,OK
13/06/2026 07:53,19.9,82.2,3.2,198,SSW,6.4,0,13,1.6,274.2,OK
13/06/2026 07:54,19.9,82.1,3.2,185,S,6.4,0,13,1.6,284.8,OK
13/06/2026 07:55,20,82.8,0,195,SSW,6.4,0,13,1.6,283,OK
13/06/2026 07:56,20,83.1,0,195,SSW,6.4,0,13,1.7,307.6,OK
13/06/2026 07:57,20.1,83.4,0,199,SSW,6.4,0,13,1.7,304.1,OK
13/06/2026 07:58,20.1,82.9,4.8,230,SW,6.4,0,13,1.7,312.9,OK
13/06/2026 07:59,20.1,82.2,3.2,253,WSW,6.4,0,13,1.7,312.9,OK
13/06/2026 08:00,20.1,82.7,1.6,270,W,6.4,0,13,1.7,341,OK
13/06/2026 08:01,20.1,82.6,3.2,248,WSW,6.4,0,13,1.6,263.7,OK
13/06/2026 08:02,20.2,82.8,1.6,257,WSW,6.4,0,13,1.6,260.2,OK
13/06/2026 08:03,20.3,82.5,3.2,268,W,6.4,0,13,1.6,249.6,OK
13/06/2026 08:04,20.3,81.6,3.2,257,WSW,6.4,0,13,1.7,265.4,OK
13/06/2026 08:05,20.3,81.8,0,248,WSW,6.4,0,13,1.7,269,OK
13/06/2026 08:06,20.2,81,3.2,261,W,6.4,0,13,1.7,267.2,OK
13/06/2026 08:07,20.3,79.7,1.6,233,SW,6.4,0,13,1.8,269,OK
13/06/2026 08:08,20.3,80.7,0,233,SW,6.4,0,13,1.9,279.5,OK
13/06/2026 08:09,20.3,81.4,0,233,SW,6.4,0,13,1.9,260.2,OK
13/06/2026 08:10,20.3,80.6,0,233,SW,6.4,0,13,1.9,258.4,OK
13/06/2026 08:11,20.3,80.9,1.6,292,WNW,6.4,0,13,1.9,240.8,OK
13/06/2026 08:12,20.3,81.7,0,288,WNW,6.4,0,13,1.9,230.3,OK
13/06/2026 08:13,20.3,81.8,1.6,299,WNW,4.8,0,13,2,233.8,OK
13/06/2026 08:14,20.3,81.6,3.2,270,W,4.8,0,13,2,244.4,OK
13/06/2026 08:15,20.4,82.2,1.6,251,WSW,4.8,0,13,2.3,328.7,OK
13/06/2026 08:16,20.4,82.3,3.2,224,SW,4.8,0,13,2.3,305.9,OK
13/06/2026 08:17,20.4,81.8,0,222,SW,4.8,0,13,2.2,293.6,OK
13/06/2026 08:18,20.4,82.1,0,222,SW,4.8,0,13,2.4,307.6,OK
13/06/2026 08:19,20.4,82.4,0,243,WSW,4.8,0,13,2.4,355.1,OK
13/06/2026 08:20,20.5,82.4,0,248,WSW,4.8,0,13,2.3,283,OK
13/06/2026 08:21,20.5,82.5,0,248,WSW,4.8,0,13,2.2,277.8,OK
13/06/2026 08:22,20.6,82.9,0,232,SW,4.8,0,13,2.3,277.8,OK
13/06/2026 08:23,20.7,83.2,0,246,WSW,4.8,0,13,2.3,279.5,OK
13/06/2026 08:24,20.8,83.1,0,250,WSW,4.8,0,13,2.3,274.2,OK
13/06/2026 08:25,20.8,82.8,1.6,226,SW,1.6,0,13,2.3,288.3,OK
13/06/2026 08:26,20.9,81.9,3.2,227,SW,1.6,0,13,2.4,312.9,OK
13/06/2026 08:27,20.9,82.1,1.6,188,S,4.8,0,13,2.3,302.4,OK
13/06/2026 08:28,20.9,82.1,3.2,212,SSW,4.8,0,13,2.4,254.9,OK
13/06/2026 08:29,21,81.2,3.2,253,WSW,4.8,0,13,2.3,242.6,OK
13/06/2026 08:30,21,81.6,0,254,WSW,4.8,0,13,2.2,209.2,OK
13/06/2026 08:31,21,81.4,0,254,WSW,4.8,0,13,2.2,205.7,OK
13/06/2026 08:32,21,81.1,0,244,WSW,4.8,0,13,2.2,202.2,OK
13/06/2026 08:33,21,81,3.2,205,SSW,4.8,0,13,2.3,209.2,OK
13/06/2026 08:34,21,80.6,4.8,217,SW,6.4,0,13,2.3,228.5,OK
13/06/2026 08:35,20.9,79.9,4.8,206,SSW,6.4,0,13,2.4,242.6,OK
13/06/2026 08:36,20.9,80.2,0,212,SSW,6.4,0,13,2.9,272.5,OK
13/06/2026 08:37,20.9,80.8,1.6,234,SW,6.4,0,13,2.9,378,OK
13/06/2026 08:38,20.9,80.9,1.6,250,WSW,6.4,0,13,3.7,537.9,OK
13/06/2026 08:39,20.9,81,4.8,217,SW,6.4,0,13,3.8,595.9,OK
13/06/2026 08:40,21,81,1.6,239,WSW,6.4,0,13,3.9,608.2,OK
13/06/2026 08:41,21,80.3,0,251,WSW,6.4,0,13,3.9,613.5,OK
13/06/2026 08:42,21.1,80.2,3.2,208,SSW,6.4,0,13,3.9,604.7,OK
13/06/2026 08:43,21.1,79.4,1.6,188,S,6.4,0,13,4,390.3,OK
13/06/2026 08:44,21.1,79.7,4.8,213,SSW,4.8,0,13,3.9,555.5,OK
13/06/2026 08:45,21.2,79.4,3.2,216,SW,6.4,0,13,4.3,638.1,OK
13/06/2026 08:46,21.3,79.3,1.6,212,SSW,8,0,13,4.3,631.1,OK
13/06/2026 08:47,21.4,81,0,219,SW,8,0,13,4.2,622.3,OK
13/06/2026 08:48,21.4,79.4,3.2,246,WSW,8,0,13,4,590.7,OK
13/06/2026 08:49,21.5,79,1.6,202,SSW,8,0,13,4.1,249.6,OK
13/06/2026 08:50,21.5,79,1.6,168,SSE,8,0,13,2.7,211,OK
13/06/2026 08:51,21.5,78.7,1.6,217,SW,8,0,13,2.7,211,OK
13/06/2026 08:52,21.5,79.2,3.2,171,S,8,0,13,2.7,218,OK
13/06/2026 08:53,21.6,78.5,4.8,209,SSW,8,0,13,2.9,237.3,OK
13/06/2026 08:54,21.6,78.2,0,185,S,6.4,0,13,3.2,309.4,OK
13/06/2026 08:55,21.6,78.6,6.4,206,SSW,6.4,0,13,2.8,237.3,OK
13/06/2026 08:56,21.6,78,0,227,SW,8,0,13,3,305.9,OK
13/06/2026 08:57,21.6,77.8,3.2,232,SW,8,0,13,3.2,323.5,OK
13/06/2026 08:58,21.6,78.1,3.2,232,SW,8,0,13,3.2,291.8,OK
13/06/2026 08:59,21.6,78,1.6,227,SW,8,0,13,3.3,348.1,OK
13/06/2026 09:00,21.6,78.4,3.2,254,WSW,8,0,13,3.2,348.1,OK
13/06/2026 09:01,21.6,78,1.6,251,WSW,8,0,13,3.4,288.3,OK
13/06/2026 09:02,21.5,78.1,0,267,W,8,0,13,3.1,286.5,OK
13/06/2026 09:03,21.5,78.2,1.6,254,WSW,8,0,13,3.2,274.2,OK
13/06/2026 09:04,21.5,78.6,0,199,SSW,4.8,0,13,3.2,300.6,OK
13/06/2026 09:05,21.6,77.8,3.2,140,SE,4.8,0,13,3.3,290.1,OK
13/06/2026 09:06,21.6,77.2,3.2,121,ESE,4.8,0,13,3.2,276,OK
13/06/2026 09:07,21.6,77.6,4.8,137,SE,4.8,0,13,3,239.1,OK
13/06/2026 09:08,21.6,77.1,6.4,143,SE,6.4,0,13,3,239.1,OK
13/06/2026 09:09,21.6,77.1,4.8,150,SSE,6.4,0,13,3.1,240.8,OK
13/06/2026 09:10,21.5,77.1,1.6,145,SE,6.4,0,13,3.2,249.6,OK
13/06/2026 09:11,21.5,77.7,0,152,SSE,6.4,0,13,3.5,297.1,OK
13/06/2026 09:12,21.5,77.8,3.2,152,SSE,6.4,0,13,3.5,381.5,OK
13/06/2026 09:13,21.5,78,1.6,229,SW,6.4,0,13,4,381.5,OK
13/06/2026 09:14,21.6,78.3,1.6,195,SSW,6.4,0,13,4.5,399.1,OK
13/06/2026 09:15,21.6,77.8,0,195,SSW,6.4,0,13,3.6,311.2,OK
13/06/2026 09:16,21.7,77.7,0,222,SW,6.4,0,13,4.2,351.6,OK
13/06/2026 09:17,21.7,76.5,1.6,223,SW,4.8,0,13,3.6,298.8,OK
13/06/2026 09:18,21.7,76.5,1.6,278,W,4.8,0,13,3.8,344.6,OK
13/06/2026 09:19,21.8,76.3,0,295,WNW,4.8,0,13,3.9,318.2,OK
13/06/2026 09:20,21.8,76.8,4.8,186,S,4.8,0,13,4.1,339.3,OK
13/06/2026 09:21,21.8,77.1,3.2,230,SW,8,0,13,4.8,330.5,OK
13/06/2026 09:22,21.8,77.1,3.2,219,SW,8,0,13,5.3,515.1,OK
13/06/2026 09:23,21.8,77.1,4.8,227,SW,8,0,13,5.4,608.2,OK
13/06/2026 09:24,21.8,76.6,3.2,182,S,8,0,13,5.6,518.6,OK
13/06/2026 09:25,21.8,76.5,0,191,S,8,0,13,5.4,479.9,OK
13/06/2026 09:26,21.9,76.3,3.2,103,ESE,8,0,13,5.7,608.2,OK
13/06/2026 09:27,21.9,76.4,3.2,154,SSE,8,0,13,5.7,601.2,OK
13/06/2026 09:28,22,75.4,1.6,137,SE,8,0,13,5.7,597.7,OK
13/06/2026 09:29,22,75.3,1.6,130,SE,8,0,13,5.7,588.9,OK
13/06/2026 09:30,22.1,75.5,4.8,120,ESE,6.4,0,13,5.8,587.2,OK
13/06/2026 09:31,22.1,74.8,1.6,100,E,6.4,0,13,5.8,581.9,OK
13/06/2026 09:32,22.2,74.3,1.6,71,ENE,6.4,0,13,5.8,578.4,OK
13/06/2026 09:33,22.3,75.1,3.2,202,SSW,6.4,0,13,5.8,580.1,OK
13/06/2026 09:34,22.4,74.1,0,227,SW,6.4,0,13,5.7,573.1,OK
13/06/2026 09:35,22.4,74.6,1.6,254,WSW,6.4,0,13,5.9,587.2,OK
13/06/2026 09:36,22.5,74.4,0,263,W,6.4,0,13,6,595.9,OK
13/06/2026 09:37,22.6,73.7,3.2,167,SSE,6.4,0,13,6,597.7,OK
13/06/2026 09:38,22.6,72.8,3.2,220,SW,6.4,0,13,6.1,595.9,OK
13/06/2026 09:39,22.7,72.9,1.6,203,SSW,6.4,0,13,6.1,595.9,OK
13/06/2026 09:40,22.8,72.9,1.6,157,SSE,6.4,0,13,5.6,557.3,OK
13/06/2026 09:41,22.9,72.3,3.2,172,S,6.4,0,13,4.4,601.2,OK
13/06/2026 09:42,22.9,72.2,0,220,SW,6.4,0,13,6.3,601.2,OK
13/06/2026 09:43,23,73,1.6,133,SE,6.4,0,13,6.4,608.2,OK
13/06/2026 09:44,23.1,71.5,1.6,151,SSE,6.4,0,13,6.4,606.5,OK
13/06/2026 09:45,23.1,70.9,4.8,119,ESE,6.4,0,13,6.4,606.5,OK
13/06/2026 09:46,23.2,70.1,3.2,120,ESE,6.4,0,13,6.5,608.2,OK
13/06/2026 09:47,23.2,69.6,1.6,126,SE,6.4,0,13,6.5,613.5,OK
13/06/2026 09:48,23.2,70.1,1.6,124,SE,6.4,0,13,6.6,617,OK
13/06/2026 09:49,23.3,71.6,0,248,WSW,6.4,0,13,6.6,622.3,OK
13/06/2026 09:50,23.3,71.4,0,248,WSW,6.4,0,13,6.7,629.3,OK
13/06/2026 09:51,23.4,72,0,261,W,6.4,0,13,6.6,618.8,OK
13/06/2026 09:52,23.5,70.4,0,261,W,6.4,0,13,6.6,617,OK
13/06/2026 09:53,23.5,70.7,1.6,10,N,6.4,0,13,6.7,617,OK
13/06/2026 09:54,23.5,70.3,4.8,308,NW,6.4,0,13,6.7,622.3,OK
13/06/2026 09:55,23.5,68.5,3.2,257,WSW,6.4,0,13,6.9,629.3,OK
13/06/2026 09:56,23.5,68.8,3.2,335,NNW,6.4,0,13,7,636.4,OK
13/06/2026 09:57,23.5,67.6,1.6,357,N,8,0,13,7,639.9,OK
13/06/2026 09:58,23.5,68.1,0,342,NNW,8,0,13,7,646.9,OK
13/06/2026 09:59,23.5,67.5,0,298,WNW,8,0,13,7.1,646.9,OK
13/06/2026 10:00,23.4,66.7,1.6,336,NNW,8,0,13,7.1,645.2,OK
13/06/2026 10:01,23.5,64.4,0,336,NNW,8,0,13,7.3,655.7,OK
13/06/2026 10:02,23.5,65.2,0,357,N,8,0,13,7.4,661,OK
13/06/2026 10:03,23.5,66.2,0,353,N,8,0,13,7.4,662.7,OK
13/06/2026 10:04,23.6,67.5,0,353,N,8,0,13,7.5,675,OK
13/06/2026 10:05,23.6,65.7,0,350,N,8,0,13,7.7,675,OK
13/06/2026 10:06,23.8,66.4,0,357,N,1.6,0,13,7.7,675,OK
13/06/2026 10:07,23.9,66.9,0,18,NNE,1.6,0,13,7.8,678.6,OK
13/06/2026 10:08,23.9,65.6,0,17,NNE,1.6,0,13,7.8,680.3,OK
13/06/2026 10:09,24.1,66.4,0,3,N,1.6,0,13,7.8,680.3,OK
13/06/2026 10:10,24.2,66.2,1.6,350,N,1.6,0,13,7.9,683.8,OK
13/06/2026 10:11,24.3,63.6,0,344,NNW,4.8,0,13,7.9,683.8,OK
13/06/2026 10:12,24.4,63.1,4.8,359,N,4.8,0,13,7.9,680.3,OK
13/06/2026 10:13,24.4,59.8,4.8,309,NW,6.4,0,13,7.8,678.6,OK
13/06/2026 10:14,24.4,62.2,0,34,NE,6.4,0,13,7.9,682.1,OK
13/06/2026 10:15,24.5,60.4,4.8,360,N,6.4,0,13,7.9,689.1,OK
13/06/2026 10:16,24.5,60.8,1.6,104,ESE,6.4,0,13,8,689.1,OK
13/06/2026 10:17,24.5,61.6,1.6,52,NE,6.4,0,13,8,689.1,OK
13/06/2026 10:18,24.6,62.8,3.2,76,ENE,6.4,0,13,8,690.9,OK
13/06/2026 10:19,24.6,63.5,3.2,41,NE,6.4,0,13,8,687.4,OK
13/06/2026 10:20,24.7,62.6,1.6,41,NE,6.4,0,13,8,687.4,OK
13/06/2026 10:21,24.7,62.6,1.6,326,NW,6.4,0,13,8,692.6,OK
13/06/2026 10:22,24.8,62.7,0,20,NNE,6.4,0,13,7.5,629.3,OK
13/06/2026 10:23,24.8,63.5,1.6,34,NE,4.8,0,13,8.4,726,OK
13/06/2026 10:24,24.9,61.2,0,28,NNE,4.8,0,13,8.4,729.5,OK
13/06/2026 10:25,24.9,60.7,0,0,N,4.8,0,13,8,610,OK
13/06/2026 10:26,25,61.8,0,0,N,4.8,0,13,8.1,638.1,OK
13/06/2026 10:27,25.1,62,0,14,NNE,4.8,0,13,8.7,571.3,OK
13/06/2026 10:28,25.2,62.1,0,226,SW,4.8,0,13,7.8,597.7,OK
13/06/2026 10:29,25.3,62.6,0,253,WSW,3.2,0,13,8.6,738.3,OK
13/06/2026 10:30,25.3,59.6,3.2,285,WNW,4.8,0,13,8.9,683.8,OK
13/06/2026 10:31,25.4,60.1,0,326,NW,4.8,0,13,8.4,729.5,OK
13/06/2026 10:32,25.4,57.7,1.6,309,NW,4.8,0,13,9.1,808.7,OK
13/06/2026 10:33,25.4,56.1,1.6,66,ENE,4.8,0,13,9.3,842.1,OK
13/06/2026 10:34,25.5,55.1,3.2,6,N,4.8,0,13,8.6,694.4,OK
13/06/2026 10:35,25.5,56.3,0,25,NNE,6.4,0,13,7.3,610,OK
13/06/2026 10:36,25.5,55.8,0,64,ENE,6.4,0,13,8.6,576.6,OK
13/06/2026 10:37,25.6,56.3,0,61,ENE,6.4,0,13,7.7,634.6,OK
13/06/2026 10:38,25.6,56.6,4.8,0,N,6.4,0,13,8,497.5,OK
13/06/2026 10:39,25.7,54.4,1.6,10,N,6.4,0,13,7.1,492.2,OK
13/06/2026 10:40,25.6,50.6,0,59,ENE,6.4,0,13,7.2,610,OK
13/06/2026 10:41,25.6,50.2,0,59,ENE,6.4,0,13,6.8,471.1,OK
13/06/2026 10:42,25.7,52.4,0,32,NNE,6.4,0,13,7,529.1,OK
13/06/2026 10:43,25.7,50.5,0,32,NNE,6.4,0,13,7.3,497.5,OK
13/06/2026 10:44,25.8,51,0,32,NNE,6.4,0,13,7.4,843.8,OK
13/06/2026 10:45,25.8,51.6,3.2,188,S,6.4,0,13,7.5,479.9,OK
13/06/2026 10:46,25.8,52,3.2,206,SSW,6.4,0,13,6.5,428.9,OK
13/06/2026 10:47,25.8,52,0,208,SSW,4.8,0,13,6.9,550.2,OK
13/06/2026 10:48,25.8,53.1,1.6,246,WSW,4.8,0,13,7.8,504.5,OK
13/06/2026 10:49,25.8,53.4,1.6,239,WSW,4.8,0,13,7.8,455.3,OK
13/06/2026 10:50,25.8,53.5,3.2,219,SW,4.8,0,13,9.7,680.3,OK
13/06/2026 10:51,25.7,53.5,1.6,236,SW,4.8,0,13,10.3,859.6,OK
13/06/2026 10:52,25.6,52.8,0,232,SW,4.8,0,13,10.1,736.6,OK
13/06/2026 10:53,25.6,53.4,1.6,196,SSW,4.8,0,13,10.2,847.3,OK
13/06/2026 10:54,25.6,52.8,0,212,SSW,4.8,0,13,8.5,785.8,OK
13/06/2026 10:55,25.6,53.8,3.2,284,WNW,4.8,0,13,9.7,727.8,OK
13/06/2026 10:56,25.6,51.3,1.6,320,NW,6.4,0,13,9.2,854.4,OK
13/06/2026 10:57,25.6,49.8,0,312,NW,6.4,0,13,9.9,701.4,OK
13/06/2026 10:58,25.7,51.5,3.2,260,W,6.4,0,13,10.4,866.7,OK
13/06/2026 10:59,25.6,49.9,6.4,268,W,6.4,0,13,7.9,541.4,OK
13/06/2026 11:00,25.6,49.4,3.2,248,WSW,6.4,0,13,10.1,822.7,OK
13/06/2026 11:01,25.6,51.9,3.2,272,W,6.4,0,13,10.5,842.1,OK
13/06/2026 11:02,25.6,51,0,263,W,6.4,0,13,10.3,715.5,OK
13/06/2026 11:03,25.6,49.4,0,263,W,6.4,0,13,10.7,866.7,OK
13/06/2026 11:04,25.6,50.6,1.6,227,SW,6.4,0,13,9,817.4,OK
13/06/2026 11:05,25.6,50.4,4.8,275,W,6.4,0,13,10.9,829.7,OK
13/06/2026 11:06,25.6,49.6,1.6,253,WSW,6.4,0,13,8.4,573.1,OK
13/06/2026 11:07,25.6,49.8,1.6,272,W,6.4,0,13,8.2,789.3,OK
13/06/2026 11:08,25.6,49.6,4.8,154,SSE,6.4,0,13,10,838.5,OK
13/06/2026 11:09,25.6,49.1,1.6,171,S,6.4,0,13,8.1,469.4,OK
13/06/2026 11:10,25.6,49.5,1.6,162,SSE,6.4,0,13,8,458.8,OK
13/06/2026 11:11,25.6,50,3.2,143,SE,6.4,0,13,11.1,887.8,OK
13/06/2026 11:12,25.7,49.2,0,141,SE,6.4,0,13,9.8,655.7,OK
13/06/2026 11:13,25.8,49.1,0,141,SE,6.4,0,13,10.5,954.6,OK
13/06/2026 11:14,25.8,49.5,1.6,176,S,6.4,0,13,8.8,817.4,OK
13/06/2026 11:15,25.9,47.7,1.6,175,S,4.8,0,13,11,933.5,OK
13/06/2026 11:16,26,45.6,0,179,S,4.8,0,13,10.1,873.7,OK
13/06/2026 11:17,26.1,48,8,224,SW,8,0,13,10.9,873.7,OK
13/06/2026 11:18,26.2,48.1,6.4,206,SSW,11.3,0,13,10.8,849.1,OK
13/06/2026 11:19,26.3,48.4,3.2,248,WSW,11.3,0,13,10.7,842.1,OK
13/06/2026 11:20,26.3,46.8,1.6,213,SSW,11.3,0,13,10.7,835,OK
13/06/2026 11:21,26.4,47,8,264,W,11.3,0,13,10.7,829.7,OK
13/06/2026 11:22,26.4,44.5,3.2,296,WNW,11.3,0,13,10.7,829.7,OK
13/06/2026 11:23,26.3,45.6,3.2,257,WSW,11.3,0,13,10.7,824.5,OK
13/06/2026 11:24,26.3,43.8,8,280,W,11.3,0,13,10.8,822.7,OK
13/06/2026 11:25,26.3,44,3.2,352,N,11.3,0,13,10.8,822.7,OK
13/06/2026 11:26,26.3,44.8,1.6,168,SSE,9.7,0,13,10.8,821,OK
13/06/2026 11:27,26.3,42.6,3.2,271,W,9.7,0,13,10.8,819.2,OK
13/06/2026 11:28,26.4,43.7,3.2,208,SSW,9.7,0,13,10.9,819.2,OK
13/06/2026 11:29,26.4,43,4.8,202,SSW,9.7,0,13,10.9,821,OK
13/06/2026 11:30,26.4,42.2,0,182,S,9.7,0,13,10.9,824.5,OK
13/06/2026 11:31,26.5,42.9,1.6,287,WNW,9.7,0,13,11,822.7,OK
13/06/2026 11:32,26.6,44,3.2,205,SSW,9.7,0,13,11,822.7,OK
13/06/2026 11:33,26.6,45.4,1.6,305,NW,8,0,13,11,822.7,OK
13/06/2026 11:34,26.8,43.7,8,240,WSW,8,0,13,11.1,826.2,OK
13/06/2026 11:35,26.8,42.1,0,289,WNW,8,0,13,11.1,822.7,OK
13/06/2026 11:36,26.8,42.5,1.6,145,SE,8,0,13,11.1,822.7,OK
13/06/2026 11:37,26.9,43,1.6,302,WNW,8,0,13,11.1,824.5,OK
13/06/2026 11:38,26.9,44.9,1.6,229,SW,8,0,13,11.1,822.7,OK
13/06/2026 11:39,27,41.4,4.8,168,SSE,8,0,13,11.1,824.5,OK
13/06/2026 11:40,27.1,44.1,6.4,308,NW,9.7,0,13,11.1,822.7,OK
13/06/2026 11:42,27.1,42.5,3.2,256,WSW,9.7,0,13,11.2,829.7,OK
13/06/2026 11:43,27.2,43.5,3.2,224,SW,9.7,0,13,11.2,828,OK
13/06/2026 11:44,27.3,42.4,3.2,311,NW,9.7,0,13,11.2,826.2,OK
13/06/2026 11:45,27.3,42.3,6.4,272,W,9.7,0,13,11.2,829.7,OK
13/06/2026 11:46,27.3,39.8,3.2,304,WNW,9.7,0,13,11.3,831.5,OK
13/06/2026 11:47,27.2,41.5,6.4,226,SW,9.7,0,13,11.3,833.3,OK
13/06/2026 11:48,27.1,40.7,4.8,227,SW,9.7,0,13,11.3,835,OK
13/06/2026 11:49,27,40.8,1.6,144,SE,9.7,0,13,11.3,835,OK
13/06/2026 11:50,27,41.2,1.6,229,SW,8,0,13,11.3,836.8,OK
13/06/2026 11:51,27,42.4,4.8,315,NW,8,0,13,11.3,835,OK
13/06/2026 11:52,27,41.6,3.2,229,SW,8,0,13,11.3,831.5,OK
13/06/2026 11:53,27,41.3,6.4,241,WSW,8,0,13,11.3,831.5,OK
13/06/2026 11:54,27,40.8,6.4,256,WSW,8,0,13,11.3,835,OK
13/06/2026 11:55,27,42.3,6.4,313,NW,8,0,13,11.4,835,OK
13/06/2026 11:56,27,41.1,0,292,WNW,8,0,13,11.4,836.8,OK
13/06/2026 11:57,27,41.8,4.8,284,WNW,8,0,13,11.4,838.5,OK
13/06/2026 11:58,27,40.8,4.8,313,NW,8,0,13,11.4,836.8,OK
13/06/2026 11:59,26.9,40.9,4.8,285,WNW,8,0,13,11.4,836.8,OK
13/06/2026 12:00,26.9,39.6,1.6,232,SW,8,0,13,11.4,836.8,OK
13/06/2026 12:01,26.9,40.9,6.4,191,S,8,0,13,11.4,836.8,OK
13/06/2026 12:02,27,44.1,0,253,WSW,8,0,13,11.3,835,OK
13/06/2026 12:03,27,48.6,3.2,232,SW,8,0,13,11.4,835,OK
13/06/2026 12:04,27,48,1.6,319,NW,8,0,13,11.3,835,OK
13/06/2026 12:05,27.1,49.9,6.4,318,NW,8,0,13,11.3,833.3,OK
13/06/2026 12:06,27.1,49.3,4.8,224,SW,9.7,0,13,11.3,833.3,OK
13/06/2026 12:07,27.1,49.1,4.8,241,WSW,9.7,0,13,11.3,833.3,OK
13/06/2026 12:08,27.1,48.2,4.8,274,W,9.7,0,13,11.3,835,OK
13/06/2026 12:09,27.1,48.4,1.6,167,SSE,9.7,0,13,11.2,833.3,OK
13/06/2026 12:10,27.1,49.2,3.2,181,S,9.7,0,13,11.3,835,OK
13/06/2026 12:11,27.2,48.8,8,237,WSW,9.7,0,13,11.3,835,OK
13/06/2026 12:12,27.3,47.5,4.8,182,S,9.7,0,13,11.4,840.3,OK
13/06/2026 12:13,27.3,45.4,3.2,233,SW,9.7,0,13,11.5,842.1,OK
13/06/2026 12:14,27.3,47.1,0,240,WSW,9.7,0,13,11.5,842.1,OK
13/06/2026 12:15,27.4,48.6,8,241,WSW,16.1,0,13,11.4,842.1,OK
13/06/2026 12:16,27.4,47.4,8,171,S,16.1,0,13,11.4,840.3,OK
13/06/2026 12:17,27.4,47.7,6.4,202,SSW,16.1,0,13,11.3,838.5,OK
13/06/2026 12:18,27.4,47.7,6.4,208,SSW,16.1,0,13,11.3,836.8,OK
13/06/2026 12:19,27.4,46.2,3.2,294,WNW,16.1,0,13,11.3,836.8,OK
13/06/2026 12:20,27.4,45.3,3.2,230,SW,16.1,0,13,11.3,840.3,OK
13/06/2026 12:21,27.4,46.4,4.8,256,WSW,16.1,0,13,11.3,838.5,OK
13/06/2026 12:22,27.4,47.2,6.4,161,SSE,16.1,0,13,11.2,836.8,OK
13/06/2026 12:23,27.4,48.3,4.8,165,SSE,16.1,0,13,11.3,838.5,OK
13/06/2026 12:24,27.4,48.3,6.4,178,S,16.1,0,13,11.3,838.5,OK
13/06/2026 12:25,27.5,48.3,6.4,234,SW,11.3,0,13,11.3,836.8,OK
13/06/2026 12:26,27.4,47.7,4.8,157,SSE,11.3,0,13,11.3,840.3,OK
13/06/2026 12:27,27.4,47.5,1.6,178,S,12.9,0,13,11.2,838.5,OK
13/06/2026 12:28,27.5,48.7,3.2,203,SSW,12.9,0,13,11.3,840.3,OK
13/06/2026 12:29,27.5,47.7,3.2,209,SSW,12.9,0,13,11.3,842.1,OK
13/06/2026 12:30,27.5,48,1.6,202,SSW,12.9,0,13,11.3,836.8,OK
13/06/2026 12:31,27.6,48.3,4.8,167,SSE,12.9,0,13,11.2,836.8,OK
13/06/2026 12:32,27.7,46.5,11.3,165,SSE,12.9,0,13,11.2,831.5,OK
13/06/2026 12:33,27.7,46.3,4.8,257,WSW,12.9,0,13,11.1,833.3,OK
13/06/2026 12:34,27.7,46.6,4.8,160,SSE,12.9,0,13,11.1,836.8,OK
13/06/2026 12:35,27.7,45.5,4.8,168,SSE,12.9,0,13,11.2,838.5,OK
13/06/2026 12:36,27.7,45.9,9.7,219,SW,12.9,0,13,11.2,840.3,OK
13/06/2026 12:37,27.6,46.3,1.6,265,W,12.9,0,13,11.2,842.1,OK
13/06/2026 12:38,27.5,46.7,3.2,234,SW,12.9,0,13,11.2,840.3,OK
13/06/2026 12:39,27.5,46.3,6.4,220,SW,12.9,0,13,11.2,840.3,OK
13/06/2026 12:40,27.5,45.9,6.4,171,S,12.9,0,13,11.1,836.8,OK
13/06/2026 12:41,27.5,45.9,4.8,205,SSW,12.9,0,13,11.2,836.8,OK
13/06/2026 12:42,27.5,46.1,3.2,247,WSW,12.9,0,13,11.2,836.8,OK
13/06/2026 12:43,27.5,46.6,4.8,244,WSW,12.9,0,13,11.2,838.5,OK
13/06/2026 12:44,27.5,46.5,3.2,219,SW,12.9,0,13,11.2,838.5,OK
13/06/2026 12:45,27.5,45.2,0,232,SW,11.3,0,13,11.2,836.8,OK
13/06/2026 12:46,27.5,46.4,8,267,W,11.3,0,13,11.1,835,OK
13/06/2026 12:47,27.5,47.9,6.4,282,WNW,11.3,0,13,11.1,835,OK
13/06/2026 12:48,27.5,47.1,3.2,212,SSW,12.9,0,13,11.1,835,OK
13/06/2026 12:49,27.5,48.2,1.6,233,SW,12.9,0,13,11.1,833.3,OK
13/06/2026 12:50,27.5,48.4,6.4,274,W,12.9,0,13,11.1,835,OK
13/06/2026 12:51,27.4,46.9,3.2,270,W,12.9,0,13,11.1,833.3,OK
13/06/2026 12:52,27.4,47.9,3.2,263,W,12.9,0,13,11.1,833.3,OK
13/06/2026 12:53,27.4,47.7,3.2,172,S,12.9,0,13,11.1,835,OK
13/06/2026 12:54,27.4,47.7,4.8,168,SSE,12.9,0,13,11.1,836.8,OK
13/06/2026 12:55,27.5,48.4,3.2,243,WSW,12.9,0,13,11.1,835,OK
13/06/2026 12:56,27.5,48,3.2,217,SW,12.9,0,13,11.1,836.8,OK
13/06/2026 12:57,27.5,47.9,0,352,N,11.3,0,13,11.1,835,OK
13/06/2026 12:58,27.6,48.4,6.4,285,WNW,11.3,0,13,11.1,833.3,OK
13/06/2026 12:59,27.6,46.8,3.2,288,WNW,9.7,0,13,11.1,833.3,OK
13/06/2026 13:00,27.6,47.4,4.8,270,W,9.7,0,13,11,831.5,OK
13/06/2026 13:01,27.6,46.8,1.6,257,WSW,9.7,0,13,11,831.5,OK
13/06/2026 13:02,27.6,48.1,1.6,219,SW,9.7,0,13,11.1,835,OK
13/06/2026 13:03,27.7,46.8,3.2,229,SW,9.7,0,13,11.1,835,OK
13/06/2026 13:04,27.7,46.2,6.4,169,S,9.7,0,13,11.1,831.5,OK
13/06/2026 13:05,27.8,46.2,0,123,ESE,8,0,13,11.1,835,OK
13/06/2026 13:06,27.8,46.5,1.6,165,SSE,8,0,13,11.1,836.8,OK
13/06/2026 13:07,27.9,47.1,1.6,107,ESE,8,0,13,11.1,835,OK
13/06/2026 13:08,27.9,45.7,1.6,206,SSW,8,0,13,11,829.7,OK
13/06/2026 13:09,28,45.8,0,28,NNE,8,0,13,11,831.5,OK
13/06/2026 13:10,28,44.5,1.6,100,E,8,0,13,11,833.3,OK
13/06/2026 13:11,28.1,44.7,1.6,215,SW,8,0,13,11,833.3,OK
13/06/2026 13:12,28.1,45.6,1.6,160,SSE,8,0,13,11.1,833.3,OK
13/06/2026 13:13,28.3,44.9,0,162,SSE,6.4,0,13,11,831.5,OK
13/06/2026 13:14,28.3,46.3,1.6,311,NW,6.4,0,13,11,805.1,OK
13/06/2026 13:15,28.4,45.4,6.4,227,SW,8,0,13,10.9,803.4,OK
13/06/2026 13:16,28.4,44.3,9.7,188,S,12.9,0,13,10.7,805.1,OK
13/06/2026 13:17,28.4,42.9,6.4,216,SW,12.9,0,13,10.7,817.4,OK
13/06/2026 13:18,28.4,43,4.8,247,WSW,12.9,0,13,10.7,829.7,OK
13/06/2026 13:19,28.3,44.1,6.4,169,S,12.9,0,13,10.9,829.7,OK
13/06/2026 13:20,28.2,42.6,3.2,212,SSW,12.9,0,13,10.8,826.2,OK
13/06/2026 13:21,28.2,42.2,3.2,236,SW,12.9,0,13,10.8,824.5,OK
13/06/2026 13:22,28.2,43.9,4.8,133,SE,12.9,0,13,10.8,826.2,OK
13/06/2026 13:23,28.1,43.7,1.6,112,ESE,12.9,0,13,10.7,826.2,OK
13/06/2026 13:24,28.1,43.8,1.6,117,ESE,12.9,0,13,10.7,824.5,OK
13/06/2026 13:25,28.2,44.7,4.8,162,SSE,11.3,0,13,10.7,821,OK
13/06/2026 13:26,28.2,43.6,6.4,220,SW,11.3,0,13,10.7,824.5,OK
13/06/2026 13:27,28.3,44.2,3.2,158,SSE,12.9,0,13,10.7,822.7,OK
13/06/2026 13:28,28.3,44,3.2,79,E,12.9,0,13,10.7,824.5,OK
13/06/2026 13:29,28.3,44,4.8,86,E,12.9,0,13,10.6,822.7,OK
13/06/2026 13:30,28.3,43.4,3.2,176,S,12.9,0,13,10.7,821,OK
13/06/2026 13:31,28.3,44.3,3.2,244,WSW,12.9,0,13,10.6,822.7,OK
13/06/2026 13:32,28.4,44.2,4.8,185,S,12.9,0,13,10.6,819.2,OK
13/06/2026 13:33,28.4,43.9,3.2,244,WSW,12.9,0,13,10.6,821,OK
13/06/2026 13:34,28.4,43.3,8,195,SSW,12.9,0,13,10.5,819.2,OK
13/06/2026 13:35,28.4,42.7,6.4,130,SE,8,0,13,10.5,819.2,OK
13/06/2026 13:36,28.4,42.4,6.4,184,S,11.3,0,13,10.4,815.7,OK
13/06/2026 13:37,28.4,42.8,3.2,145,SE,11.3,0,13,10.4,813.9,OK
13/06/2026 13:38,28.4,43.4,1.6,120,ESE,11.3,0,13,10.4,813.9,OK
13/06/2026 13:39,28.4,43.2,0,96,E,11.3,0,13,10.3,803.4,OK
13/06/2026 13:40,28.4,44.2,0,95,E,11.3,0,13,10.3,775.2,OK
13/06/2026 13:41,28.5,44.2,0,175,S,11.3,0,13,10.3,770,OK
13/06/2026 13:42,28.5,44.1,6.4,215,SW,11.3,0,13,10,773.5,OK
13/06/2026 13:43,28.6,43.2,8,89,E,11.3,0,13,10,810.4,OK
13/06/2026 13:44,28.6,43.6,9.7,127,SE,11.3,0,13,10.1,806.9,OK
13/06/2026 13:45,28.6,43.1,4.8,174,S,12.9,0,13,10.2,805.1,OK
13/06/2026 13:46,28.6,43.4,8,176,S,12.9,0,13,10.2,806.9,OK
13/06/2026 13:47,28.6,42.6,9.7,240,WSW,12.9,0,13,10.2,806.9,OK
13/06/2026 13:48,28.6,42.4,3.2,137,SE,12.9,0,13,10.1,806.9,OK
13/06/2026 13:49,28.6,42.1,11.3,169,S,12.9,0,13,10.1,805.1,OK
13/06/2026 13:50,28.6,42.6,8,195,SSW,12.9,0,13,10.1,808.7,OK
13/06/2026 13:51,28.6,41.2,8,176,S,12.9,0,13,10.1,805.1,OK
13/06/2026 13:52,28.7,41.8,4.8,254,WSW,12.9,0,13,10.1,803.4,OK
13/06/2026 13:53,28.8,42.3,4.8,227,SW,12.9,0,13,10,801.6,OK
13/06/2026 13:54,28.8,40.9,3.2,174,S,12.9,0,13,10,801.6,OK
13/06/2026 13:55,28.8,41.8,4.8,232,SW,12.9,0,13,10,803.4,OK
13/06/2026 13:56,28.9,40.4,9.7,215,SW,12.9,0,13,10,801.6,OK
13/06/2026 13:57,28.8,39.3,8,209,SSW,12.9,0,13,9.9,799.9,OK
13/06/2026 13:58,28.8,40.6,8,237,WSW,12.9,0,13,9.9,796.3,OK
13/06/2026 13:59,28.9,39.5,6.4,272,W,12.9,0,13,9.9,798.1,OK
13/06/2026 14:00,28.9,40.3,3.2,257,WSW,12.9,0,13,9.8,791.1,OK
13/06/2026 14:01,28.9,40.6,3.2,264,W,12.9,0,13,9.8,789.3,OK
13/06/2026 14:02,28.9,41.9,4.8,167,SSE,12.9,0,13,9.8,787.6,OK
13/06/2026 14:03,28.9,41.6,12.9,162,SSE,14.5,0,13,9.7,789.3,OK
13/06/2026 14:04,28.9,42.7,9.7,226,SW,14.5,0,13,9.7,787.6,OK
13/06/2026 14:05,28.9,43.8,9.7,222,SW,14.5,0,13,9.7,787.6,OK
13/06/2026 14:06,28.9,43.2,6.4,168,SSE,14.5,0,13,9.6,787.6,OK
13/06/2026 14:07,28.8,42.3,6.4,234,SW,14.5,0,13,9.5,784,OK
13/06/2026 14:08,28.7,42.5,6.4,198,SSW,14.5,0,13,9.5,782.3,OK
13/06/2026 14:09,28.6,44.3,8,179,S,14.5,0,13,9.5,778.8,OK
13/06/2026 14:10,28.6,45.1,3.2,287,WNW,14.5,0,13,9.4,780.5,OK
13/06/2026 14:11,28.7,45.4,6.4,239,WSW,14.5,0,13,9.4,778.8,OK
13/06/2026 14:12,28.7,44.9,8,241,WSW,14.5,0,13,9.4,777,OK
13/06/2026 14:13,28.7,44.6,9.7,240,WSW,17.7,0,13,9.3,778.8,OK
13/06/2026 14:14,28.8,44.6,4.8,215,SW,17.7,0,13,9.3,777,OK
13/06/2026 14:15,28.8,43.4,6.4,222,SW,17.7,0,13,9.3,775.2,OK
13/06/2026 14:16,28.7,43.6,4.8,217,SW,17.7,0,13,9.2,773.5,OK
13/06/2026 14:17,28.7,43.9,8,248,WSW,17.7,0,13,9.2,770,OK
13/06/2026 14:18,28.7,42,4.8,199,SSW,17.7,0,13,9.1,768.2,OK
13/06/2026 14:19,28.6,42.4,3.2,278,W,17.7,0,13,9.1,770,OK
13/06/2026 14:20,28.6,43,12.9,213,SSW,17.7,0,13,9.1,768.2,OK
13/06/2026 14:21,28.6,41.8,9.7,203,SSW,17.7,0,13,9,766.5,OK
13/06/2026 14:22,28.6,41.6,8,202,SSW,17.7,0,13,9,766.5,OK
13/06/2026 14:23,28.5,42,11.3,216,SW,17.7,0,13,8.9,762.9,OK
13/06/2026 14:24,28.5,41.9,6.4,243,WSW,17.7,0,13,8.9,764.7,OK
13/06/2026 14:25,28.6,41.6,6.4,281,W,17.7,0,13,8.9,762.9,OK
13/06/2026 14:26,28.6,41.7,6.4,193,SSW,20.9,0,13,8.8,761.2,OK
13/06/2026 14:27,28.6,42.5,9.7,155,SSE,20.9,0,13,8.8,761.2,OK
13/06/2026 14:28,28.6,42,4.8,240,WSW,20.9,0,13,8.8,759.4,OK
13/06/2026 14:29,28.6,41.7,12.9,227,SW,20.9,0,13,8.7,755.9,OK
13/06/2026 14:30,28.6,40.7,14.5,220,SW,20.9,0,13,8.6,755.9,OK
13/06/2026 14:31,28.6,41.1,9.7,230,SW,20.9,0,13,8.6,755.9,OK
13/06/2026 14:32,28.6,42.7,3.2,209,SSW,20.9,0,13,8.6,752.4,OK
13/06/2026 14:33,28.8,41.3,9.7,179,S,20.9,0,13,8.5,752.4,OK
13/06/2026 14:34,28.8,41.3,8,137,SE,20.9,0,13,8.5,750.6,OK
13/06/2026 14:35,28.8,41.4,9.7,186,S,19.3,0,13,8.5,747.1,OK
13/06/2026 14:36,28.9,41.3,4.8,179,S,19.3,0,13,8.4,747.1,OK
13/06/2026 14:37,29,40.3,8,151,SSE,19.3,0,13,8.4,747.1,OK
13/06/2026 14:38,29,39.2,8,224,SW,19.3,0,13,8.3,743.6,OK
13/06/2026 14:39,29,39.9,6.4,226,SW,16.1,0,13,8.3,740.1,OK
13/06/2026 14:40,29,40.3,12.9,162,SSE,16.1,0,13,8.2,740.1,OK
13/06/2026 14:41,29,40.3,4.8,217,SW,16.1,0,13,8.2,736.6,OK
13/06/2026 14:42,29.1,40.8,8,209,SSW,16.1,0,13,8.1,734.8,OK
13/06/2026 14:43,29.1,41.7,8,213,SSW,16.1,0,13,8.1,736.6,OK
13/06/2026 14:44,29.1,39.9,6.4,219,SW,16.1,0,13,8.1,738.3,OK
13/06/2026 14:45,29.1,40.4,8,212,SSW,16.1,0,13,8.1,738.3,OK
13/06/2026 14:46,29.1,40.3,14.5,184,S,16.1,0,13,8.1,747.1,OK
13/06/2026 14:47,29.1,40,11.3,199,SSW,17.7,0,13,8,729.5,OK
13/06/2026 14:48,29,39.5,14.5,232,SW,17.7,0,13,8,696.1,OK
13/06/2026 14:49,29,39.7,4.8,14,NNE,17.7,0,13,8,701.4,OK
13/06/2026 14:50,29,39.7,4.8,223,SW,17.7,0,13,7.7,722.5,OK
13/06/2026 14:51,29,40.1,6.4,227,SW,17.7,0,13,7.5,745.4,OK
13/06/2026 14:52,29,40.3,8,222,SW,17.7,0,13,7.3,743.6,OK
13/06/2026 14:53,29,40.4,4.8,247,WSW,17.7,0,13,7.6,745.4,OK
13/06/2026 14:54,29,41.1,12.9,267,W,17.7,0,13,7.7,736.6,OK
13/06/2026 14:55,29,39.7,9.7,189,S,17.7,0,13,7.7,743.6,OK
13/06/2026 14:56,29,40.2,6.4,193,SSW,17.7,0,13,7.7,743.6,OK
13/06/2026 14:57,29,40.6,9.7,185,S,17.7,0,13,7.7,755.9,OK
13/06/2026 14:58,29.1,39.7,9.7,222,SW,17.7,0,13,7.7,761.2,OK
13/06/2026 14:59,29.1,39.8,11.3,246,WSW,17.7,0,13,7.7,768.2,OK
13/06/2026 15:00,29.1,40.1,8,145,SE,17.7,0,13,7.7,773.5,OK
13/06/2026 15:01,29.1,41,9.7,168,SSE,17.7,0,13,7.6,784,OK
13/06/2026 15:02,29.2,41.1,6.4,199,SSW,17.7,0,13,7.6,784,OK
13/06/2026 15:03,29.2,42.3,8,217,SW,17.7,0,13,7.6,784,OK
13/06/2026 15:04,29.3,40.5,8,239,WSW,17.7,0,13,7.5,782.3,OK
13/06/2026 15:05,29.3,40.6,6.4,198,SSW,17.7,0,13,7.5,784,OK
13/06/2026 15:06,29.3,39.9,3.2,151,SSE,17.7,0,13,7.5,785.8,OK
13/06/2026 15:07,29.3,41,4.8,178,S,16.1,0,13,7.5,798.1,OK
13/06/2026 15:08,29.4,41.2,11.3,178,S,16.1,0,13,6.3,664.5,OK
13/06/2026 15:09,29.4,40.5,6.4,154,SSE,16.1,0,13,5.7,385,OK
13/06/2026 15:10,29.4,41.1,3.2,210,SSW,16.1,0,13,4.8,409.6,OK
13/06/2026 15:11,29.3,41.7,12.9,224,SW,16.1,0,13,4.1,293.6,OK
13/06/2026 15:12,29.3,40.8,6.4,161,SSE,16.1,0,13,4.1,279.5,OK
13/06/2026 15:13,29.3,40.9,6.4,185,S,16.1,0,13,4.5,339.3,OK
13/06/2026 15:14,29.2,41,6.4,140,SE,16.1,0,13,6.9,541.4,OK
13/06/2026 15:15,29.1,39.9,14.5,174,S,16.1,0,13,5.1,430.7,OK
13/06/2026 15:16,29,39.9,8,161,SSE,16.1,0,13,5.5,738.3,OK
13/06/2026 15:17,29,40.6,6.4,167,SSE,16.1,0,13,5.1,355.1,OK
13/06/2026 15:18,29,41,4.8,174,S,16.1,0,13,7.2,819.2,OK
13/06/2026 15:19,29,41.7,9.7,172,S,16.1,0,13,7.2,610,OK
13/06/2026 15:20,29,42.1,8,150,SSE,16.1,0,13,5,497.5,OK
13/06/2026 15:21,29.1,41.7,11.3,203,SSW,16.1,0,13,7.3,465.9,OK
13/06/2026 15:22,29.1,41.7,12.9,212,SSW,16.1,0,13,4.8,323.5,OK
13/06/2026 15:23,29,40.6,9.7,179,S,16.1,0,13,4,286.5,OK
13/06/2026 15:24,29,41.7,6.4,161,SSE,16.1,0,13,4,276,OK
13/06/2026 15:25,29,42.1,6.4,237,WSW,16.1,0,13,3.7,253.1,OK
13/06/2026 15:26,29,42.7,8,176,S,16.1,0,13,3.6,240.8,OK
13/06/2026 15:27,29,41.8,11.3,184,S,16.1,0,13,3.5,235.6,OK
13/06/2026 15:28,28.9,42.6,4.8,229,SW,16.1,0,13,3.4,232,OK
13/06/2026 15:29,28.9,41.8,8,164,SSE,16.1,0,13,3.4,237.3,OK
13/06/2026 15:30,28.9,43.1,3.2,250,WSW,14.5,0,13,3.4,242.6,OK
13/06/2026 15:31,28.9,43.3,11.3,161,SSE,14.5,0,13,3.5,246.1,OK
13/06/2026 15:32,28.8,43.7,4.8,244,WSW,14.5,0,13,3.4,237.3,OK
13/06/2026 15:33,28.8,43.7,8,210,SSW,14.5,0,13,3.3,235.6,OK
13/06/2026 15:34,28.7,42.9,11.3,186,S,16.1,0,13,3.3,239.1,OK
13/06/2026 15:35,28.8,42.3,4.8,200,SSW,16.1,0,13,3.3,246.1,OK
13/06/2026 15:36,28.7,41.7,6.4,224,SW,16.1,0,13,3.5,267.2,OK
13/06/2026 15:37,28.6,42,1.6,236,SW,16.1,0,13,4.3,385,OK
13/06/2026 15:38,28.6,41.3,6.4,185,S,16.1,0,13,3.3,260.2,OK
13/06/2026 15:39,28.6,41.2,4.8,175,S,16.1,0,13,3.3,260.2,OK
13/06/2026 15:40,28.6,40.2,6.4,209,SSW,16.1,0,13,3.2,261.9,OK
13/06/2026 15:41,28.6,40.6,12.9,178,S,16.1,0,13,3.2,265.4,OK
13/06/2026 15:42,28.6,40.8,4.8,196,SSW,17.7,0,13,3.2,270.7,OK
13/06/2026 15:43,28.6,40.2,8,220,SW,17.7,0,13,3.4,441.2,OK
13/06/2026 15:44,28.6,39.6,8,172,S,17.7,0,13,3.3,297.1,OK
13/06/2026 15:45,28.6,40,3.2,241,WSW,17.7,0,13,3.3,290.1,OK
13/06/2026 15:46,28.6,40.4,8,172,S,17.7,0,13,3.3,311.2,OK
13/06/2026 15:47,28.5,40.6,4.8,277,W,17.7,0,13,3.2,284.8,OK
13/06/2026 15:48,28.6,40.7,8,263,W,17.7,0,13,3.2,281.3,OK
13/06/2026 15:49,28.6,40.9,6.4,168,SSE,17.7,0,13,3.2,286.5,OK
13/06/2026 15:50,28.5,40.7,8,196,SSW,17.7,0,13,3.2,293.6,OK
13/06/2026 15:51,28.6,40.6,1.6,216,SW,14.5,0,13,4.2,293.6,OK
13/06/2026 15:52,28.6,41,4.8,172,S,14.5,0,13,3.2,305.9,OK
13/06/2026 15:53,28.6,41.6,6.4,188,S,14.5,0,13,3.1,293.6,OK
13/06/2026 15:54,28.6,40.2,6.4,193,SSW,14.5,0,13,3.1,290.1,OK
13/06/2026 15:55,28.6,41.4,4.8,226,SW,14.5,0,13,3.1,293.6,OK
13/06/2026 15:56,28.6,42.1,4.8,213,SSW,14.5,0,13,3.1,298.8,OK
13/06/2026 15:57,28.7,41.7,1.6,250,WSW,14.5,0,13,3.1,304.1,OK
13/06/2026 15:58,28.7,41,6.4,215,SW,14.5,0,13,3.1,302.4,OK
13/06/2026 15:59,28.7,41.3,1.6,222,SW,14.5,0,13,3.1,302.4,OK
13/06/2026 16:00,28.8,41.9,14.5,175,S,14.5,0,13,3,302.4,OK
13/06/2026 16:01,28.8,41.6,3.2,271,W,14.5,0,13,3.1,309.4,OK
13/06/2026 16:02,28.8,42.1,9.7,243,WSW,14.5,0,13,3,312.9,OK
13/06/2026 16:03,28.8,41.5,12.9,168,SSE,14.5,0,13,3,316.4,OK
13/06/2026 16:04,28.7,41.6,11.3,349,NNW,14.5,0,13,2.8,283,OK
13/06/2026 16:05,28.6,41.1,8,229,SW,16.1,0,13,2.8,277.8,OK
13/06/2026 16:06,28.6,41.6,1.6,195,SSW,16.1,0,13,2.8,279.5,OK
13/06/2026 16:07,28.6,41.9,6.4,280,W,16.1,0,13,2.8,284.8,OK
13/06/2026 16:08,28.6,42.1,8,206,SSW,16.1,0,13,2.9,304.1,OK
13/06/2026 16:09,28.6,42,12.9,143,SE,16.1,0,13,3.2,353.3,OK
13/06/2026 16:10,28.6,42.5,4.8,167,SSE,16.1,0,13,3.3,409.6,OK
13/06/2026 16:11,28.6,42.9,4.8,243,WSW,16.1,0,13,3.6,443,OK
13/06/2026 16:12,28.6,42.6,12.9,154,SSE,16.1,0,13,3.9,360.4,OK
13/06/2026 16:13,28.6,41.9,3.2,184,S,16.1,0,13,2.9,318.2,OK
13/06/2026 16:14,28.6,42.1,3.2,193,SSW,16.1,0,13,3.4,418.4,OK
13/06/2026 16:15,28.7,42.3,4.8,182,S,16.1,0,13,2.7,418.4,OK
13/06/2026 16:16,28.7,42.3,8,220,SW,16.1,0,13,2.7,304.1,OK
13/06/2026 16:17,28.7,42.1,3.2,229,SW,16.1,0,13,2.9,355.1,OK
13/06/2026 16:18,28.8,42.5,6.4,223,SW,16.1,0,13,2.7,311.2,OK
13/06/2026 16:19,28.8,42,6.4,192,SSW,16.1,0,13,2.7,314.7,OK
13/06/2026 16:20,28.8,42.1,8,234,SW,16.1,0,13,2.7,432.5,OK
13/06/2026 16:21,28.8,41.1,6.4,195,SSW,16.1,0,13,2.6,314.7,OK
13/06/2026 16:22,28.8,41,8,147,SSE,16.1,0,13,3.7,627.6,OK
13/06/2026 16:23,28.8,40.7,6.4,179,S,16.1,0,13,2.4,279.5,OK
13/06/2026 16:24,28.8,40.2,6.4,154,SSE,16.1,0,13,2.4,265.4,OK
13/06/2026 16:25,28.8,40.7,4.8,172,S,16.1,0,13,2.2,254.9,OK
13/06/2026 16:26,28.9,41.3,1.6,243,WSW,16.1,0,13,2.2,256.7,OK
13/06/2026 16:27,28.9,40.7,8,195,SSW,16.1,0,13,2.4,277.8,OK
13/06/2026 16:28,28.9,40.8,3.2,261,W,16.1,0,13,3.2,509.8,OK
13/06/2026 16:29,28.9,40.8,8,164,SSE,16.1,0,13,2.9,617,OK
13/06/2026 16:30,29,40.9,4.8,188,S,16.1,0,13,3.2,603,OK
13/06/2026 16:31,29,41.1,3.2,217,SW,16.1,0,13,2.3,288.3,OK
13/06/2026 16:32,29.1,41.6,6.4,167,SSE,14.5,0,13,2.2,423.7,OK
13/06/2026 16:33,29.1,39.9,4.8,219,SW,14.5,0,13,2,256.7,OK
13/06/2026 16:34,29.1,39.3,4.8,178,S,12.9,0,13,2,235.6,OK
13/06/2026 16:35,29.1,39.1,8,220,SW,12.9,0,13,1.9,237.3,OK
13/06/2026 16:36,29.1,39,3.2,200,SSW,12.9,0,13,2.3,397.3,OK
13/06/2026 16:37,29.1,39.1,4.8,234,SW,12.9,0,13,2.2,381.5,OK
13/06/2026 16:38,29.1,39.2,8,162,SSE,12.9,0,13,2.7,501,OK
13/06/2026 16:39,29.1,38.4,8,234,SW,12.9,0,13,2.3,365.7,OK
13/06/2026 16:40,29.1,38.5,8,206,SSW,16.1,0,13,2.3,381.5,OK
13/06/2026 16:41,29.1,38.7,4.8,237,WSW,16.1,0,13,2.4,446.5,OK
13/06/2026 16:42,29.2,38.6,3.2,236,SW,16.1,0,13,2.3,418.4,OK
13/06/2026 16:43,29.2,39.1,4.8,220,SW,16.1,0,13,1.9,258.4,OK
13/06/2026 16:44,29.2,38.4,4.8,199,SSW,16.1,0,13,1.6,175.8,OK
13/06/2026 16:45,29.2,39,3.2,248,WSW,16.1,0,13,1.6,167,OK
13/06/2026 16:46,29.1,38.5,4.8,160,SSE,16.1,0,13,1.5,168.8,OK
13/06/2026 16:47,29.1,38.4,9.7,260,W,16.1,0,13,1.5,172.3,OK
13/06/2026 16:48,29,37.7,4.8,284,WNW,16.1,0,13,1.5,174,OK
13/06/2026 16:49,29,37.7,11.3,196,SSW,12.9,0,13,1.5,174,OK
13/06/2026 16:50,28.9,37.7,4.8,216,SW,16.1,0,13,1.5,172.3,OK
13/06/2026 16:51,28.8,38.5,4.8,191,S,16.1,0,13,1.5,170.5,OK
13/06/2026 16:52,28.8,38.3,6.4,155,SSE,16.1,0,13,1.4,167,OK
13/06/2026 16:53,28.8,38.2,8,184,S,16.1,0,13,1.4,165.2,OK
13/06/2026 16:54,28.7,39,3.2,232,SW,16.1,0,13,1.4,163.5,OK
13/06/2026 16:55,28.6,39,9.7,138,SE,16.1,0,13,1.4,165.2,OK
13/06/2026 16:56,28.6,38.7,9.7,254,WSW,16.1,0,13,1.4,170.5,OK
13/06/2026 16:57,28.6,39,4.8,229,SW,16.1,0,13,1.4,175.8,OK
13/06/2026 16:58,28.6,39.1,8,191,S,16.1,0,13,1.4,181.1,OK
13/06/2026 16:59,28.5,39.5,3.2,181,S,12.9,0,13,1.3,181.1,OK
13/06/2026 17:00,28.5,39.6,4.8,220,SW,12.9,0,13,1.3,175.8,OK
13/06/2026 17:01,28.5,39.6,3.2,210,SSW,12.9,0,13,1.3,170.5,OK
13/06/2026 17:02,28.5,39.9,4.8,253,WSW,12.9,0,13,1.2,161.7,OK
13/06/2026 17:03,28.5,39.6,9.7,189,S,12.9,0,13,1.2,151.2,OK
13/06/2026 17:04,28.5,40.2,6.4,160,SSE,12.9,0,13,1.1,135.4,OK
13/06/2026 17:05,28.5,38.6,8,188,S,12.9,0,13,1.1,130.1,OK
13/06/2026 17:06,28.5,38,11.3,202,SSW,12.9,0,13,1.1,126.6,OK
13/06/2026 17:07,28.4,38.5,6.4,193,SSW,12.9,0,13,1,123.1,OK
13/06/2026 17:08,28.4,38.4,8,152,SSE,12.9,0,13,1,119.5,OK
13/06/2026 17:09,28.4,39,3.2,191,S,12.9,0,13,1,117.8,OK
13/06/2026 17:10,28.4,39.4,3.2,213,SSW,12.9,0,13,1,116,OK
13/06/2026 17:11,28.4,39.4,3.2,182,S,12.9,0,13,1,114.3,OK
13/06/2026 17:12,28.4,39.3,6.4,200,SSW,12.9,0,13,1,112.5,OK
13/06/2026 17:13,28.4,39.2,6.4,223,SW,12.9,0,13,1,110.7,OK
13/06/2026 17:14,28.3,39.2,3.2,236,SW,12.9,0,13,1,110.7,OK
13/06/2026 17:15,28.4,39.3,3.2,126,SE,12.9,0,13,0.9,100.2,OK
13/06/2026 17:16,28.3,39.1,6.4,233,SW,11.3,0,13,0.9,98.4,OK
13/06/2026 17:17,28.3,38.8,4.8,215,SW,11.3,0,13,0.9,98.4,OK
13/06/2026 17:18,28.3,38.7,4.8,179,S,11.3,0,13,0.9,98.4,OK
13/06/2026 17:19,28.3,39.3,3.2,234,SW,11.3,0,13,0.9,98.4,OK
13/06/2026 17:21,28.2,39.2,3.2,215,SW,11.3,0,13,0.9,102,OK
13/06/2026 17:22,28.2,39.6,8,160,SSE,11.3,0,13,0.9,105.5,OK
13/06/2026 17:23,28.2,39.4,4.8,182,S,11.3,0,13,0.9,107.2,OK
13/06/2026 17:24,28.2,39.5,1.6,155,SSE,11.3,0,13,0.9,109,OK
13/06/2026 17:25,28.2,39.9,3.2,202,SSW,11.3,0,13,0.9,109,OK
13/06/2026 17:26,28.1,38.9,12.9,145,SE,11.3,0,13,0.9,107.2,OK
13/06/2026 17:27,28.1,39.5,8,169,S,12.9,0,13,0.9,105.5,OK
13/06/2026 17:28,28.1,39.5,3.2,192,SSW,12.9,0,13,0.8,100.2,OK
13/06/2026 17:29,28.1,39.6,6.4,212,SSW,12.9,0,13,0.8,102,OK
13/06/2026 17:30,28,39.2,6.4,229,SW,16.1,0,13,0.8,100.2,OK
13/06/2026 17:31,28,39.7,6.4,189,S,16.1,0,13,0.8,98.4,OK
13/06/2026 17:32,28,39.6,8,155,SSE,16.1,0,13,0.8,96.7,OK
13/06/2026 17:33,28,38.9,6.4,209,SSW,16.1,0,13,0.8,98.4,OK
13/06/2026 17:34,27.9,39.2,8,239,WSW,16.1,0,13,0.8,98.4,OK
13/06/2026 17:35,27.9,39.2,4.8,222,SW,16.1,0,13,0.8,96.7,OK
13/06/2026 17:36,27.8,38.7,6.4,196,SSW,17.7,0,13,0.8,94.9,OK
13/06/2026 17:37,27.8,38.7,4.8,237,WSW,17.7,0,13,0.8,94.9,OK
13/06/2026 17:38,27.8,38,11.3,172,S,17.7,0,13,0.8,96.7,OK
13/06/2026 17:39,27.7,38.1,9.7,186,S,17.7,0,13,0.8,94.9,OK
13/06/2026 17:40,27.7,38.3,9.7,171,S,17.7,0,13,0.7,94.9,OK
13/06/2026 17:41,27.6,38.6,8,247,WSW,17.7,0,13,0.7,96.7,OK
13/06/2026 17:42,27.6,38.3,4.8,169,S,17.7,0,13,0.7,110.7,OK
13/06/2026 17:43,27.6,38.9,6.4,212,SSW,17.7,0,13,0.7,133.6,OK
13/06/2026 17:44,27.6,39,9.7,185,S,17.7,0,13,0.8,158.2,OK
13/06/2026 17:45,27.5,38.2,6.4,224,SW,14.5,0,13,0.8,237.3,OK
13/06/2026 17:46,27.5,38.9,14.5,182,S,14.5,0,13,0.8,247.9,OK
13/06/2026 17:47,27.5,38.2,4.8,174,S,16.1,0,13,0.8,246.1,OK
13/06/2026 17:48,27.6,39.1,6.4,145,SE,16.1,0,13,0.7,246.1,OK
13/06/2026 17:49,27.5,38.4,8,210,SSW,16.1,0,13,0.7,242.6,OK
13/06/2026 17:50,27.6,38.5,6.4,171,S,16.1,0,13,0.7,237.3,OK
13/06/2026 17:51,27.5,38.6,6.4,182,S,16.1,0,13,0.7,200.4,OK
13/06/2026 17:52,27.5,38.1,3.2,175,S,16.1,0,13,0.6,135.4,OK
13/06/2026 17:53,27.5,38.2,8,161,SSE,17.7,0,13,0.6,151.2,OK
13/06/2026 17:54,27.5,38.3,4.8,128,SE,17.7,0,13,0.6,216.2,OK
13/06/2026 17:55,27.5,38.3,4.8,176,S,17.7,0,13,0.6,211,OK
13/06/2026 17:56,27.5,38.7,4.8,154,SSE,17.7,0,13,0.6,191.6,OK
13/06/2026 17:57,27.6,38.3,9.7,161,SSE,17.7,0,13,0.6,124.8,OK
13/06/2026 17:58,27.6,38.2,4.8,198,SSW,17.7,0,13,0.5,94.9,OK
13/06/2026 17:59,27.5,37.6,6.4,215,SW,17.7,0,13,0.5,93.2,OK
13/06/2026 18:00,27.5,38,3.2,185,S,17.7,0,13,0.5,68.6,OK
13/06/2026 18:01,27.5,38.1,3.2,198,SSW,16.1,0,13,0.5,65,OK
13/06/2026 18:02,27.4,38.5,4.8,210,SSW,16.1,0,13,0.5,63.3,OK
13/06/2026 18:03,27.4,38.6,8,157,SSE,16.1,0,13,0.4,61.5,OK
13/06/2026 18:04,27.4,37.5,6.4,158,SSE,16.1,0,13,0.4,61.5,OK
13/06/2026 18:05,27.3,38.2,4.8,246,WSW,16.1,0,13,0.4,63.3,OK
13/06/2026 18:06,27.3,37.9,6.4,209,SSW,16.1,0,13,0.4,68.6,OK
13/06/2026 18:07,27.3,38,4.8,302,WNW,12.9,0,13,0.4,58,OK
13/06/2026 18:08,27.2,38.4,3.2,224,SW,12.9,0,13,0.4,56.3,OK
13/06/2026 18:09,27.1,38.9,8,213,SSW,14.5,0,13,0.4,56.3,OK
13/06/2026 18:10,27.1,39.3,3.2,193,SSW,14.5,0,13,0,54.5,OK
13/06/2026 18:11,27.1,40,1.6,219,SW,14.5,0,13,0,52.7,OK
13/06/2026 18:12,27.1,40.7,9.7,184,S,14.5,0,13,0,51,OK
13/06/2026 18:13,27,41.2,3.2,206,SSW,14.5,0,13,0,49.2,OK
13/06/2026 18:14,27,41.7,8,168,SSE,14.5,0,13,0,45.7,OK
13/06/2026 18:15,27,42.1,8,236,SW,14.5,0,13,0,43.9,OK
13/06/2026 18:16,26.9,42.7,8,145,SE,14.5,0,13,0,42.2,OK
13/06/2026 18:17,26.8,43.8,1.6,206,SSW,14.5,0,13,0,40.4,OK
13/06/2026 18:18,26.8,44.5,8,208,SSW,14.5,0,13,0,40.4,OK
13/06/2026 18:19,26.7,45.1,8,126,SE,14.5,0,13,0,38.7,OK
13/06/2026 18:20,26.6,45.5,6.4,230,SW,14.5,0,13,0,38.7,OK
13/06/2026 18:21,26.6,45.8,4.8,181,S,14.5,0,13,0,43.9,OK
13/06/2026 18:22,26.6,46.3,9.7,185,S,14.5,0,13,0.2,79.1,OK
13/06/2026 18:23,26.6,47,1.6,199,SSW,14.5,0,13,0.2,72.1,OK
13/06/2026 18:24,26.5,47.6,4.8,160,SSE,14.5,0,13,0,42.2,OK
13/06/2026 18:25,26.5,47.8,6.4,167,SSE,14.5,0,13,0,61.5,OK
13/06/2026 18:26,26.5,48.1,1.6,151,SSE,14.5,0,13,0,51,OK
13/06/2026 18:27,26.5,48.2,3.2,137,SE,14.5,0,13,0,31.6,OK
13/06/2026 18:28,26.4,48.2,9.7,165,SSE,12.9,0,13,0,31.6,OK
13/06/2026 18:29,26.4,47.5,4.8,181,S,14.5,0,13,0,31.6,OK
13/06/2026 18:30,26.3,47.8,4.8,158,SSE,14.5,0,13,0,31.6,OK
13/06/2026 18:31,26.3,47.6,9.7,103,ESE,17.7,0,13,0,31.6,OK
13/06/2026 18:32,26.3,47.9,6.4,165,SSE,17.7,0,13,0,33.4,OK
13/06/2026 18:33,26.3,48.1,9.7,133,SE,17.7,0,13,0,45.7,OK
13/06/2026 18:34,26.3,48.1,6.4,124,SE,17.7,0,13,0.1,58,OK
13/06/2026 18:35,26.3,48,3.2,186,S,17.7,0,13,0.1,58,OK
13/06/2026 18:36,26.2,48,9.7,155,SSE,17.7,0,13,0.1,56.3,OK
13/06/2026 18:37,26.2,48.3,6.4,216,SW,17.7,0,13,0,52.7,OK
13/06/2026 18:38,26.2,48.4,6.4,240,WSW,17.7,0,13,0,51,OK
13/06/2026 18:39,26.2,48.5,9.7,172,S,17.7,0,13,0,49.2,OK
13/06/2026 18:40,26.2,48.6,4.8,233,SW,16.1,0,13,0,45.7,OK
13/06/2026 18:41,26.2,48.5,11.3,158,SSE,16.1,0,13,0,43.9,OK
13/06/2026 18:42,26.2,48.8,8,151,SSE,16.1,0,13,0,40.4,OK
13/06/2026 18:43,26.2,48.7,9.7,165,SSE,16.1,0,13,0,38.7,OK
13/06/2026 18:44,26.1,48.6,11.3,179,S,16.1,0,13,0,35.2,OK
13/06/2026 18:45,26.1,48.7,8,155,SSE,14.5,0,13,0,31.6,OK
13/06/2026 18:46,26.1,49.1,4.8,100,E,14.5,0,13,0,29.9,OK
13/06/2026 18:47,26.1,49,4.8,278,W,14.5,0,13,0,26.4,OK
13/06/2026 18:48,26.1,49.4,8,150,SSE,14.5,0,13,0,15.8,OK
13/06/2026 18:49,26,49.4,3.2,195,SSW,14.5,0,13,0,14.1,OK
13/06/2026 18:50,26,49.7,11.3,167,SSE,14.5,0,13,0,14.1,OK
13/06/2026 18:51,26,50.2,4.8,150,SSE,14.5,0,13,0,12.3,OK
13/06/2026 18:52,25.9,50.1,6.4,157,SSE,16.1,0,13,0,12.3,OK
13/06/2026 18:53,25.9,50.4,6.4,130,SE,16.1,0,13,0,10.5,OK
13/06/2026 18:54,25.9,50.5,3.2,171,S,16.1,0,13,0,8.8,OK
13/06/2026 18:55,25.9,50.5,6.4,178,S,16.1,0,13,0,8.8,OK
13/06/2026 18:56,-10.3,50.6,56.3,294,WNW,16.1,0,13,0,7,OK
13/06/2026 18:57,-10.3,50.6,56.3,294,WNW,16.1,0,13,0,7,OK
13/06/2026 18:58,-10.3,50.6,3.2,104,ESE,16.1,0,13,0,7,OK
13/06/2026 18:59,-10.3,50.6,3.2,104,ESE,16.1,0,13,0,7,OK
13/06/2026 19:00,-10.3,50.6,3.2,104,ESE,16.1,0,13,0,7,OK
13/06/2026 19:01,-10.3,50.6,3.2,104,ESE,16.1,0,13,0,7,OK
13/06/2026 19:02,25.7,50.6,4.8,164,SSE,14.5,0,13,0,5.3,OK
13/06/2026 19:03,25.6,51.4,3.2,127,SE,14.5,0,13,0,5.3,OK
13/06/2026 19:04,25.6,51.2,6.4,138,SE,14.5,0,13,0,5.3,OK
13/06/2026 19:05,25.6,51.4,3.2,186,S,11.3,0,13,0,3.5,OK
13/06/2026 19:06,25.6,51.4,3.2,167,SSE,11.3,0,13,0,3.5,OK
13/06/2026 19:07,25.6,51.4,11.3,123,ESE,11.3,0,13,0,3.5,OK
13/06/2026 19:08,25.5,51.4,6.4,128,SE,11.3,0,13,0,3.5,OK
13/06/2026 19:09,25.5,51.9,4.8,143,SE,11.3,0,13,0,3.5,OK
13/06/2026 19:10,25.5,52.1,3.2,124,SE,11.3,0,13,0,3.5,OK
13/06/2026 19:11,25.4,52,4.8,181,S,11.3,0,13,0,1.8,OK
13/06/2026 19:12,25.4,52.1,3.2,143,SE,11.3,0,13,0,1.8,OK
13/06/2026 19:13,25.4,52.2,4.8,164,SSE,11.3,0,13,0,1.8,OK
13/06/2026 19:14,25.4,52.4,1.6,109,ESE,11.3,0,13,0,1.8,OK
13/06/2026 19:15,25.4,52.3,3.2,104,ESE,11.3,0,13,0,1.8,OK
13/06/2026 19:16,25.4,52.1,1.6,143,SE,9.7,0,13,0,0,OK
13/06/2026 19:17,25.3,52.5,1.6,109,ESE,9.7,0,13,0,0,OK
13/06/2026 19:18,25.3,52.6,1.6,95,E,9.7,0,13,0,0,OK
13/06/2026 19:19,25.3,52.8,0,93,E,9.7,0,13,0,0,OK
13/06/2026 19:20,25.3,52.3,0,93,E,9.7,0,13,0,0,OK
13/06/2026 19:21,25.3,52.6,0,102,ESE,9.7,0,13,0,0,OK
13/06/2026 19:22,25.2,52.8,0,106,ESE,4.8,0,13,0,0,OK
13/06/2026 19:23,25.2,53,0,113,ESE,4.8,0,13,0,0,OK
13/06/2026 19:24,25.1,52.8,0,120,ESE,4.8,0,13,0,0,OK
13/06/2026 19:25,25.1,52.7,0,120,ESE,3.2,0,13,0,0,OK
13/06/2026 19:26,25.1,52.6,0,126,SE,3.2,0,13,0,0,OK
13/06/2026 19:27,25.1,52.9,0,127,SE,1.6,0,13,0,0,OK
13/06/2026 19:28,25.1,53.1,0,127,SE,0,0,13,0,0,OK
13/06/2026 19:29,25,53.1,4.8,121,ESE,0,0,13,0,0,OK
13/06/2026 19:30,25,52.5,3.2,126,SE,4.8,0,13,0,0,OK
13/06/2026 19:31,25,52.8,1.6,106,ESE,4.8,0,13,0,0,OK
13/06/2026 19:32,25,52.9,3.2,102,ESE,4.8,0,13,0,0,OK
13/06/2026 19:33,25,53,0,102,ESE,4.8,0,13,0,0,OK
13/06/2026 19:34,25,53.6,0,102,ESE,4.8,0,13,0,0,OK
13/06/2026 19:35,25,54.3,0,102,ESE,4.8,0,13,0,0,OK
13/06/2026 19:36,24.9,54.8,0,102,ESE,4.8,0,13,0,0,OK
13/06/2026 19:37,24.9,55.1,0,102,ESE,4.8,0,13,0,0,OK
13/06/2026 19:38,24.9,55.4,0,102,ESE,4.8,0,13,0,0,OK
13/06/2026 19:39,24.9,55.7,0,102,ESE,4.8,0,13,0,0,OK
13/06/2026 19:40,24.8,55.8,0,102,ESE,4.8,0,13,0,0,OK
13/06/2026 19:41,24.8,56.3,4.8,92,E,3.2,0,13,0,0,OK
13/06/2026 19:42,24.8,56.9,3.2,80,E,6.4,0,13,0,0,OK
13/06/2026 19:43,24.8,57.6,4.8,114,ESE,6.4,0,13,0,0,OK
13/06/2026 19:44,24.7,59.2,3.2,158,SSE,6.4,0,13,0,0,OK
13/06/2026 19:45,24.6,59.7,6.4,137,SE,6.4,0,13,0,0,OK
13/06/2026 19:46,24.6,60,3.2,143,SE,8,0,13,0,0,OK
13/06/2026 19:47,24.5,60.3,1.6,114,ESE,8,0,13,0,0,OK
13/06/2026 19:48,24.5,60.6,0,114,ESE,8,0,13,0,0,OK
13/06/2026 19:49,24.5,61,0,114,ESE,8,0,13,0,0,OK
13/06/2026 19:50,24.4,61.2,1.6,114,ESE,8,0,13,0,0,OK
13/06/2026 19:51,24.4,61.1,3.2,109,ESE,8,0,13,0,0,OK
13/06/2026 19:52,24.4,61,1.6,138,SE,8,0,13,0,0,OK
13/06/2026 19:53,24.3,61.2,3.2,117,ESE,8,0,13,0,0,OK
13/06/2026 19:54,24.3,61.5,1.6,114,ESE,6.4,0,13,0,0,OK
13/06/2026 19:55,24.2,61.9,1.6,128,SE,4.8,0,13,0,0,OK
13/06/2026 19:56,24.2,62,0,127,SE,4.8,0,13,0,0,OK
13/06/2026 19:57,24.1,62.3,0,127,SE,4.8,0,13,0,0,OK
13/06/2026 19:58,24.1,62.5,6.4,96,E,4.8,0,13,0,0,OK
13/06/2026 19:59,24.1,63,3.2,99,E,6.4,0,13,0,0,OK
13/06/2026 20:00,24,63.4,0,99,E,6.4,0,13,0,0,OK
13/06/2026 20:01,24,63.6,4.8,104,ESE,6.4,0,13,0,0,OK
13/06/2026 20:02,24,63.9,1.6,99,E,6.4,0,13,0,0,OK
13/06/2026 20:03,23.9,64.4,0,99,E,6.4,0,13,0,0,OK
13/06/2026 20:04,23.9,64.4,1.6,106,ESE,6.4,0,13,0,0,OK
13/06/2026 20:05,23.9,64.7,0,103,ESE,6.4,0,13,0,0,OK
13/06/2026 20:06,23.8,64.9,0,103,ESE,6.4,0,13,0,0,OK
13/06/2026 20:07,23.8,65.1,1.6,88,E,6.4,0,13,0,0,OK
13/06/2026 20:08,23.8,65.3,0,88,E,6.4,0,13,0,0,OK
13/06/2026 20:09,23.7,65.4,0,88,E,6.4,0,13,0,0,OK
13/06/2026 20:10,23.6,65.7,0,89,E,6.4,0,13,0,0,OK
13/06/2026 20:11,23.6,65.9,0,89,E,4.8,0,13,0,0,OK
13/06/2026 20:12,23.6,66,0,79,E,4.8,0,13,0,0,OK
13/06/2026 20:13,23.5,66.1,0,76,ENE,4.8,0,13,0,0,OK
13/06/2026 20:14,23.5,66.3,3.2,75,ENE,4.8,0,13,0,0,OK
13/06/2026 20:15,23.5,66.2,1.6,89,E,6.4,0,13,0,0,OK
13/06/2026 20:16,23.5,66.3,0,78,ENE,6.4,0,13,0,0,OK
13/06/2026 20:17,23.4,66.5,6.4,119,ESE,6.4,0,13,0,0,OK
13/06/2026 20:18,23.4,66.4,3.2,66,ENE,6.4,0,13,0,0,OK
13/06/2026 20:19,23.4,66.7,3.2,68,ENE,6.4,0,13,0,0,OK
13/06/2026 20:20,23.3,66.3,1.6,65,ENE,6.4,0,13,0,0,OK
13/06/2026 20:21,23.3,66.3,4.8,68,ENE,8,0,13,0,0,OK
13/06/2026 20:22,23.3,66.2,6.4,62,ENE,8,0,13,0,0,OK
13/06/2026 20:23,23.3,66.1,1.6,89,E,8,0,13,0,0,OK
13/06/2026 20:24,23.3,66.3,0,82,E,8,0,13,0,0,OK
13/06/2026 20:25,23.3,66.5,3.2,79,E,8,0,13,0,0,OK
13/06/2026 20:26,23.2,66.7,3.2,72,ENE,8,0,13,0,0,OK
13/06/2026 20:27,23.2,66.6,4.8,141,SE,8,0,13,0,0,OK
13/06/2026 20:28,23.1,66.7,3.2,65,ENE,8,0,13,0,0,OK
13/06/2026 20:29,23.1,66.7,6.4,123,ESE,8,0,13,0,0,OK
13/06/2026 20:30,23.1,67,4.8,76,ENE,9.7,0,13,0,0,OK
13/06/2026 20:31,23.1,66.8,3.2,103,ESE,9.7,0,13,0,0,OK
13/06/2026 20:32,23.1,66.9,1.6,68,ENE,9.7,0,13,0,0,OK
13/06/2026 20:33,23.1,67,0,76,ENE,9.7,0,13,0,0,OK
13/06/2026 20:34,23.1,66.9,4.8,85,E,9.7,0,13,0,0,OK
13/06/2026 20:35,23,66.8,8,89,E,9.7,0,13,0,0,OK
13/06/2026 20:36,23,67,6.4,116,ESE,9.7,0,13,0,0,OK
13/06/2026 20:37,23,67,3.2,140,SE,9.7,0,13,0,0,OK
13/06/2026 20:38,23,67,3.2,138,SE,9.7,0,13,0,0,OK
13/06/2026 20:39,23,67,6.4,121,ESE,8,0,13,0,0,OK
13/06/2026 20:40,23,67.1,1.6,140,SE,8,0,13,0,0,OK
13/06/2026 20:41,23,67.1,0,158,SSE,8,0,13,0,0,OK
13/06/2026 20:42,23,67.2,0,158,SSE,8,0,13,0,0,OK
13/06/2026 20:43,23,67.2,0,168,SSE,8,0,13,0,0,OK
13/06/2026 20:44,23,67.1,3.2,162,SSE,8,0,13,0,0,OK
13/06/2026 20:45,23,67,3.2,141,SE,8,0,13,0,0,OK
13/06/2026 20:46,23,66.8,0,150,SSE,8,0,13,0,0,OK
13/06/2026 20:47,23,66.8,1.6,128,SE,8,0,13,0,0,OK
13/06/2026 20:48,23,66.8,1.6,127,SE,6.4,0,13,0,0,OK
13/06/2026 20:49,22.9,66.9,1.6,127,SE,4.8,0,13,0,0,OK
13/06/2026 20:50,23,66.4,1.6,143,SE,4.8,0,13,0,0,OK
13/06/2026 20:51,23,65.8,3.2,121,ESE,4.8,0,13,0,0,OK
13/06/2026 20:52,23,66.5,0,140,SE,4.8,0,13,0,0,OK
13/06/2026 20:53,23,66.1,1.6,188,S,4.8,0,13,0,0,OK
13/06/2026 20:54,23,66,1.6,193,SSW,4.8,0,13,0,0,OK
13/06/2026 20:55,23,65.6,0,184,S,4.8,0,13,0,0,OK
13/06/2026 20:56,23.1,65.7,0,209,SSW,4.8,0,13,0,0,OK
13/06/2026 20:57,23.1,65.6,3.2,278,W,4.8,0,13,0,0,OK
13/06/2026 20:58,23.1,65.5,0,239,WSW,4.8,0,13,0,0,OK
13/06/2026 20:59,23.1,65.6,1.6,200,SSW,4.8,0,13,0,0,OK
13/06/2026 21:00,23.1,65.6,0,182,S,4.8,0,13,0,0,OK
13/06/2026 21:01,23.1,65.6,0,233,SW,4.8,0,13,0,0,OK
13/06/2026 21:02,23.1,65.6,0,210,SSW,4.8,0,13,0,0,OK
13/06/2026 21:03,23.2,65.6,1.6,234,SW,4.8,0,13,0,0,OK
13/06/2026 21:04,23.1,65.6,0,232,SW,4.8,0,13,0,0,OK
13/06/2026 21:05,23.1,66,3.2,230,SW,4.8,0,13,0,0,OK
13/06/2026 21:06,23.1,66.2,1.6,191,S,8,0,13,0,0,OK
13/06/2026 21:07,23.1,66.4,3.2,240,WSW,8,0,13,0,0,OK
13/06/2026 21:08,23.1,66.6,6.4,244,WSW,8,0,13,0,0,OK
13/06/2026 21:09,23.1,67,3.2,257,WSW,8,0,13,0,0,OK
13/06/2026 21:10,23.1,67.2,4.8,274,W,8,0,13,0,0,OK
13/06/2026 21:11,23,67.4,4.8,250,WSW,8,0,13,0,0,OK
13/06/2026 21:12,23,67.6,1.6,256,WSW,8,0,13,0,0,OK
13/06/2026 21:13,23,67.8,3.2,246,WSW,8,0,13,0,0,OK
13/06/2026 21:14,22.9,68,3.2,244,WSW,8,0,13,0,0,OK
13/06/2026 21:15,22.9,68.2,9.7,224,SW,8,0,13,0,0,OK
13/06/2026 21:16,22.9,68.4,6.4,239,WSW,11.3,0,13,0,0,OK
13/06/2026 21:17,22.8,68.5,1.6,215,SW,11.3,0,13,0,0,OK
13/06/2026 21:18,22.9,68.5,4.8,230,SW,11.3,0,13,0,0,OK
13/06/2026 21:19,22.8,68.6,6.4,226,SW,11.3,0,13,0,0,OK
13/06/2026 21:20,22.8,68.8,0,205,SSW,11.3,0,13,0,0,OK
13/06/2026 21:21,22.7,68.9,3.2,258,WSW,11.3,0,13,0,0,OK
13/06/2026 21:22,22.7,69.1,0,234,SW,11.3,0,13,0,0,OK
13/06/2026 21:23,22.7,69.3,3.2,212,SSW,11.3,0,13,0,0,OK
13/06/2026 21:24,22.6,69.3,0,200,SSW,11.3,0,13,0,0,OK
13/06/2026 21:25,22.6,69.4,0,206,SSW,8,0,13,0,0,OK
13/06/2026 21:26,22.6,69.7,1.6,239,WSW,8,0,13,0,0,OK
13/06/2026 21:27,22.6,69.7,4.8,275,W,8,0,13,0,0,OK
13/06/2026 21:28,22.6,69.9,4.8,226,SW,4.8,0,13,0,0,OK
13/06/2026 21:29,22.5,69.8,1.6,229,SW,8,0,13,0,0,OK
13/06/2026 21:30,22.5,69.8,4.8,241,WSW,8,0,13,0,0,OK
13/06/2026 21:31,22.5,69.9,6.4,237,WSW,9.7,0,13,0,0,OK
13/06/2026 21:32,22.5,70.1,0,256,WSW,9.7,0,13,0,0,OK
13/06/2026 21:33,22.4,70.3,0,186,S,9.7,0,13,0,0,OK
13/06/2026 21:34,22.4,70.3,1.6,236,SW,9.7,0,13,0,0,OK
13/06/2026 21:35,22.4,70.3,3.2,233,SW,9.7,0,13,0,0,OK
13/06/2026 21:36,22.4,70.4,3.2,241,WSW,9.7,0,13,0,0,OK
13/06/2026 21:37,22.4,70.5,6.4,240,WSW,9.7,0,13,0,0,OK
13/06/2026 21:38,22.3,70.4,3.2,246,WSW,9.7,0,13,0,0,OK
13/06/2026 21:39,22.3,70.6,0,254,WSW,9.7,0,13,0,0,OK
13/06/2026 21:40,22.3,70.8,1.6,212,SSW,9.7,0,13,0,0,OK
13/06/2026 21:41,22.2,70.9,4.8,215,SW,9.7,0,13,0,0,OK
13/06/2026 21:42,22.2,70.8,3.2,219,SW,9.7,0,13,0,0,OK
13/06/2026 21:43,22.1,70.9,1.6,237,WSW,9.7,0,13,0,0,OK
13/06/2026 21:44,22.1,70.9,4.8,222,SW,9.7,0,13,0,0,OK
13/06/2026 21:45,22.1,71,1.6,202,SSW,8,0,13,0,0,OK
13/06/2026 21:46,22.1,71.2,3.2,237,WSW,8,0,13,0,0,OK
13/06/2026 21:47,22.1,71.1,1.6,250,WSW,8,0,13,0,0,OK
13/06/2026 21:48,22.1,71.3,0,227,SW,8,0,13,0,0,OK
13/06/2026 21:49,22.1,71.5,0,239,WSW,8,0,13,0,0,OK
13/06/2026 21:50,22.1,71.4,0,229,SW,6.4,0,13,0,0,OK
13/06/2026 21:51,22.1,71.5,0,229,SW,4.8,0,13,0,0,OK
13/06/2026 21:52,22,71.4,0,229,SW,4.8,0,13,0,0,OK
13/06/2026 21:53,22,71.5,0,229,SW,4.8,0,13,0,0,OK
13/06/2026 21:54,22,71.4,0,227,SW,4.8,0,13,0,0,OK
13/06/2026 21:55,22,71.7,0,227,SW,4.8,0,13,0,0,OK
13/06/2026 21:56,22,71.8,0,227,SW,4.8,0,13,0,0,OK
13/06/2026 21:57,22,71.7,0,227,SW,4.8,0,13,0,0,OK
13/06/2026 21:58,22,71.8,0,227,SW,4.8,0,13,0,0,OK
13/06/2026 21:59,22,72,0,227,SW,3.2,0,13,0,0,OK
13/06/2026 22:00,22,72.1,3.2,232,SW,3.2,0,13,0,0,OK
13/06/2026 22:01,22,72.2,1.6,223,SW,3.2,0,13,0,0,OK
13/06/2026 22:02,22,72.2,1.6,234,SW,3.2,0,13,0,0,OK
13/06/2026 22:03,21.9,72.3,0,234,SW,3.2,0,13,0,0,OK
13/06/2026 22:04,21.9,72.4,0,246,WSW,3.2,0,13,0,0,OK
13/06/2026 22:05,21.9,72.4,0,246,WSW,3.2,0,13,0,0,OK
13/06/2026 22:06,21.9,72.6,0,246,WSW,3.2,0,13,0,0,OK
13/06/2026 22:07,21.9,72.4,0,246,WSW,3.2,0,13,0,0,OK
13/06/2026 22:08,21.9,72.6,0,227,SW,3.2,0,13,0,0,OK
13/06/2026 22:09,21.9,72.5,1.6,226,SW,3.2,0,13,0,0,OK
13/06/2026 22:10,21.9,72.4,1.6,184,S,3.2,0,13,0,0,OK
13/06/2026 22:11,21.9,72.2,1.6,206,SSW,4.8,0,13,0,0,OK
13/06/2026 22:12,21.8,72.2,1.6,212,SSW,6.4,0,13,0,0,OK
13/06/2026 22:13,21.8,72.3,1.6,237,WSW,6.4,0,13,0,0,OK
13/06/2026 22:14,21.8,72.4,6.4,212,SSW,6.4,0,13,0,0,OK
13/06/2026 22:15,21.8,72.5,0,222,SW,6.4,0,13,0,0,OK
13/06/2026 22:16,21.8,72.6,0,212,SSW,6.4,0,13,0,0,OK
13/06/2026 22:17,21.7,72.7,0,212,SSW,6.4,0,13,0,0,OK
13/06/2026 22:18,21.7,72.9,0,210,SSW,6.4,0,13,0,0,OK
13/06/2026 22:19,21.7,73.1,0,189,S,6.4,0,13,0,0,OK
13/06/2026 22:20,21.7,73.1,0,216,SW,6.4,0,13,0,0,OK
13/06/2026 22:21,21.7,73.1,3.2,188,S,6.4,0,13,0,0,OK
13/06/2026 22:22,21.7,73.2,3.2,202,SSW,6.4,0,13,0,0,OK
13/06/2026 22:23,21.6,73.3,3.2,189,S,6.4,0,13,0,0,OK
13/06/2026 22:24,21.6,73.5,3.2,184,S,6.4,0,13,0,0,OK
13/06/2026 22:25,21.6,73.6,1.6,203,SSW,6.4,0,13,0,0,OK
13/06/2026 22:26,21.6,73.7,1.6,196,SSW,6.4,0,13,0,0,OK
13/06/2026 22:27,21.6,73.8,0,234,SW,6.4,0,13,0,0,OK
13/06/2026 22:28,21.6,73.9,4.8,222,SW,6.4,0,13,0,0,OK
13/06/2026 22:29,21.6,73.9,1.6,161,SSE,6.4,0,13,0,0,OK
13/06/2026 22:30,21.5,74.1,1.6,191,S,6.4,0,13,0,0,OK
13/06/2026 22:31,21.6,74.2,1.6,178,S,6.4,0,13,0,0,OK
13/06/2026 22:32,21.6,74.2,4.8,219,SW,6.4,0,13,0,0,OK
13/06/2026 22:33,21.5,74.2,3.2,247,WSW,6.4,0,13,0,0,OK
13/06/2026 22:34,21.5,74.3,1.6,219,SW,6.4,0,13,0,0,OK
13/06/2026 22:35,21.5,74.5,3.2,216,SW,6.4,0,13,0,0,OK
13/06/2026 22:36,21.5,74.6,1.6,210,SSW,6.4,0,13,0,0,OK
13/06/2026 22:37,21.5,74.5,1.6,195,SSW,6.4,0,13,0,0,OK
13/06/2026 22:38,21.5,74.5,0,199,SSW,6.4,0,13,0,0,OK
13/06/2026 22:39,21.5,74.6,6.4,215,SW,8,0,13,0,0,OK
13/06/2026 22:40,21.4,74.6,3.2,202,SSW,8,0,13,0,0,OK
13/06/2026 22:41,21.4,74.7,1.6,188,S,8,0,13,0,0,OK
13/06/2026 22:42,21.4,74.8,1.6,198,SSW,8,0,13,0,0,OK
13/06/2026 22:43,21.4,74.8,6.4,157,SSE,8,0,13,0,0,OK
13/06/2026 22:44,21.4,74.8,0,224,SW,8,0,13,0,0,OK
13/06/2026 22:45,21.4,74.9,3.2,165,SSE,8,0,13,0,0,OK
13/06/2026 22:46,21.4,75.1,4.8,147,SSE,8,0,13,0,0,OK
13/06/2026 22:47,21.3,75.4,3.2,161,SSE,8,0,13,0,0,OK
13/06/2026 22:48,21.3,75.4,1.6,155,SSE,8,0,13,0,0,OK
13/06/2026 22:49,21.3,75.6,6.4,192,SSW,8,0,13,0,0,OK
13/06/2026 22:50,21.3,75.7,6.4,186,S,8,0,13,0,0,OK
13/06/2026 22:51,21.3,75.9,6.4,155,SSE,8,0,13,0,0,OK
13/06/2026 22:52,21.3,76,0,154,SSE,8,0,13,0,0,OK
13/06/2026 22:53,21.2,76.2,4.8,176,S,8,0,13,0,0,OK
13/06/2026 22:54,21.2,76.3,0,176,S,8,0,13,0,0,OK
13/06/2026 22:55,21.2,76.4,4.8,155,SSE,8,0,13,0,0,OK
13/06/2026 22:56,21.1,76.5,4.8,164,SSE,8,0,13,0,0,OK
13/06/2026 22:57,21.1,76.6,3.2,213,SSW,8,0,13,0,0,OK
13/06/2026 22:59,21.1,76.8,1.6,193,SSW,8,0,13,0,0,OK
13/06/2026 23:00,21.1,76.7,1.6,175,S,8,0,13,0,0,OK
13/06/2026 23:01,21.1,76.7,3.2,175,S,6.4,0,13,0,0,OK
13/06/2026 23:02,21.1,76.7,3.2,184,S,6.4,0,13,0,0,OK
13/06/2026 23:03,21.1,76.8,4.8,164,SSE,6.4,0,13,0,0,OK
13/06/2026 23:04,21,76.8,4.8,171,S,6.4,0,13,0,0,OK
13/06/2026 23:05,21,77.1,1.6,179,S,6.4,0,13,0,0,OK
13/06/2026 23:06,21,77.1,1.6,185,S,6.4,0,13,0,0,OK
13/06/2026 23:07,21,77.2,0,185,S,6.4,0,13,0,0,OK
13/06/2026 23:08,21,77.3,1.6,178,S,6.4,0,13,0,0,OK
13/06/2026 23:09,21,77.3,0,185,S,6.4,0,13,0,0,OK
13/06/2026 23:10,20.9,77.4,3.2,134,SE,6.4,0,13,0,0,OK
13/06/2026 23:11,20.9,77.5,3.2,155,SSE,6.4,0,13,0,0,OK
13/06/2026 23:12,20.9,77.6,3.2,192,SSW,4.8,0,13,0,0,OK
13/06/2026 23:13,20.9,77.8,1.6,188,S,4.8,0,13,0,0,OK
13/06/2026 23:14,20.9,77.7,0,188,S,4.8,0,13,0,0,OK
13/06/2026 23:15,20.9,77.9,0,193,SSW,4.8,0,13,0,0,OK
13/06/2026 23:16,20.9,77.9,4.8,186,S,4.8,0,13,0,0,OK
13/06/2026 23:17,20.9,78,1.6,217,SW,4.8,0,13,0,0,OK
13/06/2026 23:18,20.9,77.9,3.2,184,S,4.8,0,13,0,0,OK
13/06/2026 23:19,20.8,78,3.2,186,S,4.8,0,13,0,0,OK
13/06/2026 23:20,20.8,78,1.6,185,S,4.8,0,13,0,0,OK
13/06/2026 23:21,20.8,78.1,3.2,222,SW,4.8,0,13,0,0,OK
13/06/2026 23:22,20.8,78.2,3.2,185,S,4.8,0,13,0,0,OK
13/06/2026 23:23,20.8,78.2,1.6,189,S,4.8,0,13,0,0,OK
13/06/2026 23:24,20.8,78.3,0,189,S,4.8,0,13,0,0,OK
13/06/2026 23:25,20.8,78.4,3.2,189,S,4.8,0,13,0,0,OK
13/06/2026 23:26,20.8,78.4,1.6,185,S,4.8,0,13,0,0,OK
13/06/2026 23:27,20.8,78.3,0,192,SSW,4.8,0,13,0,0,OK
13/06/2026 23:28,20.7,78.6,0,193,SSW,4.8,0,13,0,0,OK
13/06/2026 23:29,20.8,78.6,0,184,S,4.8,0,13,0,0,OK
13/06/2026 23:30,20.7,78.5,3.2,196,SSW,4.8,0,13,0,0,OK
13/06/2026 23:31,20.7,78.6,3.2,179,S,4.8,0,13,0,0,OK
13/06/2026 23:32,20.7,78.4,3.2,172,S,4.8,0,13,0,0,OK
13/06/2026 23:33,20.7,78.4,0,182,S,4.8,0,13,0,0,OK
13/06/2026 23:34,20.7,78.6,1.6,168,SSE,6.4,0,13,0,0,OK
13/06/2026 23:35,20.6,78.6,3.2,186,S,6.4,0,13,0,0,OK
13/06/2026 23:36,20.6,78.6,3.2,182,S,6.4,0,13,0,0,OK
13/06/2026 23:37,20.6,78.7,0,164,SSE,6.4,0,13,0,0,OK
13/06/2026 23:38,20.6,78.7,0,185,S,6.4,0,13,0,0,OK
13/06/2026 23:39,20.6,78.8,3.2,167,SSE,6.4,0,13,0,0,OK
13/06/2026 23:40,20.6,78.8,0,151,SSE,6.4,0,13,0,0,OK
13/06/2026 23:41,20.6,78.9,0,145,SE,6.4,0,13,0,0,OK
13/06/2026 23:42,20.6,79,1.6,202,SSW,6.4,0,13,0,0,OK
13/06/2026 23:43,20.6,79.1,1.6,233,SW,4.8,0,13,0,0,OK
13/06/2026 23:44,20.6,79.1,1.6,178,S,4.8,0,13,0,0,OK
13/06/2026 23:45,20.6,79.1,3.2,160,SSE,6.4,0,13,0,0,OK
13/06/2026 23:46,20.5,79,4.8,184,S,6.4,0,13,0,0,OK
13/06/2026 23:47,20.5,79,4.8,184,S,6.4,0,13,0,0,OK
13/06/2026 23:48,20.5,79.3,6.4,189,S,6.4,0,13,0,0,OK
13/06/2026 23:49,20.5,79.3,4.8,169,S,8,0,13,0,0,OK
13/06/2026 23:50,20.5,79.3,3.2,160,SSE,8,0,13,0,0,OK
13/06/2026 23:51,20.5,79.5,1.6,215,SW,8,0,13,0,0,OK
13/06/2026 23:52,20.5,79.5,4.8,199,SSW,8,0,13,0,0,OK
13/06/2026 23:53,20.5,79.5,3.2,199,SSW,8,0,13,0,0,OK
13/06/2026 23:54,20.4,79.6,1.6,186,S,8,0,13,0,0,OK
13/06/2026 23:55,20.5,79.7,6.4,188,S,8,0,13,0,0,OK
13/06/2026 23:56,20.4,79.5,3.2,216,SW,8,0,13,0,0,OK
13/06/2026 23:57,20.4,79.6,3.2,200,SSW,8,0,13,0,0,OK
13/06/2026 23:58,20.4,79.6,3.2,203,SSW,8,0,13,0,0,OK
13/06/2026 23:59,20.4,79.7,4.8,186,S,8,0,13,0,0,OK
14/06/2026 00:00,20.4,79.7,3.2,199,SSW,8,0,13,0,0,OK
14/06/2026 00:01,20.4,79.8,3.2,175,S,8,0,13,0,0,OK
14/06/2026 00:02,20.4,79.8,3.2,198,SSW,8,0,13,0,0,OK
14/06/2026 00:03,20.4,79.9,4.8,200,SSW,8,0,13,0,0,OK
14/06/2026 00:04,20.4,79.8,1.6,215,SW,6.4,0,13,0,0,OK
14/06/2026 00:05,20.4,79.8,3.2,216,SW,6.4,0,13,0,0,OK
14/06/2026 00:06,20.3,79.7,1.6,234,SW,6.4,0,13,0,0,OK
14/06/2026 00:07,20.4,79.8,1.6,203,SSW,6.4,0,13,0,0,OK
14/06/2026 00:08,20.4,79.7,4.8,212,SSW,6.4,0,13,0,0,OK
14/06/2026 00:09,20.4,79.7,1.6,215,SW,6.4,0,13,0,0,OK
14/06/2026 00:10,20.3,79.7,0,223,SW,6.4,0,13,0,0,OK
14/06/2026 00:11,20.3,79.7,1.6,210,SSW,6.4,0,13,0,0,OK
14/06/2026 00:12,20.4,79.8,0,220,SW,6.4,0,13,0,0,OK
14/06/2026 00:13,20.3,79.9,1.6,196,SSW,6.4,0,13,0,0,OK
14/06/2026 00:14,20.3,79.8,1.6,171,S,6.4,0,13,0,0,OK
14/06/2026 00:15,20.3,79.9,3.2,192,SSW,4.8,0,13,0,0,OK
14/06/2026 00:16,20.3,79.8,1.6,192,SSW,4.8,0,13,0,0,OK
14/06/2026 00:17,20.3,79.8,1.6,193,SSW,4.8,0,13,0,0,OK
14/06/2026 00:18,20.3,79.8,3.2,145,SE,4.8,0,13,0,0,OK
14/06/2026 00:19,20.3,79.8,1.6,168,SSE,4.8,0,13,0,0,OK
14/06/2026 00:20,20.3,79.9,0,168,SSE,4.8,0,13,0,0,OK
14/06/2026 00:21,20.3,79.8,1.6,164,SSE,4.8,0,13,0,0,OK
14/06/2026 00:22,20.3,79.7,3.2,171,S,6.4,0,13,0,0,OK
14/06/2026 00:23,20.3,79.7,3.2,196,SSW,6.4,0,13,0,0,OK
14/06/2026 00:24,20.3,79.8,3.2,188,S,6.4,0,13,0,0,OK
14/06/2026 00:25,20.3,79.8,3.2,186,S,6.4,0,13,0,0,OK
14/06/2026 00:26,20.3,79.9,1.6,176,S,6.4,0,13,0,0,OK
14/06/2026 00:27,20.3,80,0,181,S,6.4,0,13,0,0,OK
14/06/2026 00:28,20.3,80,0,188,S,6.4,0,13,0,0,OK
14/06/2026 00:29,20.3,80.1,1.6,184,S,6.4,0,13,0,0,OK
14/06/2026 00:30,20.3,80.2,1.6,200,SSW,6.4,0,13,0,0,OK
14/06/2026 00:31,20.3,80.3,1.6,199,SSW,6.4,0,13,0,0,OK
14/06/2026 00:32,20.3,80.4,0,203,SSW,6.4,0,13,0,0,OK
14/06/2026 00:33,20.2,80.3,3.2,188,S,6.4,0,13,0,0,OK
14/06/2026 00:34,20.2,80.2,4.8,196,SSW,6.4,0,13,0,0,OK
14/06/2026 00:35,20.2,80.3,3.2,179,S,6.4,0,13,0,0,OK
14/06/2026 00:36,20.2,80.3,4.8,179,S,6.4,0,13,0,0,OK
14/06/2026 00:37,20.2,80.4,4.8,213,SSW,6.4,0,13,0,0,OK
14/06/2026 00:38,20.2,80.4,4.8,171,S,6.4,0,13,0,0,OK
14/06/2026 00:39,20.2,80.4,0,182,S,6.4,0,13,0,0,OK
14/06/2026 00:40,20.2,80.5,6.4,188,S,6.4,0,13,0,0,OK
14/06/2026 00:41,20.1,80.5,3.2,191,S,6.4,0,13,0,0,OK
14/06/2026 00:42,20.1,80.4,9.7,227,SW,6.4,0,13,0,0,OK
14/06/2026 00:43,20.2,80.5,1.6,234,SW,9.7,0,13,0,0,OK
14/06/2026 00:44,20.1,80.7,1.6,233,SW,9.7,0,13,0,0,OK
14/06/2026 00:45,20.1,80.8,6.4,224,SW,9.7,0,13,0,0,OK
14/06/2026 00:46,20.1,80.7,3.2,241,WSW,9.7,0,13,0,0,OK
14/06/2026 00:47,20.1,80.7,6.4,200,SSW,9.7,0,13,0,0,OK
14/06/2026 00:48,20.1,80.8,4.8,246,WSW,9.7,0,13,0,0,OK
14/06/2026 00:49,20.1,80.8,1.6,217,SW,9.7,0,13,0,0,OK
14/06/2026 00:50,20.1,80.8,3.2,176,S,9.7,0,13,0,0,OK
14/06/2026 00:51,20.1,80.8,6.4,202,SSW,9.7,0,13,0,0,OK
14/06/2026 00:52,20.1,80.9,6.4,206,SSW,9.7,0,13,0,0,OK
14/06/2026 00:53,20,80.9,1.6,248,WSW,9.7,0,13,0,0,OK
14/06/2026 00:54,20,80.9,1.6,247,WSW,9.7,0,13,0,0,OK
14/06/2026 00:55,20,81,3.2,216,SW,9.7,0,13,0,0,OK
14/06/2026 00:56,20,81,1.6,220,SW,9.7,0,13,0,0,OK
14/06/2026 00:57,20,81,1.6,227,SW,8,0,13,0,0,OK
14/06/2026 00:58,20,81.1,1.6,236,SW,8,0,13,0,0,OK
14/06/2026 00:59,20,81.1,3.2,212,SSW,8,0,13,0,0,OK
14/06/2026 01:00,20,81.1,1.6,223,SW,8,0,13,0,0,OK
14/06/2026 01:01,20,81.2,1.6,241,WSW,8,0,13,0,0,OK
14/06/2026 01:02,20,81,3.2,206,SSW,8,0,13,0,0,OK
14/06/2026 01:03,20,81.1,4.8,223,SW,6.4,0,13,0,0,OK
14/06/2026 01:04,20,81.1,0,236,SW,6.4,0,13,0,0,OK
14/06/2026 01:05,19.9,81.2,3.2,240,WSW,6.4,0,13,0,0,OK
14/06/2026 01:06,19.9,81.2,1.6,260,W,6.4,0,13,0,0,OK
14/06/2026 01:07,19.9,81.3,1.6,253,WSW,6.4,0,13,0,0,OK
14/06/2026 01:08,19.9,81.3,1.6,208,SSW,6.4,0,13,0,0,OK
14/06/2026 01:09,19.9,81.4,6.4,223,SW,8,0,13,0,0,OK
14/06/2026 01:10,19.9,81.3,6.4,244,WSW,8,0,13,0,0,OK
14/06/2026 01:11,19.9,81.5,4.8,237,WSW,8,0,13,0,0,OK
14/06/2026 01:12,19.9,81.5,1.6,227,SW,8,0,13,0,0,OK
14/06/2026 01:13,19.9,81.5,3.2,241,WSW,8,0,13,0,0,OK
14/06/2026 01:14,19.9,81.6,3.2,256,WSW,8,0,13,0,0,OK
14/06/2026 01:15,19.8,81.6,3.2,258,WSW,8,0,13,0,0,OK
14/06/2026 01:16,19.8,81.6,0,234,SW,8,0,13,0,0,OK
14/06/2026 01:17,19.8,81.7,1.6,248,WSW,8,0,13,0,0,OK
14/06/2026 01:18,19.8,81.8,1.6,247,WSW,8,0,13,0,0,OK
14/06/2026 01:19,19.8,81.9,1.6,232,SW,6.4,0,13,0,0,OK
14/06/2026 01:20,19.8,82,4.8,248,WSW,6.4,0,13,0,0,OK
14/06/2026 01:21,19.8,82,3.2,254,WSW,6.4,0,13,0,0,OK
14/06/2026 01:22,19.8,82,0,233,SW,6.4,0,13,0,0,OK
14/06/2026 01:23,19.8,82,1.6,233,SW,6.4,0,13,0,0,OK
14/06/2026 01:24,19.8,82.1,1.6,243,WSW,6.4,0,13,0,0,OK
14/06/2026 01:25,19.8,82.2,0,208,SSW,6.4,0,13,0,0,OK
14/06/2026 01:26,19.8,82.2,0,223,SW,4.8,0,13,0,0,OK
14/06/2026 01:27,19.8,82.2,1.6,232,SW,4.8,0,13,0,0,OK
14/06/2026 01:28,19.8,82.2,3.2,234,SW,4.8,0,13,0,0,OK
14/06/2026 01:29,19.8,82.3,0,240,WSW,4.8,0,13,0,0,OK
14/06/2026 01:30,19.8,82.3,0,253,WSW,4.8,0,13,0,0,OK
14/06/2026 01:31,19.8,82.4,1.6,246,WSW,4.8,0,13,0,0,OK
14/06/2026 01:32,19.8,82.4,4.8,232,SW,4.8,0,13,0,0,OK
14/06/2026 01:33,19.7,82.4,3.2,227,SW,4.8,0,13,0,0,OK
14/06/2026 01:34,19.7,82.5,3.2,232,SW,4.8,0,13,0,0,OK
14/06/2026 01:35,19.7,82.5,1.6,188,S,4.8,0,13,0,0,OK
14/06/2026 01:36,19.7,82.5,1.6,182,S,4.8,0,13,0,0,OK
14/06/2026 01:37,19.6,82.6,0,217,SW,4.8,0,13,0,0,OK
14/06/2026 01:38,19.7,82.7,0,217,SW,4.8,0,13,0,0,OK
14/06/2026 01:39,19.7,82.5,1.6,196,SSW,4.8,0,13,0,0,OK
14/06/2026 01:40,19.7,82.7,0,175,S,4.8,0,13,0,0,OK
14/06/2026 01:41,19.7,82.7,0,193,SSW,4.8,0,13,0,0,OK
14/06/2026 01:42,19.7,82.7,0,196,SSW,4.8,0,13,0,0,OK
14/06/2026 01:43,19.7,82.7,0,196,SSW,3.2,0,13,0,0,OK
14/06/2026 01:44,19.7,82.7,0,196,SSW,3.2,0,13,0,0,OK
14/06/2026 01:45,19.6,82.7,0,195,SSW,1.6,0,13,0,0,OK
14/06/2026 01:46,19.6,82.7,1.6,216,SW,3.2,0,13,0,0,OK
14/06/2026 01:47,19.6,82.7,1.6,216,SW,3.2,0,13,0,0,OK
14/06/2026 01:48,19.6,82.7,1.6,216,SW,3.2,0,13,0,0,OK
14/06/2026 01:49,19.6,82.6,0,216,SW,3.2,0,13,0,0,OK
14/06/2026 01:50,19.6,82.6,0,216,SW,3.2,0,13,0,0,OK
14/06/2026 01:51,19.6,82.7,0,216,SW,3.2,0,13,0,0,OK
14/06/2026 01:52,19.6,82.7,0,216,SW,3.2,0,13,0,0,OK
14/06/2026 01:53,19.6,82.7,0,216,SW,3.2,0,13,0,0,OK
14/06/2026 01:54,19.6,82.8,0,216,SW,3.2,0,13,0,0,OK
14/06/2026 01:55,19.6,82.8,0,216,SW,3.2,0,13,0,0,OK
14/06/2026 01:56,19.6,82.9,0,216,SW,3.2,0,13,0,0,OK
14/06/2026 01:57,19.6,83,0,216,SW,1.6,0,13,0,0,OK
14/06/2026 01:58,19.5,83.1,0,216,SW,1.6,0,13,0,0,OK
14/06/2026 01:59,19.6,83.1,0,216,SW,0,0,13,0,0,OK
14/06/2026 02:00,19.6,83.1,0,227,SW,0,0,13,0,0,OK
14/06/2026 02:01,19.5,83.1,0,224,SW,0,0,13,0,0,OK
14/06/2026 02:02,19.5,83.1,0,230,SW,0,0,13,0,0,OK
14/06/2026 02:03,19.5,83.2,0,240,WSW,0,0,13,0,0,OK
14/06/2026 02:04,19.5,83.2,0,236,SW,0,0,13,0,0,OK
14/06/2026 02:05,19.5,83.1,1.6,244,WSW,0,0,13,0,0,OK
14/06/2026 02:06,19.5,83.1,1.6,244,WSW,4.8,0,13,0,0,OK
14/06/2026 02:07,19.5,83.1,0,247,WSW,4.8,0,13,0,0,OK
14/06/2026 02:08,19.5,83.2,0,247,WSW,4.8,0,13,0,0,OK
14/06/2026 02:09,19.5,83.2,0,247,WSW,4.8,0,13,0,0,OK
14/06/2026 02:10,19.5,83.3,0,247,WSW,4.8,0,13,0,0,OK
14/06/2026 02:11,19.5,83.4,0,241,WSW,4.8,0,13,0,0,OK
14/06/2026 02:12,19.5,83.3,0,241,WSW,4.8,0,13,0,0,OK
14/06/2026 02:13,19.4,83.4,0,241,WSW,4.8,0,13,0,0,OK
14/06/2026 02:14,19.4,83.3,0,241,WSW,4.8,0,13,0,0,OK
14/06/2026 02:15,19.5,83.4,0,241,WSW,4.8,0,13,0,0,OK
14/06/2026 02:16,19.4,83.4,0,241,WSW,0,0,13,0,0,OK
14/06/2026 02:17,19.4,83.5,0,241,WSW,0,0,13,0,0,OK
14/06/2026 02:18,19.4,83.5,0,241,WSW,0,0,13,0,0,OK
14/06/2026 02:19,19.4,83.4,0,241,WSW,0,0,13,0,0,OK
14/06/2026 02:20,19.4,83.6,1.6,176,S,3.2,0,13,0,0,OK
14/06/2026 02:21,19.4,83.6,1.6,176,S,3.2,0,13,0,0,OK
14/06/2026 02:22,19.4,83.7,0,179,S,3.2,0,13,0,0,OK
14/06/2026 02:23,19.4,83.7,0,179,S,3.2,0,13,0,0,OK
14/06/2026 02:24,19.4,83.8,0,179,S,3.2,0,13,0,0,OK
14/06/2026 02:25,19.4,83.9,0,179,S,3.2,0,13,0,0,OK
14/06/2026 02:26,19.4,83.8,0,179,S,3.2,0,13,0,0,OK
14/06/2026 02:27,19.4,83.8,0,179,S,3.2,0,13,0,0,OK
14/06/2026 02:28,19.4,83.9,0,179,S,3.2,0,13,0,0,OK
14/06/2026 02:29,19.4,84,0,179,S,3.2,0,13,0,0,OK
14/06/2026 02:30,19.4,84,0,237,WSW,1.6,0,13,0,0,OK
14/06/2026 02:31,19.4,84,0,237,WSW,1.6,0,13,0,0,OK
14/06/2026 02:32,19.3,84,1.6,240,WSW,3.2,0,13,0,0,OK
14/06/2026 02:33,19.3,84.1,0,248,WSW,3.2,0,13,0,0,OK
14/06/2026 02:34,19.3,84.2,0,248,WSW,3.2,0,13,0,0,OK
14/06/2026 02:35,19.3,84.2,0,248,WSW,3.2,0,13,0,0,OK
14/06/2026 02:36,19.3,84,0,248,WSW,3.2,0,13,0,0,OK
14/06/2026 02:37,19.3,84,0,232,SW,3.2,0,13,0,0,OK
14/06/2026 02:38,19.3,84,0,243,WSW,3.2,0,13,0,0,OK
14/06/2026 02:39,19.3,84,0,244,WSW,3.2,0,13,0,0,OK
14/06/2026 02:40,19.3,83.8,0,244,WSW,3.2,0,13,0,0,OK
14/06/2026 02:41,19.3,83.9,0,244,WSW,1.6,0,13,0,0,OK
14/06/2026 02:42,19.3,84,0,244,WSW,0,0,13,0,0,OK
14/06/2026 02:43,19.3,84,0,244,WSW,0,0,13,0,0,OK
14/06/2026 02:44,19.3,84.1,0,244,WSW,0,0,13,0,0,OK
14/06/2026 02:45,19.3,84.1,0,244,WSW,0,0,13,0,0,OK
14/06/2026 02:46,19.3,84,0,191,S,0,0,13,0,0,OK
14/06/2026 02:47,19.3,83.9,0,191,S,0,0,13,0,0,OK
14/06/2026 02:48,19.2,83.9,0,164,SSE,0,0,13,0,0,OK
14/06/2026 02:49,19.3,83.9,0,164,SSE,0,0,13,0,0,OK
14/06/2026 02:50,19.2,84,0,164,SSE,0,0,13,0,0,OK
14/06/2026 02:51,19.2,84.1,0,164,SSE,0,0,13,0,0,OK
14/06/2026 02:52,19.2,84.1,0,164,SSE,0,0,13,0,0,OK
14/06/2026 02:53,19.2,84.2,0,164,SSE,0,0,13,0,0,OK
14/06/2026 02:54,19.2,84.2,0,164,SSE,0,0,13,0,0,OK
14/06/2026 02:55,19.3,84.2,0,164,SSE,0,0,13,0,0,OK
14/06/2026 02:56,19.2,84.2,0,164,SSE,0,0,13,0,0,OK
14/06/2026 02:57,19.3,84.2,0,143,SE,0,0,13,0,0,OK
14/06/2026 02:58,19.2,84.1,0,143,SE,0,0,13,0,0,OK
14/06/2026 02:59,19.2,83.9,0,143,SE,0,0,13,0,0,OK
14/06/2026 03:00,19.2,84,0,143,SE,0,0,13,0,0,OK
14/06/2026 03:01,19.2,84,0,143,SE,0,0,13,0,0,OK
14/06/2026 03:02,19.1,83.9,0,143,SE,0,0,13,0,0,OK
14/06/2026 03:03,19.1,83.9,0,143,SE,0,0,13,0,0,OK
14/06/2026 03:04,19.1,83.9,0,143,SE,0,0,13,0,0,OK
14/06/2026 03:05,19.1,83.8,0,123,ESE,0,0,13,0,0,OK
14/06/2026 03:06,19.1,84.1,0,123,ESE,0,0,13,0,0,OK
14/06/2026 03:07,19.1,84.2,0,123,ESE,0,0,13,0,0,OK
14/06/2026 03:08,19.1,84.2,0,123,ESE,0,0,13,0,0,OK
14/06/2026 03:09,19.1,84.3,0,123,ESE,0,0,13,0,0,OK
14/06/2026 03:10,19.1,84.3,0,123,ESE,0,0,13,0,0,OK
14/06/2026 03:11,19.1,84.5,0,123,ESE,0,0,13,0,0,OK
14/06/2026 03:12,19.1,84.5,0,123,ESE,0,0,13,0,0,OK
14/06/2026 03:13,19.1,84.6,0,123,ESE,0,0,13,0,0,OK
14/06/2026 03:14,19.1,84.5,0,126,SE,0,0,13,0,0,OK
14/06/2026 03:15,19.1,84.5,1.6,208,SSW,0,0,13,0,0,OK
14/06/2026 03:16,19.1,84.6,0,208,SSW,3.2,0,13,0,0,OK
14/06/2026 03:17,19.1,84.5,0,208,SSW,3.2,0,13,0,0,OK
14/06/2026 03:18,19.1,84.6,0,212,SSW,3.2,0,13,0,0,OK
14/06/2026 03:19,19.1,84.7,0,212,SSW,3.2,0,13,0,0,OK
14/06/2026 03:20,19.1,84.8,0,210,SSW,3.2,0,13,0,0,OK
14/06/2026 03:21,19.1,84.6,1.6,253,WSW,3.2,0,13,0,0,OK
14/06/2026 03:22,19.2,84.3,1.6,251,WSW,3.2,0,13,0,0,OK
14/06/2026 03:23,19.1,84.3,0,253,WSW,3.2,0,13,0,0,OK
14/06/2026 03:24,19.1,84.1,3.2,280,W,4.8,0,13,0,0,OK
14/06/2026 03:25,19.1,84.2,0,220,SW,4.8,0,13,0,0,OK
14/06/2026 03:26,19.1,84.3,1.6,230,SW,4.8,0,13,0,0,OK
14/06/2026 03:27,19.1,84.3,0,222,SW,4.8,0,13,0,0,OK
14/06/2026 03:28,19.1,84.5,0,222,SW,4.8,0,13,0,0,OK
14/06/2026 03:29,19.2,84.8,0,220,SW,4.8,0,13,0,0,OK
14/06/2026 03:30,19.2,84.7,0,220,SW,4.8,0,13,0,0,OK
14/06/2026 03:31,19.2,84.8,1.6,213,SSW,4.8,0,13,0,0,OK
14/06/2026 03:32,19.2,84.7,3.2,227,SW,4.8,0,13,0,0,OK
14/06/2026 03:33,19.1,84.6,1.6,227,SW,4.8,0,13,0,0,OK
14/06/2026 03:34,19.2,84.5,4.8,268,W,6.4,0,13,0,0,OK
14/06/2026 03:35,19.1,83,3.2,272,W,6.4,0,13,0,0,OK
14/06/2026 03:36,19.1,82.7,3.2,272,W,6.4,0,13,0,0,OK
14/06/2026 03:37,19.1,82.6,0,270,W,6.4,0,13,0,0,OK
14/06/2026 03:38,19.1,82.6,3.2,278,W,6.4,0,13,0,0,OK
14/06/2026 03:39,19.1,82.6,3.2,275,W,6.4,0,13,0,0,OK
14/06/2026 03:40,19.1,82.5,3.2,285,WNW,6.4,0,13,0,0,OK
14/06/2026 03:41,19.1,82.5,3.2,264,W,6.4,0,13,0,0,OK
14/06/2026 03:42,19.1,82.5,1.6,265,W,6.4,0,13,0,0,OK
14/06/2026 03:43,19.1,82.5,0,264,W,6.4,0,13,0,0,OK
14/06/2026 03:44,19.1,82.5,3.2,309,NW,4.8,0,13,0,0,OK
14/06/2026 03:45,19.1,82.5,3.2,298,WNW,6.4,0,13,0,0,OK
14/06/2026 03:46,19,82.4,3.2,264,W,6.4,0,13,0,0,OK
14/06/2026 03:47,19,82.3,1.6,253,WSW,6.4,0,13,0,0,OK
14/06/2026 03:48,19,82.3,0,251,WSW,6.4,0,13,0,0,OK
14/06/2026 03:49,19,82.3,0,258,WSW,6.4,0,13,0,0,OK
14/06/2026 03:50,19,82.5,3.2,280,W,6.4,0,13,0,0,OK
14/06/2026 03:51,19,82.3,3.2,281,W,6.4,0,13,0,0,OK
14/06/2026 03:52,19,82.2,0,280,W,6.4,0,13,0,0,OK
14/06/2026 03:53,19,82.3,3.2,278,W,6.4,0,13,0,0,OK
14/06/2026 03:54,19,82.1,1.6,284,WNW,6.4,0,13,0,0,OK
14/06/2026 03:55,19,82.2,3.2,289,WNW,6.4,0,13,0,0,OK
14/06/2026 03:56,19,82.1,1.6,291,WNW,6.4,0,13,0,0,OK
14/06/2026 03:57,19,82.3,3.2,288,WNW,6.4,0,13,0,0,OK
14/06/2026 03:58,19,82.3,1.6,277,W,6.4,0,13,0,0,OK
14/06/2026 03:59,19,82.4,1.6,281,W,4.8,0,13,0,0,OK
14/06/2026 04:00,19,82.5,0,281,W,4.8,0,13,0,0,OK
14/06/2026 04:01,19,82.4,1.6,280,W,4.8,0,13,0,0,OK
14/06/2026 04:02,19,82.4,0,280,W,4.8,0,13,0,0,OK
14/06/2026 04:03,19,82.4,0,280,W,4.8,0,13,0,0,OK
14/06/2026 04:04,19,82.5,0,280,W,4.8,0,13,0,0,OK
14/06/2026 04:05,19,82.5,0,278,W,4.8,0,13,0,0,OK
14/06/2026 04:06,19,82.4,3.2,289,WNW,4.8,0,13,0,0,OK
14/06/2026 04:07,19,82.3,3.2,275,W,4.8,0,13,0,0,OK
14/06/2026 04:08,19,82.2,1.6,275,W,4.8,0,13,0,0,OK
14/06/2026 04:09,19,82.2,3.2,287,WNW,4.8,0,13,0,0,OK
14/06/2026 04:10,19,82.3,4.8,288,WNW,4.8,0,13,0,0,OK
14/06/2026 04:11,19,82.1,3.2,281,W,4.8,0,13,0,0,OK
14/06/2026 04:12,18.9,82.2,4.8,298,WNW,4.8,0,13,0,0,OK
14/06/2026 04:13,18.9,82.2,6.4,292,WNW,4.8,0,13,0,0,OK
14/06/2026 04:14,18.9,82.1,1.6,292,WNW,6.4,0,13,0,0,OK
14/06/2026 04:15,18.9,82.2,4.8,280,W,6.4,0,13,0,0,OK
14/06/2026 04:16,18.9,82,4.8,306,NW,6.4,0,13,0,0,OK
14/06/2026 04:17,18.9,82,6.4,274,W,6.4,0,13,0,0,OK
14/06/2026 04:18,18.9,82.1,3.2,309,NW,8,0,13,0,0,OK
14/06/2026 04:19,18.9,82.1,3.2,309,NW,8,0,13,0,0,OK
14/06/2026 04:20,18.9,82.1,4.8,267,W,8,0,13,0,0,OK
14/06/2026 04:21,18.9,82,4.8,292,WNW,8,0,13,0,0,OK
14/06/2026 04:22,18.8,82,4.8,284,WNW,8,0,13,0,0,OK
14/06/2026 04:23,18.8,82,1.6,284,WNW,8,0,13,0,0,OK
14/06/2026 04:24,18.8,82.2,3.2,294,WNW,8,0,13,0,0,OK
14/06/2026 04:25,18.8,82.1,3.2,319,NW,8,0,13,0,0,OK
14/06/2026 04:26,18.8,82.2,4.8,298,WNW,6.4,0,13,0,0,OK
14/06/2026 04:27,18.8,82.3,3.2,304,WNW,6.4,0,13,0,0,OK
14/06/2026 04:28,18.8,82.4,1.6,291,WNW,6.4,0,13,0,0,OK
14/06/2026 04:29,18.8,82.5,0,291,WNW,6.4,0,13,0,0,OK
14/06/2026 04:30,18.8,82.5,1.6,291,WNW,6.4,0,13,0,0,OK
14/06/2026 04:31,18.8,82.5,1.6,291,WNW,4.8,0,13,0,0,OK
14/06/2026 04:32,18.8,82.5,1.6,291,WNW,4.8,0,13,0,0,OK
14/06/2026 04:33,18.8,82.6,1.6,294,WNW,4.8,0,13,0,0,OK
14/06/2026 04:34,18.8,82.5,3.2,274,W,4.8,0,13,0,0,OK
14/06/2026 04:35,18.8,82.6,1.6,271,W,4.8,0,13,0,0,OK
14/06/2026 04:37,18.7,82.5,0,271,W,4.8,0,13,0,0,OK
14/06/2026 04:38,18.7,82.5,0,271,W,3.2,0,13,0,0,OK
14/06/2026 04:39,18.7,82.7,0,271,W,3.2,0,13,0,0,OK
14/06/2026 04:40,18.7,82.8,0,271,W,3.2,0,13,0,0,OK
14/06/2026 04:41,18.7,82.8,0,277,W,3.2,0,13,0,0,OK
14/06/2026 04:42,18.7,82.9,0,277,W,3.2,0,13,0,0,OK
14/06/2026 04:43,18.7,82.9,1.6,277,W,3.2,0,13,0,0,OK
14/06/2026 04:44,18.7,82.9,0,277,W,3.2,0,13,0,0,OK
14/06/2026 04:45,18.7,83.1,1.6,282,WNW,3.2,0,13,0,0,OK
14/06/2026 04:46,18.6,83.3,1.6,280,W,3.2,0,13,0,0,OK
14/06/2026 04:47,18.7,83.2,1.6,280,W,3.2,0,13,0,0,OK
14/06/2026 04:48,18.7,83.1,1.6,280,W,3.2,0,13,0,0,OK
14/06/2026 04:49,18.7,83.1,1.6,291,WNW,3.2,0,13,0,0,OK
14/06/2026 04:50,18.7,82.7,0,298,WNW,3.2,0,13,0,0,OK
14/06/2026 04:51,18.6,82.8,0,288,WNW,3.2,0,13,0,0,OK
14/06/2026 04:52,18.7,82.9,3.2,281,W,3.2,0,13,0,0,OK
14/06/2026 04:53,18.6,83.1,3.2,285,WNW,3.2,0,13,0,0,OK
14/06/2026 04:54,18.6,83.2,1.6,285,WNW,3.2,0,13,0,0,OK
14/06/2026 04:55,18.6,83.4,0,284,WNW,3.2,0,13,0,0,OK
14/06/2026 04:56,18.6,83.8,0,284,WNW,3.2,0,13,0,0,OK
14/06/2026 04:57,18.6,83.8,0,284,WNW,3.2,0,13,0,0,OK
14/06/2026 04:58,18.6,83.8,0,284,WNW,3.2,0,13,0,0,OK
14/06/2026 04:59,18.6,83.8,0,284,WNW,3.2,0,13,0,0,OK
14/06/2026 05:00,18.6,84.3,0,284,WNW,3.2,0,13,0,0,OK
14/06/2026 05:01,18.6,84.3,1.6,270,W,3.2,0,13,0,0,OK
14/06/2026 05:02,18.6,84,1.6,268,W,3.2,0,13,0,0,OK
14/06/2026 05:03,18.5,84.3,0,268,W,3.2,0,13,0,0,OK
14/06/2026 05:04,18.5,84.6,0,268,W,3.2,0,13,0,0,OK
14/06/2026 05:05,18.5,84.8,0,265,W,3.2,0,13,0,0,OK
14/06/2026 05:06,18.5,84.8,1.6,236,SW,3.2,0,13,0,0,OK
14/06/2026 05:07,18.5,84.8,0,223,SW,4.8,0,13,0,0,OK
14/06/2026 05:08,18.5,84.8,1.6,227,SW,4.8,0,13,0,0,OK
14/06/2026 05:09,18.5,84.9,0,209,SSW,4.8,0,13,0,0,OK
14/06/2026 05:10,18.4,85,0,210,SSW,4.8,0,13,0,0,OK
14/06/2026 05:11,18.5,85.1,0,210,SSW,4.8,0,13,0,0,OK
14/06/2026 05:12,18.4,85.1,0,210,SSW,4.8,0,13,0,0,OK
14/06/2026 05:13,18.4,85.1,0,210,SSW,4.8,0,13,0,0,OK
14/06/2026 05:14,18.4,85.1,1.6,210,SSW,4.8,0,13,0,0,OK
14/06/2026 05:15,18.4,85.1,4.8,243,WSW,4.8,0,13,0,0,OK
14/06/2026 05:16,18.4,85.1,1.6,243,WSW,4.8,0,13,0,0,OK
14/06/2026 05:17,18.4,85.3,3.2,243,WSW,4.8,0,13,0,0,OK
14/06/2026 05:18,18.3,85.5,0,243,WSW,4.8,0,13,0,0,OK
14/06/2026 05:19,18.3,85.6,0,243,WSW,4.8,0,13,0,0,OK
14/06/2026 05:20,18.3,85.3,0,243,WSW,4.8,0,13,0,0,OK
14/06/2026 05:21,18.3,85.3,0,243,WSW,4.8,0,13,0,0,OK
14/06/2026 05:22,18.3,84.7,0,243,WSW,4.8,0,13,0,0,OK
14/06/2026 05:23,18.3,84.4,1.6,271,W,4.8,0,13,0,0,OK
14/06/2026 05:24,18.2,84.2,0,271,W,4.8,0,13,0,0,OK
14/06/2026 05:25,18.2,84.1,0,271,W,3.2,0,13,0,0,OK
14/06/2026 05:26,18.2,84.2,1.6,271,W,3.2,0,13,0,0,OK
14/06/2026 05:27,18.2,84.1,3.2,271,W,3.2,0,13,0,0,OK
14/06/2026 05:28,18.2,84.1,0,271,W,3.2,0,13,0,0,OK
14/06/2026 05:29,18.1,84.2,0,271,W,3.2,0,13,0,0,OK
14/06/2026 05:30,18.1,84.2,0,271,W,3.2,0,13,0,0,OK
14/06/2026 05:31,18.1,84.2,0,271,W,3.2,0,13,0,0,OK
14/06/2026 05:32,18.1,84.4,0,271,W,3.2,0,13,0,0,OK
14/06/2026 05:33,18.1,84.3,0,271,W,3.2,0,13,0,0,OK
14/06/2026 05:34,18.1,84.3,0,271,W,3.2,0,13,0,0,OK
14/06/2026 05:35,18.1,84.3,0,271,W,3.2,0,13,0,0,OK
14/06/2026 05:36,18.1,84.3,0,271,W,1.6,0,13,0,0,OK
14/06/2026 05:37,18,84.1,0,271,W,1.6,0,13,0,0,OK
14/06/2026 05:38,18,84.3,0,271,W,1.6,0,13,0,0,OK
14/06/2026 05:39,18,84.2,1.6,271,W,1.6,0,13,0,0,OK
14/06/2026 05:40,18,84.2,0,271,W,3.2,0,13,0,0,OK
14/06/2026 05:41,18,84.4,1.6,271,W,3.2,0,13,0,0,OK
14/06/2026 05:42,18,84.6,3.2,256,WSW,3.2,0,13,0,0,OK
14/06/2026 05:43,17.9,84.6,3.2,267,W,3.2,0,13,0,0,OK
14/06/2026 05:44,18,84.6,3.2,277,W,4.8,0,13,0,0,OK
14/06/2026 05:45,18,84.7,3.2,263,W,4.8,0,13,0,0,OK
14/06/2026 05:46,17.9,84.7,3.2,280,W,4.8,0,13,0,0,OK
14/06/2026 05:47,17.9,84.8,0,289,WNW,4.8,0,13,0,0,OK
14/06/2026 05:48,17.9,84.8,3.2,284,WNW,4.8,0,13,0,0,OK
14/06/2026 05:49,17.9,84.7,1.6,270,W,4.8,0,13,0,1.8,OK
14/06/2026 05:50,17.9,84.7,0,271,W,4.8,0,13,0,1.8,OK
14/06/2026 05:51,17.9,84.8,3.2,285,WNW,4.8,0,13,0,1.8,OK
14/06/2026 05:52,17.9,84.8,3.2,261,W,4.8,0,13,0,1.8,OK
14/06/2026 05:53,17.9,84.8,1.6,287,WNW,4.8,0,13,0,1.8,OK
14/06/2026 05:54,17.9,84.8,4.8,288,WNW,6.4,0,13,0,1.8,OK
14/06/2026 05:55,17.9,84.9,1.6,301,WNW,6.4,0,13,0,1.8,OK
14/06/2026 05:56,17.9,84.9,4.8,282,WNW,6.4,0,13,0,1.8,OK
14/06/2026 05:57,17.9,84.7,1.6,287,WNW,8,0,13,0,1.8,OK
14/06/2026 05:58,17.9,84.8,3.2,312,NW,8,0,13,0,3.5,OK
14/06/2026 05:59,17.9,84.5,3.2,270,W,8,0,13,0,3.5,OK
14/06/2026 06:00,17.9,84.2,3.2,274,W,8,0,13,0,3.5,OK
14/06/2026 06:01,17.9,84,1.6,287,WNW,8,0,13,0,3.5,OK
14/06/2026 06:02,17.9,84.1,3.2,287,WNW,8,0,13,0,5.3,OK
14/06/2026 06:03,17.9,84.1,6.4,305,NW,8,0,13,0,5.3,OK
14/06/2026 06:04,17.9,84.1,6.4,308,NW,8,0,13,0,7,OK
14/06/2026 06:05,17.9,84.1,154.5,126,SE,9.7,0,13,0,1466.1,OK
14/06/2026 06:06,17.9,84.1,154.5,126,SE,9.7,0,13,0,1466.1,OK
14/06/2026 06:07,17.9,84.1,154.5,126,SE,9.7,0,13,0,1466.1,OK
14/06/2026 06:08,17.9,84.1,154.5,126,SE,9.7,0,13,0,1466.1,OK
14/06/2026 06:09,18,84,0,294,WNW,9.7,0,13,0,12.3,OK
14/06/2026 06:10,18,84,0,292,WNW,9.7,0,13,0,12.3,OK
14/06/2026 06:11,18,84.1,3.2,301,WNW,9.7,0,13,0,14.1,OK
14/06/2026 06:12,18,84.1,0,315,NW,9.7,0,13,0,15.8,OK
14/06/2026 06:13,18,84.1,3.2,311,NW,9.7,0,13,0,17.6,OK
14/06/2026 06:14,18,84.1,3.2,298,WNW,6.4,0,13,0,17.6,OK
14/06/2026 06:15,18,84.2,3.2,298,WNW,6.4,0,13,0,19.3,OK
14/06/2026 06:16,18,83.9,4.8,301,WNW,8,0,13,0,19.3,OK
14/06/2026 06:17,18,83.9,3.2,305,NW,8,0,13,0,21.1,OK
14/06/2026 06:18,18,83.9,6.4,302,WNW,8,0,13,0,21.1,OK
14/06/2026 06:19,18,83.9,4.8,267,W,8,0,13,0,24.6,OK
14/06/2026 06:20,18,83.9,1.6,301,WNW,8,0,13,0,24.6,OK
14/06/2026 06:21,18,84,1.6,268,W,8,0,13,0,26.4,OK
14/06/2026 06:22,18,84.1,0,305,NW,8,0,13,0,28.1,OK
14/06/2026 06:23,18,84.1,1.6,305,NW,8,0,13,0,29.9,OK
14/06/2026 06:24,18,84.1,0,305,NW,8,0,13,0,31.6,OK
14/06/2026 06:25,18.1,84.2,1.6,304,WNW,6.4,0,13,0,33.4,OK
14/06/2026 06:26,18.1,84.3,3.2,296,WNW,6.4,0,13,0,35.2,OK
14/06/2026 06:27,18,84.2,6.4,298,WNW,6.4,0,13,0,35.2,OK
14/06/2026 06:28,18.1,83.8,3.2,306,NW,6.4,0,13,0,36.9,OK
14/06/2026 06:29,18.1,83.7,3.2,287,WNW,8,0,13,0,36.9,OK
14/06/2026 06:30,18.1,83.6,4.8,306,NW,8,0,13,0,40.4,OK
14/06/2026 06:31,18.1,83.5,4.8,281,W,8,0,13,0,42.2,OK
14/06/2026 06:32,18.1,83.6,3.2,289,WNW,8,0,13,0,42.2,OK
14/06/2026 06:33,18.1,83.6,4.8,332,NNW,8,0,13,0,43.9,OK
14/06/2026 06:34,18.1,83.6,4.8,295,WNW,8,0,13,0,45.7,OK
14/06/2026 06:35,18.1,83.6,1.6,294,WNW,8,0,13,0,45.7,OK
14/06/2026 06:36,18.1,83.5,3.2,292,WNW,8,0,13,0,47.5,OK
14/06/2026 06:37,18.1,83.6,4.8,301,WNW,8,0,13,0,49.2,OK
14/06/2026 06:38,18.1,83.6,1.6,294,WNW,8,0,13,0,51,OK
14/06/2026 06:39,18.2,83.6,4.8,257,WSW,8,0,13,0,52.7,OK
14/06/2026 06:40,18.1,83.7,3.2,281,W,8,0,13,0.2,56.3,OK
14/06/2026 06:41,18.2,83.7,3.2,287,WNW,8,0,13,0.3,58,OK
14/06/2026 06:42,18.2,83.8,1.6,289,WNW,8,0,13,0.3,66.8,OK
14/06/2026 06:43,18.3,83.8,3.2,295,WNW,8,0,13,0.3,70.3,OK
14/06/2026 06:44,18.3,83.7,3.2,306,NW,8,0,13,0.3,75.6,OK
14/06/2026 06:45,18.3,83.4,3.2,287,WNW,8,0,13,0.3,82.6,OK
14/06/2026 06:46,18.3,83.3,3.2,309,NW,8,0,13,0.3,87.9,OK
14/06/2026 06:47,18.3,83.2,4.8,265,W,8,0,13,0.3,91.4,OK
14/06/2026 06:48,18.3,82.8,4.8,277,W,8,0,13,0.4,94.9,OK
14/06/2026 06:49,18.3,82.7,3.2,296,WNW,6.4,0,13,0.4,102,OK
14/06/2026 06:50,18.3,82.6,4.8,275,W,8,0,13,0.4,107.2,OK
14/06/2026 06:51,18.3,82.7,6.4,308,NW,8,0,13,0.4,110.7,OK
14/06/2026 06:52,18.4,82.3,4.8,288,WNW,9.7,0,13,0.4,114.3,OK
14/06/2026 06:53,18.4,82.1,9.7,295,WNW,11.3,0,13,0.4,112.5,OK
14/06/2026 06:54,18.4,82,4.8,261,W,11.3,0,13,0.4,124.8,OK
14/06/2026 06:55,18.4,82.1,4.8,275,W,11.3,0,13,0.5,128.3,OK
14/06/2026 06:56,18.4,82.1,3.2,295,WNW,11.3,0,13,0.5,131.8,OK
14/06/2026 06:57,18.4,82.2,1.6,295,WNW,11.3,0,13,0.5,131.8,OK
14/06/2026 06:58,18.5,82.1,11.3,299,WNW,11.3,0,13,0.5,131.8,OK
14/06/2026 06:59,18.5,81.6,6.4,305,NW,11.3,0,13,0.5,135.4,OK
14/06/2026 07:00,18.5,81.5,4.8,294,WNW,11.3,0,13,0.6,138.9,OK
14/06/2026 07:01,18.5,81.6,3.2,309,NW,11.3,0,13,0.6,142.4,OK
14/06/2026 07:02,18.5,81.8,3.2,277,W,11.3,0,13,0.6,142.4,OK
14/06/2026 07:03,18.5,81.7,6.4,271,W,11.3,0,13,0.6,145.9,OK
14/06/2026 07:04,18.6,81.7,4.8,271,W,11.3,0,13,0.6,149.4,OK
14/06/2026 07:05,18.6,81.5,3.2,294,WNW,11.3,0,13,0.6,152.9,OK
14/06/2026 07:06,18.6,81.3,1.6,329,NNW,11.3,0,13,0.7,152.9,OK
14/06/2026 07:07,18.6,81.5,8,284,WNW,9.7,0,13,0.7,145.9,OK
14/06/2026 07:08,18.6,81.5,9.7,263,W,11.3,0,13,0.7,147.7,OK
14/06/2026 07:09,18.6,81.6,1.6,282,WNW,11.3,0,13,0.7,144.2,OK
14/06/2026 07:10,18.6,81.7,3.2,284,WNW,11.3,0,13,0.7,168.8,OK
14/06/2026 07:11,18.6,81.6,3.2,298,WNW,11.3,0,13,0.8,172.3,OK
14/06/2026 07:12,18.6,81.6,3.2,257,WSW,11.3,0,13,0.8,175.8,OK
14/06/2026 07:13,18.7,81.7,4.8,271,W,11.3,0,13,0.8,186.3,OK
14/06/2026 07:14,18.7,81.6,8,263,W,11.3,0,13,0.9,207.4,OK
14/06/2026 07:15,18.7,81.6,3.2,302,WNW,11.3,0,13,0.9,216.2,OK
14/06/2026 07:16,18.8,81.6,6.4,295,WNW,11.3,0,13,0.9,228.5,OK
14/06/2026 07:17,18.8,81.3,4.8,267,W,9.7,0,13,1,230.3,OK
14/06/2026 07:18,18.8,81.4,1.6,309,NW,9.7,0,13,1,232,OK
14/06/2026 07:19,18.8,81.5,6.4,301,WNW,9.7,0,13,1,232,OK
14/06/2026 07:20,18.9,80.8,4.8,305,NW,9.7,0,13,1,226.8,OK
14/06/2026 07:21,18.9,80.7,6.4,299,WNW,9.7,0,13,1,214.5,OK
14/06/2026 07:22,18.9,80.7,4.8,292,WNW,9.7,0,13,1,184.6,OK
14/06/2026 07:23,18.9,80.8,4.8,277,W,9.7,0,13,1,179.3,OK
14/06/2026 07:24,19,80.5,1.6,280,W,8,0,13,1.1,181.1,OK
14/06/2026 07:25,19,80.6,3.2,288,WNW,8,0,13,1.1,195.1,OK
14/06/2026 07:26,19,80.7,4.8,278,W,8,0,13,1.1,219.7,OK
14/06/2026 07:27,19.1,80.7,4.8,289,WNW,8,0,13,1.2,242.6,OK
14/06/2026 07:28,19.1,80.5,6.4,261,W,8,0,13,1.2,260.2,OK
14/06/2026 07:29,19.1,80.3,3.2,346,NNW,9.7,0,13,1.3,249.6,OK
14/06/2026 07:30,19.1,80,6.4,301,WNW,11.3,0,13,1.2,219.7,OK
14/06/2026 07:31,19.1,80,8,308,NW,11.3,0,13,1.2,172.3,OK
14/06/2026 07:32,19.1,80,6.4,295,WNW,11.3,0,13,1.1,145.9,OK
14/06/2026 07:33,19.1,79.8,6.4,295,WNW,11.3,0,13,1.1,135.4,OK
14/06/2026 07:34,19.1,79.9,4.8,275,W,11.3,0,13,1.1,131.8,OK
14/06/2026 07:35,19.2,79.8,3.2,274,W,11.3,0,13,1.1,131.8,OK
14/06/2026 07:36,19.1,79.9,4.8,292,WNW,11.3,0,13,1.1,133.6,OK
14/06/2026 07:37,19.1,79.9,3.2,278,W,11.3,0,13,1.2,137.1,OK
14/06/2026 07:38,19.1,79.8,6.4,292,WNW,9.7,0,13,1.2,142.4,OK
14/06/2026 07:39,19.1,79.6,3.2,289,WNW,9.7,0,13,1.2,154.7,OK
14/06/2026 07:40,19.1,79.8,1.6,304,WNW,9.7,0,13,1.3,152.9,OK
14/06/2026 07:41,19.1,80,1.6,263,W,9.7,0,13,1.3,149.4,OK
14/06/2026 07:42,19.1,80,4.8,282,WNW,11.3,0,13,1.3,145.9,OK
14/06/2026 07:43,19.1,80,0,315,NW,11.3,0,13,1.3,140.6,OK
14/06/2026 07:44,19.2,80.2,6.4,3,N,11.3,0,13,1.3,138.9,OK
14/06/2026 07:45,19.2,79.8,4.8,306,NW,11.3,0,13,1.3,137.1,OK
14/06/2026 07:46,19.2,79.4,6.4,313,NW,11.3,0,13,1.3,138.9,OK
14/06/2026 07:47,19.2,79.4,1.6,284,WNW,11.3,0,13,1.4,142.4,OK
14/06/2026 07:48,19.2,79.6,6.4,285,WNW,11.3,0,13,1.4,147.7,OK
14/06/2026 07:49,19.2,79.5,1.6,275,W,11.3,0,13,1.4,151.2,OK
14/06/2026 07:50,19.2,79.4,4.8,250,WSW,11.3,0,13,1.4,154.7,OK
14/06/2026 07:51,19.2,79.6,8,263,W,9.7,0,13,1.5,160,OK
14/06/2026 07:52,19.2,79.5,9.7,275,W,11.3,0,13,1.5,167,OK
14/06/2026 07:53,19.2,79.3,3.2,289,WNW,11.3,0,13,1.6,189.9,OK
14/06/2026 07:54,19.2,79.6,3.2,264,W,11.3,0,13,1.7,219.7,OK
14/06/2026 07:55,19.2,79.3,4.8,281,W,11.3,0,13,1.7,228.5,OK
14/06/2026 07:56,19.3,79.5,8,281,W,11.3,0,13,1.8,226.8,OK
14/06/2026 07:57,19.3,79.1,6.4,274,W,11.3,0,13,1.6,184.6,OK
14/06/2026 07:58,19.3,78.8,8,264,W,11.3,0,13,1.6,165.2,OK
14/06/2026 07:59,19.4,78.8,8,295,WNW,11.3,0,13,1.6,165.2,OK
14/06/2026 08:00,19.4,79.1,4.8,309,NW,11.3,0,13,1.6,167,OK
14/06/2026 08:01,19.4,79.4,0,352,N,11.3,0,13,1.6,170.5,OK
14/06/2026 08:02,19.4,79,6.4,305,NW,11.3,0,13,1.6,172.3,OK
14/06/2026 08:03,19.4,78.6,4.8,322,NW,11.3,0,13,1.6,170.5,OK
14/06/2026 08:04,19.4,78.9,4.8,272,W,11.3,0,13,1.7,168.8,OK
14/06/2026 08:05,19.5,78.9,3.2,280,W,11.3,0,13,1.7,168.8,OK
14/06/2026 08:06,19.5,78.9,1.6,301,WNW,11.3,0,13,1.7,170.5,OK
14/06/2026 08:07,19.5,79.2,6.4,253,WSW,9.7,0,13,1.7,170.5,OK
14/06/2026 08:08,19.5,78.9,4.8,295,WNW,9.7,0,13,1.7,168.8,OK
14/06/2026 08:09,19.5,78.8,4.8,304,WNW,9.7,0,13,1.7,168.8,OK
14/06/2026 08:10,19.6,78.6,6.4,296,WNW,9.7,0,13,1.7,167,OK
14/06/2026 08:11,19.6,78.6,3.2,284,WNW,9.7,0,13,1.7,167,OK
14/06/2026 08:12,19.6,78.4,4.8,325,NW,9.7,0,13,1.7,167,OK
14/06/2026 08:13,19.6,78.7,3.2,311,NW,9.7,0,13,1.7,168.8,OK
14/06/2026 08:14,19.6,78.6,1.6,305,NW,9.7,0,13,1.7,170.5,OK
14/06/2026 08:15,19.6,78.4,3.2,304,WNW,9.7,0,13,1.8,172.3,OK
14/06/2026 08:16,19.7,78.4,4.8,268,W,8,0,13,1.8,174,OK
14/06/2026 08:17,19.8,78.2,3.2,296,WNW,6.4,0,13,1.8,175.8,OK
14/06/2026 08:18,19.8,78.4,1.6,333,NNW,6.4,0,13,1.9,179.3,OK
14/06/2026 08:19,19.8,78.4,8,285,WNW,6.4,0,13,1.9,182.8,OK
14/06/2026 08:20,19.9,77.6,6.4,305,NW,9.7,0,13,1.9,184.6,OK
14/06/2026 08:21,19.9,77.3,4.8,301,WNW,11.3,0,13,2,188.1,OK
14/06/2026 08:22,19.9,77.1,1.6,298,WNW,11.3,0,13,2,191.6,OK
14/06/2026 08:23,19.9,76.4,6.4,305,NW,11.3,0,13,2.1,212.7,OK
14/06/2026 08:24,19.9,76.3,4.8,280,W,11.3,0,13,2.1,212.7,OK
14/06/2026 08:25,19.9,76.5,3.2,326,NW,11.3,0,13,2,193.4,OK
14/06/2026 08:26,20,76.7,3.2,298,WNW,11.3,0,13,2.1,196.9,OK
14/06/2026 08:27,20,76.8,8,294,WNW,11.3,0,13,2.1,205.7,OK
14/06/2026 08:28,20,76.5,4.8,275,W,11.3,0,13,2.2,212.7,OK
14/06/2026 08:29,20,76.3,8,328,NNW,9.7,0,13,2.2,205.7,OK
14/06/2026 08:30,20,76.5,3.2,282,WNW,9.7,0,13,2.2,209.2,OK
14/06/2026 08:31,20,76.3,4.8,298,WNW,9.7,0,13,2.3,221.5,OK
14/06/2026 08:32,20,76.5,6.4,270,W,9.7,0,13,2.3,218,OK
14/06/2026 08:33,20,76.4,4.8,263,W,9.7,0,13,2.4,219.7,OK
14/06/2026 08:34,20.1,76.4,6.4,282,WNW,9.7,0,13,2.4,225,OK
14/06/2026 08:35,20.1,76.3,1.6,282,WNW,9.7,0,13,2.5,240.8,OK
14/06/2026 08:36,20.2,76.6,0,289,WNW,9.7,0,13,2.5,295.3,OK
14/06/2026 08:37,20.2,76.6,1.6,309,NW,9.7,0,13,2.9,386.7,OK
14/06/2026 08:38,20.3,76.4,6.4,306,NW,9.7,0,13,3.3,423.7,OK
14/06/2026 08:39,20.4,76.2,4.8,309,NW,8,0,13,3.3,439.5,OK
14/06/2026 08:40,20.4,76,4.8,270,W,8,0,13,3.7,486.9,OK
14/06/2026 08:41,20.5,76.2,1.6,292,WNW,8,0,13,3.8,567.8,OK
14/06/2026 08:42,20.6,76,3.2,353,N,8,0,13,3.2,460.6,OK
14/06/2026 08:43,20.7,75.8,6.4,356,N,8,0,13,3.5,406.1,OK
14/06/2026 08:44,20.8,75.2,1.6,336,NNW,8,0,13,3.2,334,OK
14/06/2026 08:45,20.8,75.7,3.2,264,W,8,0,13,3.3,351.6,OK
14/06/2026 08:46,20.9,75.1,3.2,301,WNW,8,0,13,3.6,400.8,OK
14/06/2026 08:47,21,74.8,8,306,NW,8,0,13,4,508,OK
14/06/2026 08:48,21.1,74.5,4.8,298,WNW,8,0,13,4,504.5,OK
14/06/2026 08:49,21.1,74.6,4.8,263,W,9.7,0,13,4,499.3,OK
14/06/2026 08:50,21.1,74.5,3.2,298,WNW,9.7,0,13,4,492.2,OK
14/06/2026 08:51,21.3,73.8,6.4,285,WNW,9.7,0,13,4,485.2,OK
14/06/2026 08:52,21.3,74,3.2,20,NNE,9.7,0,13,4.1,479.9,OK
14/06/2026 08:53,21.3,73.2,6.4,340,NNW,9.7,0,13,4.1,481.7,OK
14/06/2026 08:54,21.3,72.9,3.2,0,N,9.7,0,13,4.1,492.2,OK
14/06/2026 08:55,21.4,73.6,3.2,274,W,9.7,0,13,4.2,495.7,OK
14/06/2026 08:56,21.4,73.7,6.4,304,WNW,9.7,0,13,4.2,492.2,OK
14/06/2026 08:57,21.5,72.8,8,308,NW,8,0,13,4.2,479.9,OK
14/06/2026 08:58,21.5,72.6,6.4,298,WNW,8,0,13,4.1,460.6,OK
14/06/2026 08:59,21.4,72.5,3.2,250,WSW,8,0,13,4.2,478.2,OK
14/06/2026 09:00,21.5,72.7,3.2,270,W,8,0,13,4.3,476.4,OK
14/06/2026 09:01,21.5,72.5,3.2,347,NNW,8,0,13,4.4,485.2,OK
14/06/2026 09:02,21.5,72.7,3.2,260,W,8,0,13,4.4,488.7,OK
14/06/2026 09:03,21.5,72.9,1.6,299,WNW,8,0,13,4.5,494,OK
14/06/2026 09:04,21.5,72.4,0,326,NW,8,0,13,4.6,495.7,OK
14/06/2026 09:05,21.5,73,4.8,271,W,8,0,13,4.7,515.1,OK
14/06/2026 09:06,21.6,72,4.8,277,W,8,0,13,4.7,515.1,OK
14/06/2026 09:07,21.6,71.7,1.6,270,W,8,0,13,4.8,518.6,OK
14/06/2026 09:08,21.6,72.5,3.2,296,WNW,8,0,13,4.9,525.6,OK
14/06/2026 09:09,21.6,72.2,1.6,298,WNW,8,0,13,4.9,532.7,OK
14/06/2026 09:10,21.7,72.7,0,323,NW,8,0,13,4.9,518.6,OK
14/06/2026 09:11,21.8,72.5,3.2,278,W,8,0,13,4.9,513.3,OK
14/06/2026 09:12,21.8,71.8,1.6,296,WNW,8,0,13,5,518.6,OK
14/06/2026 09:13,21.9,71.8,1.6,306,NW,8,0,13,5.1,527.4,OK
14/06/2026 09:14,22,70.5,1.6,0,N,8,0,13,5.2,536.2,OK
14/06/2026 09:15,22.1,71.1,0,0,N,6.4,0,13,5.3,543.2,OK
14/06/2026 09:16,22.2,71.1,0,0,N,6.4,0,13,5.3,543.2,OK
14/06/2026 09:17,22.3,70,3.2,140,SE,6.4,0,13,5.4,550.2,OK
14/06/2026 09:18,22.4,70.1,8,264,W,8,0,13,5.4,543.2,OK
14/06/2026 09:19,22.5,70.7,1.6,246,WSW,8,0,13,5.4,546.7,OK
14/06/2026 09:20,22.6,70.1,0,189,S,8,0,13,5.4,550.2,OK
14/06/2026 09:21,22.7,69.7,0,169,S,8,0,13,5.5,553.7,OK
14/06/2026 09:22,22.8,69.3,4.8,210,SSW,8,0,13,5.5,560.8,OK
14/06/2026 09:23,22.9,69,1.6,186,S,8,0,13,5.5,560.8,OK
14/06/2026 09:24,23,69.2,1.6,179,S,8,0,13,5.6,567.8,OK
14/06/2026 09:25,23,69,0,224,SW,8,0,13,5.7,571.3,OK
14/06/2026 09:26,23.1,68.4,4.8,234,SW,8,0,13,5.7,573.1,OK
14/06/2026 09:27,23.1,68.1,1.6,254,WSW,6.4,0,13,5.8,573.1,OK
14/06/2026 09:28,23.1,67.8,0,251,WSW,6.4,0,13,5.8,571.3,OK
14/06/2026 09:29,23.2,68.3,3.2,285,WNW,6.4,0,13,5.9,580.1,OK
14/06/2026 09:30,23.3,68.1,4.8,275,W,4.8,0,13,5.9,583.6,OK
14/06/2026 09:31,23.3,66.9,1.6,248,WSW,4.8,0,13,5.9,573.1,OK
14/06/2026 09:32,23.3,66.2,1.6,203,SSW,4.8,0,13,5.7,573.1,OK
14/06/2026 09:33,23.3,66.6,0,198,SSW,4.8,0,13,5.8,564.3,OK
14/06/2026 09:34,23.4,66.9,4.8,215,SW,4.8,0,13,5.9,583.6,OK
14/06/2026 09:35,23.4,66,3.2,181,S,6.4,0,13,6.2,597.7,OK
14/06/2026 09:36,23.5,66,6.4,121,ESE,6.4,0,13,6.2,595.9,OK
14/06/2026 09:37,23.5,66.2,1.6,121,ESE,6.4,0,13,6.3,597.7,OK
14/06/2026 09:38,23.5,65.9,0,144,SE,6.4,0,13,6.3,604.7,OK
14/06/2026 09:39,23.6,65.4,0,209,SSW,6.4,0,13,6.4,604.7,OK
14/06/2026 09:40,23.6,65.7,0,280,W,6.4,0,13,6.4,597.7,OK
14/06/2026 09:41,23.7,65.7,3.2,325,NW,6.4,0,13,6.5,604.7,OK
14/06/2026 09:42,23.7,65.6,0,0,N,6.4,0,13,6.5,603,OK
14/06/2026 09:43,23.8,65.7,3.2,284,WNW,6.4,0,13,6.5,603,OK
14/06/2026 09:44,23.9,65.1,3.2,352,N,6.4,0,13,6.6,606.5,OK
14/06/2026 09:45,23.9,64.8,1.6,251,WSW,6.4,0,13,6.7,613.5,OK
14/06/2026 09:46,23.9,64.8,0,251,WSW,6.4,0,13,6.7,615.3,OK
14/06/2026 09:47,23.9,64.8,0,313,NW,6.4,0,13,6.8,620.6,OK
14/06/2026 09:48,23.9,65.5,0,313,NW,6.4,0,13,6.8,620.6,OK
14/06/2026 09:49,24,65.4,0,313,NW,6.4,0,13,6.9,622.3,OK
14/06/2026 09:50,24,65.2,0,10,N,6.4,0,13,7,624.1,OK
14/06/2026 09:51,24.2,65.1,1.6,344,NNW,6.4,0,13,7,627.6,OK
14/06/2026 09:52,24.3,64.6,3.2,326,NW,6.4,0,13,7,620.6,OK
14/06/2026 09:53,24.4,63.4,3.2,360,N,4.8,0,13,7,618.8,OK
14/06/2026 09:54,24.5,63.2,1.6,318,NW,4.8,0,13,7.1,620.6,OK
14/06/2026 09:55,24.5,62.9,1.6,11,NNE,4.8,0,13,7.2,627.6,OK
14/06/2026 09:56,24.6,64,1.6,304,WNW,4.8,0,13,7.2,631.1,OK
14/06/2026 09:57,24.6,62.5,1.6,256,WSW,4.8,0,13,7.3,632.9,OK
14/06/2026 09:58,24.5,62.2,1.6,275,W,4.8,0,13,7.4,639.9,OK
14/06/2026 09:59,24.6,62.5,4.8,280,W,4.8,0,13,7.4,639.9,OK
14/06/2026 10:00,24.5,62.2,3.2,263,W,4.8,0,13,7.4,639.9,OK
14/06/2026 10:01,24.5,62.2,0,308,NW,6.4,0,13,7.4,645.2,OK
14/06/2026 10:02,24.5,62.6,4.8,312,NW,6.4,0,13,7.5,650.4,OK
14/06/2026 10:03,24.4,62.4,4.8,302,WNW,6.4,0,13,7.5,661,OK
14/06/2026 10:04,24.4,62.5,3.2,305,NW,6.4,0,13,7.7,666.3,OK
14/06/2026 10:05,24.3,63.3,1.6,335,NNW,6.4,0,13,7.7,668,OK
14/06/2026 10:06,24.3,62.4,1.6,73,ENE,6.4,0,13,7.7,666.3,OK
14/06/2026 10:07,24.4,62.5,0,85,E,6.4,0,13,7.7,668,OK
14/06/2026 10:08,24.4,62.5,3.2,110,ESE,6.4,0,13,7.8,675,OK
14/06/2026 10:09,24.4,62.2,3.2,49,NE,6.4,0,13,7.8,676.8,OK
14/06/2026 10:10,24.4,62.3,0,360,N,6.4,0,13,7.9,680.3,OK
14/06/2026 10:11,24.4,62.2,1.6,220,SW,6.4,0,13,8,683.8,OK
14/06/2026 10:12,24.5,62.3,0,258,WSW,6.4,0,13,8,683.8,OK
14/06/2026 10:13,24.5,62.5,3.2,294,WNW,4.8,0,13,8.1,687.4,OK
14/06/2026 10:14,24.6,61.7,1.6,352,N,6.4,0,13,8.1,689.1,OK
14/06/2026 10:15,24.6,62.5,4.8,306,NW,6.4,0,13,8.2,689.1,OK
14/06/2026 10:17,24.6,61.7,1.6,20,NNE,6.4,0,13,8.2,690.9,OK
14/06/2026 10:18,24.7,61.9,3.2,0,N,6.4,0,13,8.3,692.6,OK
14/06/2026 10:19,24.7,61.3,0,347,NNW,6.4,0,13,8.3,694.4,OK
14/06/2026 10:20,24.7,61.5,0,246,WSW,6.4,0,13,8.3,696.1,OK
14/06/2026 10:21,24.8,62.2,0,316,NW,6.4,0,13,8.4,699.7,OK
14/06/2026 10:22,24.8,61.5,3.2,263,W,6.4,0,13,8.4,703.2,OK
14/06/2026 10:23,24.8,62.1,0,237,WSW,6.4,0,13,8.5,703.2,OK
14/06/2026 10:24,24.9,61,1.6,280,W,6.4,0,13,8.5,703.2,OK
14/06/2026 10:25,24.9,61.1,4.8,247,WSW,6.4,0,13,8.6,703.2,OK
14/06/2026 10:26,24.9,61.3,6.4,275,W,6.4,0,13,8.6,703.2,OK
14/06/2026 10:27,24.8,60.9,4.8,271,W,6.4,0,13,8.6,701.4,OK
14/06/2026 10:28,24.8,61.2,1.6,287,WNW,6.4,0,13,8.6,704.9,OK
14/06/2026 10:29,24.7,61.2,3.2,318,NW,6.4,0,13,8.7,708.4,OK
14/06/2026 10:30,24.7,61.9,6.4,340,NNW,6.4,0,13,8.7,708.4,OK
14/06/2026 10:31,24.7,62.2,0,13,NNE,6.4,0,13,8.8,710.2,OK
14/06/2026 10:32,24.7,62.1,0,71,ENE,6.4,0,13,8.8,708.4,OK
14/06/2026 10:33,24.8,62.1,0,268,W,6.4,0,13,8.9,712,OK
14/06/2026 10:34,24.9,62.6,4.8,265,W,6.4,0,13,9,717.2,OK
14/06/2026 10:35,25,61.2,0,236,SW,6.4,0,13,9,722.5,OK
14/06/2026 10:36,25,60.8,0,295,WNW,6.4,0,13,9.1,724.3,OK
14/06/2026 10:37,25.1,60.8,3.2,333,NNW,6.4,0,13,9.1,726,OK
14/06/2026 10:38,25.1,60.8,3.2,304,WNW,6.4,0,13,9.1,731.3,OK
14/06/2026 10:39,25.1,60.4,1.6,271,W,6.4,0,13,9.3,734.8,OK
14/06/2026 10:40,25.2,60.4,0,208,SSW,6.4,0,13,9.3,736.6,OK
14/06/2026 10:41,25.3,60,0,212,SSW,6.4,0,13,9.4,740.1,OK
14/06/2026 10:42,25.4,60.7,3.2,291,WNW,6.4,0,13,9.5,743.6,OK
14/06/2026 10:43,25.4,59.7,4.8,299,WNW,6.4,0,13,9.5,747.1,OK
14/06/2026 10:44,25.4,59.4,1.6,336,NNW,6.4,0,13,9.5,745.4,OK
14/06/2026 10:45,25.5,60,0,340,NNW,6.4,0,13,9.5,743.6,OK
14/06/2026 10:46,25.5,59.7,0,340,NNW,6.4,0,13,9.5,747.1,OK
14/06/2026 10:47,25.6,59.6,0,339,NNW,6.4,0,13,9.6,745.4,OK
14/06/2026 10:48,25.7,59.9,1.6,315,NW,6.4,0,13,9.6,747.1,OK
14/06/2026 10:49,25.8,59.2,1.6,312,NW,6.4,0,13,9.7,750.6,OK
14/06/2026 10:50,25.9,59.1,0,319,NW,6.4,0,13,9.7,754.2,OK
14/06/2026 10:51,25.9,58.7,3.2,223,SW,6.4,0,13,9.8,755.9,OK
14/06/2026 10:52,26,58.5,0,191,S,6.4,0,13,9.8,759.4,OK
14/06/2026 10:53,26,57.9,1.6,147,SSE,6.4,0,13,9.9,762.9,OK
14/06/2026 10:54,26.1,58.1,1.6,253,WSW,6.4,0,13,10,766.5,OK
14/06/2026 10:55,26.2,59,3.2,287,WNW,6.4,0,13,9.9,764.7,OK
14/06/2026 10:56,26.3,58.3,0,265,W,6.4,0,13,10,766.5,OK
14/06/2026 10:57,26.4,58,3.2,284,WNW,6.4,0,13,10.1,768.2,OK
14/06/2026 10:58,26.4,57.3,0,336,NNW,6.4,0,13,10.1,770,OK
14/06/2026 10:59,26.5,56.8,3.2,172,S,6.4,0,13,10.1,770,OK
14/06/2026 11:00,26.5,57,3.2,152,SSE,4.8,0,13,10.1,770,OK
14/06/2026 11:01,26.5,57.2,3.2,140,SE,4.8,0,13,10.1,768.2,OK
14/06/2026 11:02,26.6,56.8,1.6,133,SE,4.8,0,13,10.1,771.7,OK
14/06/2026 11:03,26.6,56.9,8,160,SSE,9.7,0,13,10.2,773.5,OK
14/06/2026 11:04,26.6,56.7,1.6,120,ESE,9.7,0,13,10.2,778.8,OK
14/06/2026 11:05,26.6,57,3.2,143,SE,9.7,0,13,10.2,777,OK
14/06/2026 11:06,26.6,57.2,4.8,143,SE,9.7,0,13,10.2,777,OK
14/06/2026 11:07,26.5,57,4.8,145,SE,9.7,0,13,10.2,784,OK
14/06/2026 11:08,26.5,57.4,0,158,SSE,9.7,0,13,10.3,792.8,OK
14/06/2026 11:09,26.6,57.6,0,268,W,9.7,0,13,10.4,798.1,OK
14/06/2026 11:10,26.6,57.5,4.8,130,SE,9.7,0,13,10.5,803.4,OK
14/06/2026 11:11,26.7,56.7,0,123,ESE,9.7,0,13,10.5,805.1,OK
14/06/2026 11:12,26.8,56.2,3.2,88,E,8,0,13,9.3,676.8,OK
14/06/2026 11:13,26.8,56.1,3.2,176,S,6.4,0,13,8.6,662.7,OK
14/06/2026 11:14,26.9,56.6,1.6,154,SSE,6.4,0,13,9.4,687.4,OK
14/06/2026 11:15,26.9,55.8,8,215,SW,6.4,0,13,8.8,615.3,OK
14/06/2026 11:16,26.9,56.3,1.6,168,SSE,9.7,0,13,8.8,648.7,OK
14/06/2026 11:17,27,55.8,4.8,124,SE,9.7,0,13,9.1,657.5,OK
14/06/2026 11:18,27,55.6,6.4,185,S,9.7,0,13,8.9,625.8,OK
14/06/2026 11:19,27,54.9,3.2,110,ESE,9.7,0,13,9.2,666.3,OK
14/06/2026 11:20,26.9,54.9,3.2,114,ESE,9.7,0,13,9.2,639.9,OK
14/06/2026 11:21,26.8,55.6,3.2,210,SSW,9.7,0,13,9.5,690.9,OK
14/06/2026 11:22,26.8,55.1,3.2,120,ESE,9.7,0,13,9.9,726,OK
14/06/2026 11:23,26.8,55.1,0,128,SE,9.7,0,13,9.5,706.7,OK
14/06/2026 11:24,26.8,55.6,0,178,S,9.7,0,13,9.1,532.7,OK
14/06/2026 11:25,26.8,54.2,1.6,200,SSW,8,0,13,9,606.5,OK
14/06/2026 11:26,26.8,53.9,4.8,232,SW,8,0,13,9.4,662.7,OK
14/06/2026 11:27,26.8,54.4,4.8,250,WSW,8,0,13,9.5,685.6,OK
14/06/2026 11:28,26.8,54.3,1.6,196,SSW,6.4,0,13,9.7,689.1,OK
14/06/2026 11:29,26.9,54,3.2,179,S,6.4,0,13,9.8,696.1,OK
14/06/2026 11:30,26.9,53.6,3.2,216,SW,6.4,0,13,9.9,731.3,OK
14/06/2026 11:31,26.9,53.3,3.2,206,SSW,6.4,0,13,10.2,736.6,OK
14/06/2026 11:32,26.9,52.8,1.6,152,SSE,6.4,0,13,10.1,734.8,OK
14/06/2026 11:33,26.9,53,4.8,154,SSE,6.4,0,13,10.1,715.5,OK
14/06/2026 11:34,26.9,52.7,0,32,NNE,6.4,0,13,10.1,715.5,OK
14/06/2026 11:35,27,53.4,0,93,E,6.4,0,13,10.2,724.3,OK
14/06/2026 11:36,27,53.1,0,263,W,6.4,0,13,10.1,713.7,OK
14/06/2026 11:37,27,53.2,1.6,112,ESE,6.4,0,13,10.1,710.2,OK
14/06/2026 11:38,27,52.9,0,119,ESE,6.4,0,13,10.5,748.9,OK
14/06/2026 11:39,27.1,53.2,6.4,86,E,4.8,0,13,10.6,764.7,OK
14/06/2026 11:40,27.2,53.3,0,230,SW,8,0,13,10.7,766.5,OK
14/06/2026 11:41,27.3,52.6,3.2,181,S,8,0,13,10.8,785.8,OK
14/06/2026 11:42,27.3,52.4,4.8,152,SSE,8,0,13,10.7,771.7,OK
14/06/2026 11:43,27.4,52,4.8,152,SSE,8,0,13,10.8,778.8,OK
14/06/2026 11:44,27.4,51.7,3.2,199,SSW,8,0,13,10.9,768.2,OK
14/06/2026 11:45,27.4,52.2,1.6,267,W,8,0,13,10.9,784,OK
14/06/2026 11:46,27.5,52,4.8,209,SSW,8,0,13,11.2,806.9,OK
14/06/2026 11:47,27.5,52.3,4.8,186,S,8,0,13,11.2,822.7,OK
14/06/2026 11:48,27.5,51.8,4.8,216,SW,8,0,13,11.3,826.2,OK
14/06/2026 11:49,27.5,52.3,8,188,S,11.3,0,13,11.4,828,OK
14/06/2026 11:50,27.4,51.1,3.2,152,SSE,11.3,0,13,11.4,831.5,OK
14/06/2026 11:51,27.4,51.4,4.8,175,S,11.3,0,13,11.4,831.5,OK
14/06/2026 11:52,27.4,51.2,4.8,210,SSW,11.3,0,13,11.4,829.7,OK
14/06/2026 11:53,27.4,52.2,1.6,210,SSW,11.3,0,13,11.4,835,OK
14/06/2026 11:54,27.4,51.1,3.2,150,SSE,11.3,0,13,11.5,833.3,OK
14/06/2026 11:55,27.4,50.8,0,140,SE,11.3,0,13,11.5,833.3,OK
14/06/2026 11:56,27.4,50.6,3.2,304,WNW,11.3,0,13,11.6,836.8,OK
14/06/2026 11:57,27.4,50.8,4.8,198,SSW,11.3,0,13,11.6,835,OK
14/06/2026 11:58,27.4,51.6,6.4,216,SW,9.7,0,13,11.6,835,OK
14/06/2026 11:59,27.4,50.3,4.8,200,SSW,9.7,0,13,11.6,838.5,OK
14/06/2026 12:00,27.4,50.1,1.6,217,SW,8,0,13,11.7,838.5,OK
14/06/2026 12:01,27.4,48.9,1.6,232,SW,8,0,13,11.7,838.5,OK
14/06/2026 12:02,27.4,48.8,1.6,195,SSW,8,0,13,11.7,840.3,OK
14/06/2026 12:03,27.3,48.9,1.6,203,SSW,8,0,13,11.8,842.1,OK
14/06/2026 12:04,27.4,48.5,4.8,130,SE,8,0,13,11.8,842.1,OK
14/06/2026 12:05,27.4,48.6,1.6,148,SSE,8,0,13,11.8,840.3,OK
14/06/2026 12:06,27.4,47.9,4.8,224,SW,8,0,13,11.7,840.3,OK
14/06/2026 12:07,27.4,49.1,8,232,SW,9.7,0,13,11.8,842.1,OK
14/06/2026 12:08,27.5,48.5,6.4,253,WSW,11.3,0,13,11.7,840.3,OK
14/06/2026 12:09,27.5,48.3,3.2,248,WSW,11.3,0,13,11.8,843.8,OK
14/06/2026 12:10,27.5,47.9,4.8,196,SSW,11.3,0,13,11.8,840.3,OK
14/06/2026 12:11,27.6,47.7,9.7,144,SE,11.3,0,13,11.8,843.8,OK
14/06/2026 12:12,27.6,46.1,8,138,SE,11.3,0,13,11.8,843.8,OK
14/06/2026 12:13,27.7,45.7,11.3,141,SE,11.3,0,13,11.8,843.8,OK
14/06/2026 12:14,27.7,46.5,4.8,155,SSE,11.3,0,13,11.8,842.1,OK
14/06/2026 12:15,27.8,46.8,1.6,152,SSE,11.3,0,13,11.7,836.8,OK
14/06/2026 12:16,27.8,46.4,8,157,SSE,11.3,0,13,11.7,833.3,OK
14/06/2026 12:17,27.8,43.9,3.2,165,SSE,11.3,0,13,11.7,835,OK
14/06/2026 12:18,27.8,45.3,3.2,188,S,11.3,0,13,11.7,835,OK
14/06/2026 12:19,27.9,46.4,0,161,SSE,11.3,0,13,11.7,835,OK
14/06/2026 12:20,27.9,46.4,4.8,64,ENE,11.3,0,13,11.7,833.3,OK
14/06/2026 12:21,28,47.1,3.2,182,S,11.3,0,13,11.7,829.7,OK
14/06/2026 12:22,28.1,46.1,6.4,141,SE,11.3,0,13,11.7,835,OK
14/06/2026 12:23,28.1,42.5,4.8,109,ESE,11.3,0,13,11.8,833.3,OK
14/06/2026 12:24,28.2,43.4,4.8,169,S,11.3,0,13,11.8,833.3,OK
14/06/2026 12:25,28.3,42,3.2,189,S,11.3,0,13,11.8,831.5,OK
14/06/2026 12:26,28.3,40.6,3.2,227,SW,11.3,0,13,11.8,835,OK
14/06/2026 12:27,28.4,39.8,1.6,203,SSW,9.7,0,13,11.8,842.1,OK
14/06/2026 12:28,28.4,39.9,3.2,200,SSW,9.7,0,13,11.9,842.1,OK
14/06/2026 12:29,28.4,40.8,1.6,227,SW,9.7,0,13,11.9,842.1,OK
14/06/2026 12:30,28.5,39.5,0,209,SSW,9.7,0,13,11.9,843.8,OK
14/06/2026 12:31,28.5,38.2,4.8,145,SE,9.7,0,13,11.9,843.8,OK
14/06/2026 12:32,28.6,37.1,4.8,152,SSE,9.7,0,13,11.9,845.6,OK
14/06/2026 12:33,28.6,37.6,4.8,191,S,9.7,0,13,12,850.8,OK
14/06/2026 12:34,28.7,36.1,9.7,202,SSW,8,0,13,11.9,849.1,OK
14/06/2026 12:35,28.8,35.1,4.8,138,SE,9.7,0,13,12,850.8,OK
14/06/2026 12:36,28.8,34.2,4.8,176,S,9.7,0,13,11.9,850.8,OK
14/06/2026 12:37,28.9,35.1,4.8,168,SSE,9.7,0,13,11.9,850.8,OK
14/06/2026 12:38,28.9,35.4,0,154,SSE,9.7,0,13,11.9,850.8,OK
14/06/2026 12:39,28.9,36.5,4.8,240,WSW,9.7,0,13,11.9,849.1,OK
14/06/2026 12:40,28.9,37.4,1.6,243,WSW,9.7,0,13,11.9,849.1,OK
14/06/2026 12:41,28.9,37.7,3.2,196,SSW,9.7,0,13,11.9,849.1,OK
14/06/2026 12:42,29,38.1,3.2,247,WSW,9.7,0,13,11.9,849.1,OK
14/06/2026 12:43,29,37.6,3.2,210,SSW,8,0,13,11.9,847.3,OK
14/06/2026 12:44,29,39.2,3.2,181,S,8,0,13,12,849.1,OK
14/06/2026 12:45,29,39.9,8,192,SSW,8,0,13,12,849.1,OK
14/06/2026 12:46,29,39.6,4.8,243,WSW,9.7,0,13,11.9,849.1,OK
14/06/2026 12:47,29.1,39.3,3.2,203,SSW,9.7,0,13,11.9,849.1,OK
14/06/2026 12:48,29.1,39.1,11.3,234,SW,9.7,0,13,11.9,847.3,OK
14/06/2026 12:49,29,39.1,6.4,246,WSW,14.5,0,13,11.8,847.3,OK
14/06/2026 12:50,29,39.5,6.4,230,SW,14.5,0,13,11.8,845.6,OK
14/06/2026 12:51,29,39.9,4.8,217,SW,14.5,0,13,11.8,845.6,OK
14/06/2026 12:52,29,40,4.8,161,SSE,14.5,0,13,11.8,843.8,OK
14/06/2026 12:53,28.9,40,4.8,200,SSW,14.5,0,13,11.7,843.8,OK
14/06/2026 12:54,28.9,40.7,4.8,212,SSW,14.5,0,13,11.7,842.1,OK
14/06/2026 12:55,28.9,40.7,6.4,169,S,14.5,0,13,11.7,840.3,OK
14/06/2026 12:56,29,39.4,4.8,193,SSW,14.5,0,13,11.7,838.5,OK
14/06/2026 12:57,29,37.9,6.4,234,SW,14.5,0,13,11.7,838.5,OK
14/06/2026 12:58,28.9,38.6,3.2,232,SW,11.3,0,13,11.7,840.3,OK
14/06/2026 12:59,28.9,39,4.8,196,SSW,11.3,0,13,11.7,840.3,OK
14/06/2026 13:00,29,38.7,1.6,206,SSW,9.7,0,13,11.7,840.3,OK
14/06/2026 13:01,29,37.2,8,219,SW,9.7,0,13,11.7,840.3,OK
14/06/2026 13:02,29,37.9,4.8,195,SSW,9.7,0,13,11.7,840.3,OK
14/06/2026 13:03,29.1,39.7,4.8,224,SW,9.7,0,13,11.6,838.5,OK
14/06/2026 13:04,29.2,39.4,6.4,189,S,8,0,13,11.6,840.3,OK
14/06/2026 13:05,29.2,38.9,6.4,164,SSE,9.7,0,13,11.6,836.8,OK
14/06/2026 13:06,29.3,38,1.6,233,SW,9.7,0,13,11.6,836.8,OK
14/06/2026 13:07,29.3,38.4,3.2,192,SSW,9.7,0,13,11.6,836.8,OK
14/06/2026 13:08,29.3,39.5,4.8,185,S,9.7,0,13,11.5,838.5,OK
14/06/2026 13:09,29.4,40.4,6.4,212,SSW,9.7,0,13,11.5,840.3,OK
14/06/2026 13:10,29.4,38.8,8,145,SE,12.9,0,13,11.5,840.3,OK
14/06/2026 13:11,29.4,39.6,3.2,237,WSW,12.9,0,13,11.5,842.1,OK
14/06/2026 13:12,29.5,38.3,4.8,247,WSW,12.9,0,13,11.5,843.8,OK
14/06/2026 13:13,29.5,38.1,8,226,SW,12.9,0,13,11.5,835,OK
14/06/2026 13:14,29.5,38,4.8,179,S,12.9,0,13,11.6,826.2,OK
14/06/2026 13:15,29.5,37.8,3.2,236,SW,12.9,0,13,11.4,826.2,OK
14/06/2026 13:16,29.5,37.4,6.4,181,S,12.9,0,13,11.3,833.3,OK
14/06/2026 13:17,29.5,38,3.2,265,W,12.9,0,13,11.3,847.3,OK
14/06/2026 13:18,29.5,37.5,8,232,SW,12.9,0,13,11.4,857.9,OK
14/06/2026 13:19,29.5,36.1,1.6,240,WSW,11.3,0,13,11.6,859.6,OK
14/06/2026 13:20,29.5,36.1,8,195,SSW,11.3,0,13,11.5,859.6,OK
14/06/2026 13:21,29.5,35.7,6.4,250,WSW,12.9,0,13,11.5,859.6,OK
14/06/2026 13:22,29.5,36.8,6.4,205,SSW,12.9,0,13,11.5,859.6,OK
14/06/2026 13:23,29.5,38.1,9.7,234,SW,12.9,0,13,11.4,856.1,OK
14/06/2026 13:24,29.5,37.6,3.2,161,SSE,12.9,0,13,11.4,856.1,OK
14/06/2026 13:25,29.5,37.2,6.4,212,SSW,12.9,0,13,11.4,854.4,OK
14/06/2026 13:26,29.5,37.2,4.8,210,SSW,12.9,0,13,11.4,857.9,OK
14/06/2026 13:27,29.6,37.3,8,185,S,14.5,0,13,11.3,852.6,OK
14/06/2026 13:28,29.6,36.8,4.8,219,SW,14.5,0,13,11.3,854.4,OK
14/06/2026 13:29,29.7,35.4,4.8,267,W,14.5,0,13,11.4,857.9,OK
14/06/2026 13:30,29.7,35.5,6.4,171,S,14.5,0,13,11.4,857.9,OK
14/06/2026 13:31,29.8,34.9,9.7,174,S,14.5,0,13,11.3,857.9,OK
14/06/2026 13:32,29.8,33.9,6.4,157,SSE,14.5,0,13,11.3,856.1,OK
14/06/2026 13:33,29.8,34.8,4.8,230,SW,14.5,0,13,11.2,856.1,OK
14/06/2026 13:34,29.9,35,4.8,203,SSW,14.5,0,13,11.2,854.4,OK
14/06/2026 13:35,29.9,34.9,6.4,165,SSE,14.5,0,13,11.1,850.8,OK
14/06/2026 13:36,29.9,34.6,9.7,212,SSW,12.9,0,13,11.1,850.8,OK
14/06/2026 13:37,29.9,34.7,4.8,247,WSW,12.9,0,13,11.1,850.8,OK
14/06/2026 13:38,30,34.6,4.8,205,SSW,12.9,0,13,11.1,847.3,OK
14/06/2026 13:39,30,34.2,8,160,SSE,12.9,0,13,11,828,OK
14/06/2026 13:40,30,34.9,9.7,171,S,12.9,0,13,11,805.1,OK
14/06/2026 13:41,30,35.5,11.3,175,S,12.9,0,13,10.9,798.1,OK
14/06/2026 13:42,29.9,34.8,6.4,236,SW,12.9,0,13,10.6,826.2,OK
14/06/2026 13:43,29.9,34.4,9.7,208,SSW,12.9,0,13,10.6,833.3,OK
14/06/2026 13:44,29.9,32.8,8,205,SSW,16.1,0,13,10.8,831.5,OK
14/06/2026 13:45,29.9,33,9.7,162,SSE,16.1,0,13,10.8,831.5,OK
14/06/2026 13:46,29.9,32.6,8,209,SSW,16.1,0,13,10.8,831.5,OK
14/06/2026 13:47,29.9,33,9.7,220,SW,16.1,0,13,10.8,828,OK
14/06/2026 13:48,29.9,33.6,9.7,248,WSW,16.1,0,13,10.8,826.2,OK
14/06/2026 13:49,29.9,34.3,4.8,312,NW,16.1,0,13,10.7,826.2,OK
14/06/2026 13:50,29.9,33.7,6.4,222,SW,16.1,0,13,10.7,824.5,OK
14/06/2026 13:51,29.9,34.7,9.7,206,SSW,16.1,0,13,10.7,824.5,OK
14/06/2026 13:52,29.9,34.4,6.4,162,SSE,14.5,0,13,10.6,822.7,OK
14/06/2026 13:53,29.9,34.4,4.8,222,SW,14.5,0,13,10.5,815.7,OK
14/06/2026 13:54,29.9,34.2,11.3,247,WSW,14.5,0,13,10.4,815.7,OK
14/06/2026 13:55,29.9,35.6,8,230,SW,14.5,0,13,10.4,813.9,OK
14/06/2026 13:56,29.9,35.3,11.3,220,SW,14.5,0,13,10.4,813.9,OK
14/06/2026 13:57,29.9,35.2,6.4,193,SSW,14.5,0,13,10.4,813.9,OK
14/06/2026 13:58,29.8,36,4.8,272,W,14.5,0,13,10.3,812.2,OK
14/06/2026 13:59,29.8,35.7,8,155,SSE,14.5,0,13,10.3,810.4,OK
14/06/2026 14:00,29.8,35.3,4.8,102,ESE,12.9,0,13,10.2,808.7,OK
14/06/2026 14:01,29.9,35.3,6.4,176,S,12.9,0,13,10.2,810.4,OK
14/06/2026 14:02,30,32.2,8,176,S,12.9,0,13,10.2,810.4,OK
14/06/2026 14:03,30,33.3,8,167,SSE,12.9,0,13,10.2,812.2,OK
14/06/2026 14:04,30.1,32.8,6.4,158,SSE,12.9,0,13,10.2,810.4,OK
14/06/2026 14:05,30.2,32.5,6.4,188,S,12.9,0,13,10.2,810.4,OK
14/06/2026 14:06,30.3,32.1,6.4,188,S,12.9,0,13,10.1,808.7,OK
14/06/2026 14:07,30.3,33.1,8,178,S,12.9,0,13,10,808.7,OK
14/06/2026 14:08,30.4,32.1,8,148,SSE,12.9,0,13,10,806.9,OK
14/06/2026 14:09,30.4,32.9,8,133,SE,12.9,0,13,10,806.9,OK
14/06/2026 14:10,30.3,32.5,6.4,168,SSE,12.9,0,13,9.9,805.1,OK
14/06/2026 14:11,30.3,31.8,3.2,243,WSW,12.9,0,13,9.9,803.4,OK
14/06/2026 14:12,30.2,32.7,6.4,270,W,12.9,0,13,9.8,803.4,OK
14/06/2026 14:13,30.3,32.3,6.4,219,SW,12.9,0,13,9.8,801.6,OK
14/06/2026 14:14,30.3,32.8,4.8,216,SW,12.9,0,13,9.8,803.4,OK
14/06/2026 14:15,30.3,31.3,6.4,285,WNW,12.9,0,13,9.8,801.6,OK
14/06/2026 14:16,30.3,31.5,4.8,213,SSW,12.9,0,13,9.7,796.3,OK
14/06/2026 14:17,30.3,31.9,8,141,SE,12.9,0,13,9.6,794.6,OK
14/06/2026 14:18,30.3,30.8,11.3,160,SSE,11.3,0,13,9.6,794.6,OK
14/06/2026 14:19,30.1,32.1,8,161,SSE,11.3,0,13,9.6,792.8,OK
14/06/2026 14:20,30.1,32.2,6.4,119,ESE,11.3,0,13,9.5,792.8,OK
14/06/2026 14:21,30.1,33,6.4,226,SW,11.3,0,13,9.5,789.3,OK
14/06/2026 14:22,30.1,33,4.8,227,SW,11.3,0,13,9.4,789.3,OK
14/06/2026 14:23,30.1,33.3,4.8,236,SW,11.3,0,13,9.4,789.3,OK
14/06/2026 14:24,30.1,34,3.2,243,WSW,11.3,0,13,9.4,791.1,OK
14/06/2026 14:25,30.1,33.7,4.8,141,SE,11.3,0,13,9.4,792.8,OK
14/06/2026 14:26,30.1,34,4.8,181,S,11.3,0,13,9.4,796.3,OK
14/06/2026 14:27,30.1,34.5,3.2,109,ESE,11.3,0,13,9.4,798.1,OK
14/06/2026 14:28,30.2,35,4.8,162,SSE,11.3,0,13,9.3,794.6,OK
14/06/2026 14:29,30.3,34.1,8,175,S,11.3,0,13,9.1,787.6,OK
14/06/2026 14:30,30.3,34.6,3.2,172,S,12.9,0,13,9.1,782.3,OK
14/06/2026 14:31,30.3,35,3.2,268,W,12.9,0,13,9.1,780.5,OK
14/06/2026 14:32,30.4,35.1,3.2,203,SSW,12.9,0,13,9,775.2,OK
14/06/2026 14:33,30.5,35.6,9.7,198,SSW,12.9,0,13,9,771.7,OK
14/06/2026 14:34,30.6,33.8,9.7,234,SW,12.9,0,13,9,770,OK
14/06/2026 14:35,30.6,33.5,3.2,171,S,12.9,0,13,8.8,762.9,OK
14/06/2026 14:36,30.6,33.6,8,148,SSE,12.9,0,13,8.8,759.4,OK
14/06/2026 14:37,30.6,34.4,3.2,232,SW,14.5,0,13,8.8,757.7,OK
14/06/2026 14:38,30.6,33.8,6.4,186,S,14.5,0,13,8.7,759.4,OK
14/06/2026 14:39,30.7,33.8,4.8,181,S,14.5,0,13,8.7,761.2,OK
14/06/2026 14:40,30.8,33.3,9.7,155,SSE,14.5,0,13,8.7,761.2,OK
14/06/2026 14:41,30.8,32.9,3.2,220,SW,14.5,0,13,8.7,759.4,OK
14/06/2026 14:42,30.8,33.1,1.6,265,W,14.5,0,13,8.6,757.7,OK
14/06/2026 14:43,30.8,33.4,0,217,SW,14.5,0,13,8.6,759.4,OK
14/06/2026 14:44,30.8,33.4,6.4,102,ESE,14.5,0,13,8.6,761.2,OK
14/06/2026 14:45,30.8,33.7,9.7,136,SE,14.5,0,13,8.5,768.2,OK
14/06/2026 14:46,30.8,33.2,8,138,SE,12.9,0,13,8.2,729.5,OK
14/06/2026 14:47,30.8,33.8,4.8,178,S,12.9,0,13,8,676.8,OK
14/06/2026 14:48,30.8,34.1,6.4,237,WSW,12.9,0,13,8,648.7,OK
14/06/2026 14:49,30.8,33.2,3.2,222,SW,11.3,0,13,8.1,666.3,OK
14/06/2026 14:50,30.8,33.1,1.6,185,S,11.3,0,13,8,708.4,OK
14/06/2026 14:51,30.8,34.2,8,215,SW,11.3,0,13,7.9,750.6,OK
14/06/2026 14:52,30.8,34.7,1.6,236,SW,12.9,0,13,8,745.4,OK
14/06/2026 14:53,30.8,36,4.8,217,SW,12.9,0,13,8.1,740.1,OK
14/06/2026 14:54,30.9,35,3.2,220,SW,12.9,0,13,8.1,740.1,OK
14/06/2026 14:55,30.9,34.4,8,185,S,12.9,0,13,8.1,741.8,OK
14/06/2026 14:56,30.9,33.1,4.8,202,SSW,12.9,0,13,8,738.3,OK
14/06/2026 14:57,30.9,34.1,8,246,WSW,12.9,0,13,8,736.6,OK
14/06/2026 14:58,30.8,34.6,4.8,244,WSW,12.9,0,13,7.9,733.1,OK
14/06/2026 14:59,30.8,35,9.7,254,WSW,12.9,0,13,7.9,734.8,OK
14/06/2026 15:00,30.8,34.8,4.8,264,W,12.9,0,13,7.8,733.1,OK
14/06/2026 15:01,30.8,35.1,6.4,270,W,12.9,0,13,7.7,729.5,OK
14/06/2026 15:02,30.8,34.5,6.4,223,SW,12.9,0,13,7.7,731.3,OK
14/06/2026 15:03,30.8,35.2,9.7,246,WSW,12.9,0,13,7.7,733.1,OK
14/06/2026 15:04,30.8,34.8,1.6,227,SW,14.5,0,13,7.6,733.1,OK
14/06/2026 15:05,30.8,34.2,0,258,WSW,14.5,0,13,7.6,731.3,OK
14/06/2026 15:06,30.9,35.2,4.8,215,SW,14.5,0,13,7.6,731.3,OK
14/06/2026 15:07,30.9,34.9,1.6,308,NW,14.5,0,13,7.5,727.8,OK
14/06/2026 15:08,31,34.8,6.4,164,SSE,14.5,0,13,7.5,726,OK
14/06/2026 15:09,31.1,34.5,6.4,176,S,14.5,0,13,7.4,727.8,OK
14/06/2026 15:10,31.1,34.7,3.2,244,WSW,14.5,0,13,7.4,726,OK
14/06/2026 15:11,31.1,34.2,4.8,256,WSW,14.5,0,13,7.3,727.8,OK
14/06/2026 15:12,31.1,35,6.4,288,WNW,12.9,0,13,7.3,727.8,OK
14/06/2026 15:13,31.1,35.3,4.8,219,SW,12.9,0,13,7.3,729.5,OK
14/06/2026 15:14,31.1,34.8,8,178,S,12.9,0,13,7.3,733.1,OK
14/06/2026 15:15,31.2,34.6,3.2,209,SSW,12.9,0,13,7.2,733.1,OK
14/06/2026 15:16,31.2,34.3,4.8,215,SW,12.9,0,13,7.2,733.1,OK
14/06/2026 15:17,31.3,34.5,3.2,254,WSW,12.9,0,13,7.1,734.8,OK
14/06/2026 15:18,31.3,34.8,4.8,162,SSE,12.9,0,13,7,731.3,OK
14/06/2026 15:19,31.3,34.3,3.2,168,SSE,12.9,0,13,7,731.3,OK
14/06/2026 15:20,31.3,35,6.4,161,SSE,12.9,0,13,6.9,720.8,OK
14/06/2026 15:21,31.4,34.7,9.7,188,S,12.9,0,13,6.6,692.6,OK
14/06/2026 15:22,31.4,35.5,8,206,SSW,14.5,0,13,6.6,708.4,OK
14/06/2026 15:23,31.4,34.1,14.5,234,SW,14.5,0,13,6.6,708.4,OK
14/06/2026 15:24,31.4,34.1,9.7,258,WSW,14.5,0,13,6.4,683.8,OK
14/06/2026 15:25,31.4,34.1,6.4,206,SSW,14.5,0,13,6.6,692.6,OK
14/06/2026 15:26,31.3,33.4,4.8,217,SW,14.5,0,13,6.3,724.3,OK
14/06/2026 15:27,31.3,33.6,8,169,S,14.5,0,13,5.9,636.4,OK
14/06/2026 15:28,31.3,33.1,1.6,158,SSE,14.5,0,13,5.5,574.8,OK
14/06/2026 15:29,31.2,34.1,3.2,124,SE,14.5,0,13,5.2,530.9,OK
14/06/2026 15:30,31.2,33.8,3.2,152,SSE,14.5,0,13,5.2,515.1,OK
14/06/2026 15:31,31.2,34.2,3.2,241,WSW,14.5,0,13,4.9,397.3,OK
14/06/2026 15:32,31.2,35.1,6.4,270,W,14.5,0,13,4.3,383.2,OK
14/06/2026 15:33,31.2,35.2,1.6,271,W,11.3,0,13,4.2,383.2,OK
14/06/2026 15:34,31.2,34,4.8,265,W,12.9,0,13,4,374.4,OK
14/06/2026 15:35,31.1,33.4,8,263,W,14.5,0,13,4,370.9,OK
14/06/2026 15:36,31.1,33.5,1.6,257,WSW,14.5,0,13,3.9,360.4,OK
14/06/2026 15:37,31.1,34,4.8,282,WNW,14.5,0,13,3.7,312.9,OK
14/06/2026 15:38,31,33.6,6.4,274,W,14.5,0,13,3.3,276,OK
14/06/2026 15:39,31,33.9,4.8,226,SW,14.5,0,13,3.3,270.7,OK
14/06/2026 15:40,30.9,32.6,6.4,241,WSW,14.5,0,13,3.3,279.5,OK
14/06/2026 15:41,30.8,32.4,1.6,167,SSE,14.5,0,13,3.3,279.5,OK
14/06/2026 15:42,30.8,32.5,4.8,205,SSW,14.5,0,13,3.5,365.7,OK
14/06/2026 15:43,30.8,32.6,4.8,254,WSW,14.5,0,13,3.7,385,OK
14/06/2026 15:44,30.7,32.9,1.6,232,SW,12.9,0,13,3.6,379.7,OK
14/06/2026 15:45,30.7,33.6,3.2,178,S,11.3,0,13,3.4,337.5,OK
14/06/2026 15:46,30.8,33.7,4.8,230,SW,11.3,0,13,3.3,325.2,OK
14/06/2026 15:47,30.8,33.5,8,257,WSW,11.3,0,13,3.2,328.7,OK
14/06/2026 15:48,30.8,33.4,6.4,305,NW,11.3,0,13,3,269,OK
14/06/2026 15:49,30.8,33.2,4.8,186,S,9.7,0,13,3,283,OK
14/06/2026 15:50,30.8,32.9,3.2,253,WSW,9.7,0,13,3,279.5,OK
14/06/2026 15:51,30.8,32.3,3.2,237,WSW,9.7,0,13,3,288.3,OK
14/06/2026 15:52,30.8,31.6,4.8,182,S,9.7,0,13,3,288.3,OK
14/06/2026 15:53,30.8,31.4,4.8,202,SSW,14.5,0,13,3.1,312.9,OK
14/06/2026 15:54,30.7,31.5,3.2,193,SSW,14.5,0,13,3.1,342.8,OK
14/06/2026 15:55,30.6,31,4.8,206,SSW,14.5,0,13,2.9,309.4,OK
14/06/2026 15:57,30.6,30.3,4.8,158,SSE,14.5,0,13,2.8,281.3,OK
14/06/2026 15:58,30.6,30.9,6.4,205,SSW,14.5,0,13,2.8,283,OK
14/06/2026 15:59,30.6,31.4,6.4,223,SW,14.5,0,13,3.1,337.5,OK
14/06/2026 16:00,30.6,32.1,6.4,167,SSE,14.5,0,13,3.1,378,OK
14/06/2026 16:01,30.6,32.4,6.4,261,W,14.5,0,13,3,351.6,OK
14/06/2026 16:02,30.6,32.1,8,213,SSW,14.5,0,13,2.8,325.2,OK
14/06/2026 16:03,30.6,31.9,4.8,224,SW,12.9,0,13,2.7,300.6,OK
14/06/2026 16:04,30.5,32.4,8,222,SW,11.3,0,13,2.8,314.7,OK
14/06/2026 16:05,30.5,32.2,9.7,232,SW,11.3,0,13,2.8,341,OK
14/06/2026 16:06,30.5,32.1,4.8,258,WSW,12.9,0,13,2.6,291.8,OK
14/06/2026 16:07,30.4,31.8,4.8,186,S,12.9,0,13,2.4,281.3,OK
14/06/2026 16:08,30.4,31.6,4.8,223,SW,12.9,0,13,2.4,258.4,OK
14/06/2026 16:09,30.4,31.8,4.8,202,SSW,12.9,0,13,2.3,253.1,OK
14/06/2026 16:10,30.4,31.6,4.8,151,SSE,12.9,0,13,2.3,247.9,OK
14/06/2026 16:11,30.4,32.1,4.8,202,SSW,12.9,0,13,2.2,239.1,OK
14/06/2026 16:12,30.4,31.9,1.6,51,NE,12.9,0,13,2.2,233.8,OK
14/06/2026 16:13,30.4,31.9,8,141,SE,12.9,0,13,2.2,240.8,OK
14/06/2026 16:14,30.4,31.9,8,106,ESE,11.3,0,13,2.2,249.6,OK
14/06/2026 16:15,30.4,31.8,6.4,138,SE,11.3,0,13,2.2,249.6,OK
14/06/2026 16:16,30.4,32.1,3.2,174,S,11.3,0,13,2.2,247.9,OK
14/06/2026 16:17,30.4,32,4.8,210,SSW,11.3,0,13,2.1,246.1,OK
14/06/2026 16:18,30.4,32.9,4.8,172,S,11.3,0,13,2.1,233.8,OK
14/06/2026 16:19,30.4,32.4,6.4,208,SSW,11.3,0,13,2,230.3,OK
14/06/2026 16:20,30.4,32.2,4.8,172,S,11.3,0,13,2,225,OK
14/06/2026 16:21,30.4,32,4.8,191,S,11.3,0,13,1.9,216.2,OK
14/06/2026 16:22,30.4,32,3.2,162,SSE,11.3,0,13,1.9,211,OK
14/06/2026 16:23,30.4,31.2,6.4,200,SSW,9.7,0,13,1.8,202.2,OK
14/06/2026 16:24,30.4,32.9,4.8,219,SW,12.9,0,13,1.8,198.6,OK
14/06/2026 16:25,30.4,33.8,4.8,164,SSE,12.9,0,13,1.7,195.1,OK
14/06/2026 16:26,30.4,34.3,6.4,224,SW,12.9,0,13,1.7,189.9,OK
14/06/2026 16:27,30.4,36.4,8,176,S,12.9,0,13,1.7,186.3,OK
14/06/2026 16:28,30.4,36.7,8,213,SSW,12.9,0,13,1.6,181.1,OK
14/06/2026 16:29,30.3,34.9,4.8,247,WSW,12.9,0,13,1.6,175.8,OK
14/06/2026 16:30,30.3,35.1,6.4,257,WSW,12.9,0,13,1.6,174,OK
14/06/2026 16:31,30.2,34.9,3.2,264,W,12.9,0,13,1.5,172.3,OK
14/06/2026 16:32,30.2,35.3,3.2,250,WSW,11.3,0,13,1.5,168.8,OK
14/06/2026 16:33,30.1,35.1,6.4,253,WSW,11.3,0,13,1.5,167,OK
14/06/2026 16:34,30.1,34.9,3.2,275,W,11.3,0,13,1.5,163.5,OK
14/06/2026 16:35,30.1,35.2,3.2,229,SW,11.3,0,13,1.4,158.2,OK
14/06/2026 16:36,30.1,35.3,1.6,208,SSW,8,0,13,1.4,154.7,OK
14/06/2026 16:37,30,35.5,1.6,233,SW,8,0,13,1.4,149.4,OK
14/06/2026 16:38,30,35.5,3.2,176,S,8,0,13,1.3,145.9,OK
14/06/2026 16:39,30,35.7,4.8,196,SSW,8,0,13,1.3,144.2,OK
14/06/2026 16:40,30,35.7,3.2,168,SSE,8,0,13,1.3,140.6,OK
14/06/2026 16:41,30,34.6,3.2,226,SW,8,0,13,1.3,133.6,OK
14/06/2026 16:42,30,35.3,3.2,178,S,8,0,13,1.2,130.1,OK
14/06/2026 16:43,30,35.2,4.8,131,SE,8,0,13,1.2,126.6,OK
14/06/2026 16:44,29.9,34.5,8,216,SW,9.7,0,13,1.2,126.6,OK
14/06/2026 16:45,29.9,34.9,6.4,196,SSW,11.3,0,13,1.2,126.6,OK
14/06/2026 16:46,29.9,34.9,4.8,150,SSE,11.3,0,13,1.2,123.1,OK
14/06/2026 16:47,29.9,32.6,4.8,164,SSE,11.3,0,13,1.1,121.3,OK
14/06/2026 16:48,29.9,32.9,3.2,210,SSW,11.3,0,13,1.1,119.5,OK
14/06/2026 16:49,29.9,32.7,3.2,174,S,11.3,0,13,1.1,117.8,OK
14/06/2026 16:50,29.9,33,4.8,179,S,11.3,0,13,1.1,114.3,OK
14/06/2026 16:51,29.9,33.3,3.2,181,S,11.3,0,13,1.1,114.3,OK
14/06/2026 16:52,29.9,33.4,3.2,143,SE,11.3,0,13,1,110.7,OK
14/06/2026 16:53,29.9,32.9,6.4,165,SSE,11.3,0,13,1,110.7,OK
14/06/2026 16:54,29.9,33,6.4,223,SW,11.3,0,13,1,110.7,OK
14/06/2026 16:55,29.9,32.7,3.2,202,SSW,11.3,0,13,1,110.7,OK
14/06/2026 16:56,29.9,33,3.2,233,SW,9.7,0,13,1,110.7,OK
14/06/2026 16:57,29.9,32.8,4.8,172,S,9.7,0,13,1,110.7,OK
14/06/2026 16:58,29.9,33.2,4.8,167,SSE,9.7,0,13,1,112.5,OK
14/06/2026 16:59,29.9,33.2,6.4,198,SSW,9.7,0,13,0.9,109,OK
14/06/2026 17:00,29.9,33,8,229,SW,9.7,0,13,0.9,103.7,OK
14/06/2026 17:01,29.9,33.9,4.8,195,SSW,9.7,0,13,0.9,102,OK
14/06/2026 17:02,29.9,35.5,6.4,215,SW,11.3,0,13,0.9,100.2,OK
14/06/2026 17:03,29.8,35.8,8,232,SW,11.3,0,13,0.9,98.4,OK
14/06/2026 17:04,29.8,36.9,6.4,271,W,11.3,0,13,0.8,89.7,OK
14/06/2026 17:05,29.8,37.9,3.2,210,SSW,11.3,0,13,0.8,86.1,OK
14/06/2026 17:06,29.7,38.1,4.8,243,WSW,11.3,0,13,0.8,84.4,OK
14/06/2026 17:07,29.7,39.4,4.8,161,SSE,11.3,0,13,0.8,80.9,OK
14/06/2026 17:08,29.6,39.7,6.4,227,SW,11.3,0,13,0.8,80.9,OK
14/06/2026 17:09,29.6,39.7,8,239,WSW,11.3,0,13,0.8,77.3,OK
14/06/2026 17:10,29.6,39.9,1.6,182,S,11.3,0,13,0.7,75.6,OK
14/06/2026 17:11,29.6,40.2,3.2,220,SW,11.3,0,13,0.7,73.8,OK
14/06/2026 17:12,29.6,40.3,6.4,203,SSW,9.7,0,13,0.7,72.1,OK
14/06/2026 17:13,29.6,41.2,9.7,230,SW,9.7,0,13,0.7,70.3,OK
14/06/2026 17:14,29.5,41.5,8,230,SW,11.3,0,13,0.7,68.6,OK
14/06/2026 17:15,29.5,41.9,6.4,219,SW,11.3,0,13,0.7,66.8,OK
14/06/2026 17:16,29.5,41.7,4.8,220,SW,11.3,0,13,0.6,65,OK
14/06/2026 17:17,29.4,41.9,8,247,WSW,11.3,0,13,0.6,63.3,OK
14/06/2026 17:18,29.4,41.9,4.8,253,WSW,11.3,0,13,0.6,63.3,OK
14/06/2026 17:19,29.3,42,4.8,234,SW,11.3,0,13,0.6,61.5,OK
14/06/2026 17:20,29.3,42,3.2,169,S,11.3,0,13,0.6,61.5,OK
14/06/2026 17:21,29.3,42,8,213,SSW,11.3,0,13,0.6,59.8,OK
14/06/2026 17:22,29.2,41.9,3.2,278,W,11.3,0,13,0.6,58,OK
14/06/2026 17:23,29.1,42.1,9.7,195,SSW,11.3,0,13,0.6,58,OK
14/06/2026 17:24,29.1,41.5,8,229,SW,11.3,0,13,0.6,58,OK
14/06/2026 17:25,29.1,41.5,3.2,274,W,11.3,0,13,0.6,56.3,OK
14/06/2026 17:26,29,41.8,3.2,233,SW,11.3,0,13,0.6,56.3,OK
14/06/2026 17:27,29,42,4.8,200,SSW,11.3,0,13,0.5,54.5,OK
14/06/2026 17:28,29,42.4,1.6,240,WSW,11.3,0,13,0,54.5,OK
14/06/2026 17:29,29,42.5,3.2,240,WSW,11.3,0,13,0,54.5,OK
14/06/2026 17:30,29,41.6,0,216,SW,11.3,0,13,0,52.7,OK
14/06/2026 17:31,29,41.8,9.7,215,SW,11.3,0,13,0,52.7,OK
14/06/2026 17:32,29,42.1,6.4,226,SW,9.7,0,13,0,52.7,OK
14/06/2026 17:33,28.9,42,4.8,212,SSW,9.7,0,13,0,51,OK
14/06/2026 17:34,28.9,42.9,0,250,WSW,9.7,0,13,0,51,OK
14/06/2026 17:35,28.9,43.2,1.6,239,WSW,9.7,0,13,0,51,OK
14/06/2026 17:36,28.9,43.9,4.8,234,SW,9.7,0,13,0,51,OK
14/06/2026 17:37,28.8,44.2,3.2,210,SSW,9.7,0,13,0,49.2,OK
14/06/2026 17:38,28.8,44.4,1.6,188,S,9.7,0,13,0,49.2,OK
14/06/2026 17:39,28.8,44.7,3.2,224,SW,9.7,0,13,0,49.2,OK
14/06/2026 17:40,28.8,44.8,3.2,224,SW,8,0,13,0,49.2,OK
14/06/2026 17:41,28.7,44.8,4.8,195,SSW,8,0,13,0,47.5,OK
14/06/2026 17:42,28.6,45,6.4,251,WSW,8,0,13,0,47.5,OK
14/06/2026 17:43,28.6,45.1,3.2,206,SSW,8,0,13,0,47.5,OK
14/06/2026 17:44,28.6,45.1,4.8,219,SW,8,0,13,0,45.7,OK
14/06/2026 17:45,28.6,45.5,4.8,233,SW,8,0,13,0,45.7,OK
14/06/2026 17:46,28.6,45.3,3.2,192,SSW,8,0,13,0,43.9,OK
14/06/2026 17:47,28.5,45.1,3.2,222,SW,8,0,13,0,43.9,OK
14/06/2026 17:48,28.5,45.4,3.2,203,SSW,8,0,13,0,43.9,OK
14/06/2026 17:49,28.5,44.9,4.8,250,WSW,8,0,13,0,42.2,OK
14/06/2026 17:50,28.5,45.1,3.2,233,SW,8,0,13,0,42.2,OK
14/06/2026 17:51,28.5,44.8,3.2,184,S,8,0,13,0,42.2,OK
14/06/2026 17:52,28.5,45,3.2,216,SW,8,0,13,0,40.4,OK
14/06/2026 17:53,28.4,45,6.4,241,WSW,8,0,13,0,40.4,OK
14/06/2026 17:54,28.4,45.1,3.2,193,SSW,9.7,0,13,0,38.7,OK
14/06/2026 17:55,28.4,45.1,0,200,SSW,9.7,0,13,0,38.7,OK
14/06/2026 17:56,28.4,45.3,1.6,229,SW,9.7,0,13,0,36.9,OK
14/06/2026 17:57,28.4,45.4,3.2,220,SW,9.7,0,13,0,36.9,OK
14/06/2026 17:58,28.4,44.8,0,224,SW,9.7,0,13,0,35.2,OK
14/06/2026 17:59,28.3,44.5,1.6,268,W,9.7,0,13,0,35.2,OK
14/06/2026 18:00,28.3,44.2,4.8,251,WSW,9.7,0,13,0,35.2,OK
14/06/2026 18:01,28.3,44.3,1.6,260,W,9.7,0,13,0,33.4,OK
14/06/2026 18:02,28.3,44.6,0,263,W,9.7,0,13,0,33.4,OK
14/06/2026 18:03,28.3,44.7,0,216,SW,8,0,13,0,31.6,OK
14/06/2026 18:04,28.3,44.8,0,246,WSW,8,0,13,0,31.6,OK
14/06/2026 18:05,28.2,44.8,0,215,SW,8,0,13,0,31.6,OK
14/06/2026 18:06,28.2,45.8,3.2,165,SSE,8,0,13,0,31.6,OK
14/06/2026 18:07,28.2,45.7,4.8,171,S,8,0,13,0,31.6,OK
14/06/2026 18:08,28.1,46.6,3.2,179,S,8,0,13,0,31.6,OK
14/06/2026 18:09,28.1,45.4,0,208,SSW,6.4,0,13,0,31.6,OK
14/06/2026 18:10,28.1,46.5,3.2,226,SW,6.4,0,13,0,29.9,OK
14/06/2026 18:11,28.1,46.7,3.2,234,SW,6.4,0,13,0,29.9,OK
14/06/2026 18:12,28.1,46.4,3.2,236,SW,6.4,0,13,0,29.9,OK
14/06/2026 18:13,28.1,46.6,3.2,226,SW,6.4,0,13,0,29.9,OK
14/06/2026 18:14,28,46.7,0,230,SW,6.4,0,13,0,29.9,OK
14/06/2026 18:15,28,46.8,1.6,256,WSW,6.4,0,13,0,29.9,OK
14/06/2026 18:16,28,47.1,0,256,WSW,6.4,0,13,0,29.9,OK
14/06/2026 18:17,28,47.1,0,256,WSW,6.4,0,13,0,28.1,OK
14/06/2026 18:18,28,47.3,1.6,196,SSW,6.4,0,13,0,28.1,OK
14/06/2026 18:19,28,47.5,1.6,248,WSW,4.8,0,13,0,26.4,OK
14/06/2026 18:20,27.9,47.7,0,241,WSW,4.8,0,13,0,26.4,OK
14/06/2026 18:21,27.9,47.8,0,222,SW,4.8,0,13,0,24.6,OK
14/06/2026 18:22,27.9,47.8,0,164,SSE,4.8,0,13,0,24.6,OK
14/06/2026 18:23,27.9,48.1,0,155,SSE,4.8,0,13,0,22.9,OK
14/06/2026 18:24,27.9,48.2,3.2,104,ESE,3.2,0,13,0,21.1,OK
14/06/2026 18:25,27.9,47.6,3.2,126,SE,3.2,0,13,0,21.1,OK
14/06/2026 18:26,27.8,47.7,3.2,127,SE,4.8,0,13,0,19.3,OK
14/06/2026 18:27,27.8,48,3.2,127,SE,4.8,0,13,0,19.3,OK
14/06/2026 18:28,27.7,47.9,1.6,131,SE,4.8,0,13,0,17.6,OK
14/06/2026 18:29,27.7,48.2,0,133,SE,4.8,0,13,0,15.8,OK
14/06/2026 18:30,27.7,47.9,0,133,SE,4.8,0,13,0,14.1,OK
14/06/2026 18:31,27.7,48.1,0,131,SE,4.8,0,13,0,14.1,OK
14/06/2026 18:32,27.6,47.8,1.6,161,SSE,4.8,0,13,0,12.3,OK
14/06/2026 18:33,27.6,48,1.6,168,SSE,4.8,0,13,0,12.3,OK
14/06/2026 18:34,27.6,48.1,0,168,SSE,4.8,0,13,0,10.5,OK
14/06/2026 18:35,27.6,48,3.2,304,WNW,3.2,0,13,0,10.5,OK
14/06/2026 18:36,27.5,48.3,3.2,227,SW,4.8,0,13,0,8.8,OK
14/06/2026 18:37,27.5,48.3,4.8,271,W,6.4,0,13,0,7,OK
14/06/2026 18:38,27.5,48.4,6.4,299,WNW,6.4,0,13,0,7,OK
14/06/2026 18:39,27.5,48.8,1.6,306,NW,6.4,0,13,0,7,OK
14/06/2026 18:40,27.5,48.6,8,305,NW,6.4,0,13,0,7,OK
14/06/2026 18:41,27.4,48.6,4.8,309,NW,9.7,0,13,0,5.3,OK
14/06/2026 18:42,27.4,48.8,1.6,322,NW,9.7,0,13,0,5.3,OK
14/06/2026 18:43,27.4,48.9,0,322,NW,9.7,0,13,0,5.3,OK
14/06/2026 18:44,27.4,49.3,0,323,NW,9.7,0,13,0,5.3,OK
14/06/2026 18:45,27.4,49.3,0,291,WNW,9.7,0,13,0,5.3,OK
14/06/2026 18:46,27.4,48.6,1.6,311,NW,9.7,0,13,0,5.3,OK
14/06/2026 18:47,27.4,48.8,3.2,288,WNW,9.7,0,13,0,3.5,OK
14/06/2026 18:48,27.3,48.6,6.4,287,WNW,9.7,0,13,0,3.5,OK
14/06/2026 18:49,27.3,48.5,6.4,277,W,9.7,0,13,0,3.5,OK
14/06/2026 18:50,27.3,49,3.2,308,NW,9.7,0,13,0,3.5,OK
14/06/2026 18:51,27.3,48.7,6.4,288,WNW,9.7,0,13,0,3.5,OK
14/06/2026 18:52,27.2,48.6,6.4,302,WNW,9.7,0,13,0,3.5,OK
14/06/2026 18:53,27.2,48.6,3.2,313,NW,9.7,0,13,0,3.5,OK
14/06/2026 18:54,27.2,49,0,271,W,9.7,0,13,0,1.8,OK
14/06/2026 18:55,27.1,49.1,0,271,W,9.7,0,13,0,1.8,OK
14/06/2026 18:56,27.1,48.7,9.7,288,WNW,9.7,0,13,0,1.8,OK
14/06/2026 18:57,27.1,49,3.2,316,NW,11.3,0,13,0,1.8,OK
14/06/2026 18:58,27.1,49,1.6,296,WNW,11.3,0,13,0,1.8,OK
14/06/2026 18:59,27.1,49.2,3.2,305,NW,11.3,0,13,0,1.8,OK
14/06/2026 19:00,27,49.1,4.8,274,W,11.3,0,13,0,1.8,OK
14/06/2026 19:01,27,49,3.2,292,WNW,11.3,0,13,0,1.8,OK
14/06/2026 19:02,27,48.9,4.8,256,WSW,11.3,0,13,0,1.8,OK
14/06/2026 19:03,27,49.4,0,285,WNW,11.3,0,13,0,1.8,OK
14/06/2026 19:04,27,49.1,3.2,309,NW,11.3,0,13,0,1.8,OK
14/06/2026 19:05,26.9,49.3,6.4,287,WNW,11.3,0,13,0,1.8,OK
14/06/2026 19:06,26.9,49,9.7,281,W,8,0,13,0,1.8,OK
14/06/2026 19:07,26.9,48.9,9.7,277,W,12.9,0,13,0,0,OK
14/06/2026 19:08,26.8,48.5,8,312,NW,12.9,0,13,0,0,OK
14/06/2026 19:09,26.8,48.8,6.4,275,W,12.9,0,13,0,0,OK
14/06/2026 19:10,26.8,48.6,8,268,W,12.9,0,13,0,0,OK
14/06/2026 19:11,26.7,48.3,12.9,308,NW,12.9,0,13,0,0,OK
14/06/2026 19:12,26.6,48.4,4.8,288,WNW,16.1,0,13,0,0,OK
14/06/2026 19:13,26.6,48.5,9.7,326,NW,16.1,0,13,0,0,OK
14/06/2026 19:14,26.5,48.7,8,315,NW,16.1,0,13,0,0,OK
14/06/2026 19:15,26.5,48.8,6.4,275,W,16.1,0,13,0,0,OK
14/06/2026 19:16,26.4,48.8,9.7,309,NW,16.1,0,13,0,0,OK
14/06/2026 19:17,26.3,48.8,8,274,W,16.1,0,13,0,0,OK
14/06/2026 19:18,26.3,48.8,4.8,319,NW,16.1,0,13,0,0,OK
14/06/2026 19:19,26.2,48.3,12.9,292,WNW,17.7,0,13,0,0,OK
14/06/2026 19:20,26.1,48,14.5,302,WNW,17.7,0,13,0,0,OK
14/06/2026 19:21,26.1,47.9,8,332,NNW,17.7,0,13,0,0,OK
14/06/2026 19:22,26,48.2,8,330,NNW,17.7,0,13,0,0,OK
14/06/2026 19:23,26,48,11.3,278,W,17.7,0,13,0,0,OK
14/06/2026 19:24,25.9,48.2,14.5,295,WNW,17.7,0,13,0,0,OK
14/06/2026 19:25,25.9,48.6,9.7,298,WNW,19.3,0,13,0,0,OK
14/06/2026 19:26,25.8,48.8,14.5,272,W,19.3,0,13,0,0,OK
14/06/2026 19:27,25.7,49,6.4,272,W,19.3,0,13,0,0,OK
14/06/2026 19:28,25.6,49.1,8,282,WNW,19.3,0,13,0,0,OK
14/06/2026 19:29,25.6,49.3,9.7,271,W,19.3,0,13,0,0,OK
14/06/2026 19:30,25.5,49.3,6.4,329,NNW,19.3,0,13,0,0,OK
14/06/2026 19:31,25.5,49.6,8,336,NNW,19.3,0,13,0,0,OK
14/06/2026 19:32,25.4,49.9,3.2,284,WNW,19.3,0,13,0,0,OK
14/06/2026 19:33,25.4,50.2,11.3,267,W,19.3,0,13,0,0,OK
14/06/2026 19:34,25.4,50.3,11.3,309,NW,17.7,0,13,0,0,OK
14/06/2026 19:35,25.4,50.4,11.3,288,WNW,17.7,0,13,0,0,OK
14/06/2026 19:36,25.3,50.9,12.9,344,NNW,17.7,0,13,0,0,OK
14/06/2026 19:37,25.3,51.1,6.4,271,W,17.7,0,13,0,0,OK
14/06/2026 19:38,25.2,51.2,6.4,308,NW,17.7,0,13,0,0,OK
14/06/2026 19:39,25.1,51.4,6.4,296,WNW,17.7,0,13,0,0,OK
14/06/2026 19:40,25.1,51.6,11.3,299,WNW,17.7,0,13,0,0,OK
14/06/2026 19:41,25.1,51.8,6.4,312,NW,17.7,0,13,0,0,OK
14/06/2026 19:42,25,52.1,16.1,285,WNW,17.7,0,13,0,0,OK
14/06/2026 19:43,25,52.4,9.7,299,WNW,17.7,0,13,0,0,OK
14/06/2026 19:44,25,52.5,9.7,296,WNW,17.7,0,13,0,0,OK
14/06/2026 19:45,25,52.7,14.5,298,WNW,17.7,0,13,0,0,OK
14/06/2026 19:46,24.9,52.9,11.3,244,WSW,17.7,0,13,0,0,OK
14/06/2026 19:47,24.9,53,6.4,319,NW,17.7,0,13,0,0,OK
14/06/2026 19:48,24.9,53.3,8,281,W,17.7,0,13,0,0,OK
14/06/2026 19:49,24.9,53.5,16.1,289,WNW,20.9,0,13,0,0,OK
14/06/2026 19:50,24.8,53.5,8,280,W,20.9,0,13,0,0,OK
14/06/2026 19:51,24.8,53.6,9.7,306,NW,20.9,0,13,0,0,OK
14/06/2026 19:52,24.8,53.8,9.7,261,W,20.9,0,13,0,0,OK
14/06/2026 19:53,24.8,53.8,9.7,291,WNW,20.9,0,13,0,0,OK
14/06/2026 19:54,24.8,53.8,8,346,NNW,20.9,0,13,0,0,OK
14/06/2026 19:55,24.8,54.1,8,337,NNW,20.9,0,13,0,0,OK
14/06/2026 19:56,24.7,53.9,6.4,299,WNW,20.9,0,13,0,0,OK
14/06/2026 19:57,24.7,54.1,11.3,296,WNW,20.9,0,13,0,0,OK
14/06/2026 19:58,24.7,54.3,8,280,W,19.3,0,13,0,0,OK
14/06/2026 19:59,24.6,54.5,11.3,294,WNW,19.3,0,13,0,0,OK
14/06/2026 20:00,24.6,54.6,9.7,275,W,19.3,0,13,0,0,OK
14/06/2026 20:01,24.6,54.7,6.4,313,NW,20.9,0,13,0,0,OK
14/06/2026 20:02,24.5,54.8,4.8,343,NNW,20.9,0,13,0,0,OK
14/06/2026 20:03,24.5,55,9.7,277,W,20.9,0,13,0,0,OK
14/06/2026 20:04,24.5,55,4.8,28,NNE,20.9,0,13,0,0,OK
14/06/2026 20:05,24.5,55.2,4.8,275,W,20.9,0,13,0,0,OK
14/06/2026 20:06,24.5,55.3,4.8,333,NNW,20.9,0,13,0,0,OK
14/06/2026 20:07,24.5,55.4,1.6,0,N,20.9,0,13,0,0,OK
14/06/2026 20:08,24.5,55.5,3.2,284,WNW,20.9,0,13,0,0,OK
14/06/2026 20:09,24.4,55.6,9.7,291,WNW,20.9,0,13,0,0,OK
14/06/2026 20:10,24.4,55.6,8,357,N,14.5,0,13,0,0,OK
14/06/2026 20:11,24.4,55.6,4.8,296,WNW,14.5,0,13,0,0,OK
14/06/2026 20:12,24.4,55.7,6.4,326,NW,14.5,0,13,0,0,OK
14/06/2026 20:13,24.4,55.7,4.8,260,W,14.5,0,13,0,0,OK
14/06/2026 20:14,24.4,55.8,1.6,336,NNW,14.5,0,13,0,0,OK
14/06/2026 20:15,24.4,55.8,1.6,319,NW,14.5,0,13,0,0,OK
14/06/2026 20:16,24.3,56,8,288,WNW,14.5,0,13,0,0,OK
14/06/2026 20:17,24.3,55.4,9.7,296,WNW,14.5,0,13,0,0,OK
14/06/2026 20:18,24.3,55,11.3,347,NNW,16.1,0,13,0,0,OK
14/06/2026 20:19,24.2,55.3,4.8,14,NNE,16.1,0,13,0,0,OK
14/06/2026 20:20,24.2,55.2,6.4,313,NW,16.1,0,13,0,0,OK
14/06/2026 20:21,24.1,54.7,9.7,299,WNW,16.1,0,13,0,0,OK
14/06/2026 20:22,24.1,55,0,294,WNW,16.1,0,13,0,0,OK
14/06/2026 20:23,24.1,55.1,9.7,267,W,16.1,0,13,0,0,OK
14/06/2026 20:24,24.1,55,6.4,315,NW,16.1,0,13,0,0,OK
14/06/2026 20:25,24.1,55.2,4.8,285,WNW,16.1,0,13,0,0,OK
14/06/2026 20:26,24,55.2,6.4,257,WSW,16.1,0,13,0,0,OK
14/06/2026 20:27,24,55.3,4.8,347,NNW,12.9,0,13,0,0,OK
14/06/2026 20:28,24,55.3,3.2,305,NW,12.9,0,13,0,0,OK
14/06/2026 20:29,24,55.5,4.8,294,WNW,12.9,0,13,0,0,OK
14/06/2026 20:30,24,55.2,8,298,WNW,14.5,0,13,0,0,OK
14/06/2026 20:31,23.9,55.6,4.8,8,N,14.5,0,13,0,0,OK
14/06/2026 20:32,23.9,55.5,11.3,342,NNW,14.5,0,13,0,0,OK
14/06/2026 20:33,23.9,55.6,17.7,281,W,14.5,0,13,0,0,OK
14/06/2026 20:34,23.8,55.6,9.7,329,NNW,17.7,0,13,0,0,OK
14/06/2026 20:35,23.8,55.8,9.7,296,WNW,17.7,0,13,0,0,OK
14/06/2026 20:36,23.8,55.9,8,282,WNW,17.7,0,13,0,0,OK
14/06/2026 20:37,23.8,56,4.8,308,NW,17.7,0,13,0,0,OK
14/06/2026 20:38,23.8,56,14.5,285,WNW,17.7,0,13,0,0,OK
14/06/2026 20:39,23.8,56.3,8,299,WNW,17.7,0,13,0,0,OK
14/06/2026 20:40,23.8,56.5,4.8,316,NW,17.7,0,13,0,0,OK
14/06/2026 20:41,23.7,56.5,4.8,292,WNW,17.7,0,13,0,0,OK
14/06/2026 20:42,23.7,56.5,3.2,8,N,17.7,0,13,0,0,OK
14/06/2026 20:43,23.7,56.8,1.6,311,NW,14.5,0,13,0,0,OK
14/06/2026 20:44,23.8,56.9,6.4,332,NNW,14.5,0,13,0,0,OK
14/06/2026 20:45,23.7,56.9,4.8,308,NW,14.5,0,13,0,0,OK
14/06/2026 20:46,23.6,57,0,323,NW,14.5,0,13,0,0,OK
14/06/2026 20:47,23.6,57.1,1.6,0,N,12.9,0,13,0,0,OK
14/06/2026 20:48,23.6,57.2,0,7,N,12.9,0,13,0,0,OK
14/06/2026 20:49,23.6,57.1,0,359,N,9.7,0,13,0,0,OK
14/06/2026 20:50,23.6,57.2,1.6,14,NNE,9.7,0,13,0,0,OK
14/06/2026 20:51,23.6,57.4,3.2,306,NW,9.7,0,13,0,0,OK
14/06/2026 20:52,23.6,57.4,9.7,281,W,9.7,0,13,0,0,OK
14/06/2026 20:53,23.6,57.1,8,294,WNW,11.3,0,13,0,0,OK
14/06/2026 20:54,23.6,57.2,4.8,289,WNW,11.3,0,13,0,0,OK
14/06/2026 20:55,23.6,57,8,318,NW,11.3,0,13,0,0,OK
14/06/2026 20:56,23.6,57,4.8,312,NW,11.3,0,13,0,0,OK
14/06/2026 20:57,23.6,56.9,6.4,315,NW,11.3,0,13,0,0,OK
14/06/2026 20:58,23.6,56.7,1.6,302,WNW,11.3,0,13,0,0,OK
14/06/2026 20:59,23.6,56.7,1.6,328,NNW,11.3,0,13,0,0,OK
14/06/2026 21:00,23.6,56.8,0,333,NNW,11.3,0,13,0,0,OK
14/06/2026 21:01,23.6,56.8,0,312,NW,11.3,0,13,0,0,OK
14/06/2026 21:02,23.6,56.9,0,0,N,9.7,0,13,0,0,OK
14/06/2026 21:03,23.6,57,0,349,NNW,9.7,0,13,0,0,OK
14/06/2026 21:04,23.5,56.7,1.6,0,N,9.7,0,13,0,0,OK
14/06/2026 21:05,23.6,56.9,1.6,330,NNW,9.7,0,13,0,0,OK
14/06/2026 21:06,23.5,56.6,3.2,316,NW,9.7,0,13,0,0,OK
14/06/2026 21:07,23.6,56.6,1.6,319,NW,6.4,0,13,0,0,OK
14/06/2026 21:08,23.6,56.7,0,320,NW,6.4,0,13,0,0,OK
14/06/2026 21:09,23.6,56.8,0,320,NW,6.4,0,13,0,0,OK
14/06/2026 21:10,23.5,56.8,0,320,NW,6.4,0,13,0,0,OK
14/06/2026 21:11,23.5,57,0,320,NW,6.4,0,13,0,0,OK
14/06/2026 21:12,23.5,57,0,320,NW,6.4,0,13,0,0,OK
14/06/2026 21:13,23.5,57.1,0,320,NW,6.4,0,13,0,0,OK
14/06/2026 21:14,23.5,57.1,0,332,NNW,6.4,0,13,0,0,OK
14/06/2026 21:15,23.5,57.3,0,332,NNW,3.2,0,13,0,0,OK
14/06/2026 21:16,23.5,57.5,0,332,NNW,3.2,0,13,0,0,OK
14/06/2026 21:17,23.5,57.3,0,332,NNW,1.6,0,13,0,0,OK
14/06/2026 21:18,23.5,57.2,0,332,NNW,0,0,13,0,0,OK
14/06/2026 21:19,23.5,57.4,0,332,NNW,0,0,13,0,0,OK
14/06/2026 21:20,23.4,57.6,0,332,NNW,0,0,13,0,0,OK
14/06/2026 21:21,23.5,57.7,1.6,298,WNW,0,0,13,0,0,OK
14/06/2026 21:22,23.5,57.4,0,280,W,1.6,0,13,0,0,OK
14/06/2026 21:23,23.4,57.7,0,322,NW,1.6,0,13,0,0,OK
14/06/2026 21:24,23.4,57.6,3.2,285,WNW,6.4,0,13,0,0,OK
14/06/2026 21:25,23.4,57.6,3.2,281,W,6.4,0,13,0,0,OK
14/06/2026 21:26,23.4,57.5,0,267,W,6.4,0,13,0,0,OK
14/06/2026 21:27,23.4,57.5,3.2,278,W,6.4,0,13,0,0,OK
14/06/2026 21:28,23.5,57.4,3.2,296,WNW,6.4,0,13,0,0,OK
14/06/2026 21:29,23.4,57.6,0,281,W,6.4,0,13,0,0,OK
14/06/2026 21:30,23.4,57.5,0,281,W,6.4,0,13,0,0,OK
14/06/2026 21:31,23.4,57.5,0,274,W,6.4,0,13,0,0,OK
14/06/2026 21:32,23.4,57.6,0,267,W,6.4,0,13,0,0,OK
14/06/2026 21:33,23.4,57.6,4.8,315,NW,4.8,0,13,0,0,OK
14/06/2026 21:34,23.4,57.7,4.8,294,WNW,4.8,0,13,0,0,OK
14/06/2026 21:35,23.4,57.4,3.2,299,WNW,6.4,0,13,0,0,OK
14/06/2026 21:36,23.4,57.6,4.8,254,WSW,6.4,0,13,0,0,OK
14/06/2026 21:38,23.4,57.7,4.8,271,W,6.4,0,13,0,0,OK
14/06/2026 21:39,23.4,57.7,3.2,270,W,6.4,0,13,0,0,OK
14/06/2026 21:40,23.4,57.9,3.2,299,WNW,6.4,0,13,0,0,OK
14/06/2026 21:41,23.4,58,4.8,268,W,6.4,0,13,0,0,OK
14/06/2026 21:42,23.4,58.2,3.2,292,WNW,6.4,0,13,0,0,OK
14/06/2026 21:43,23.3,58.2,0,292,WNW,6.4,0,13,0,0,OK
14/06/2026 21:44,23.4,58.3,0,292,WNW,4.8,0,13,0,0,OK
14/06/2026 21:45,23.3,58.4,0,292,WNW,4.8,0,13,0,0,OK
14/06/2026 21:46,23.3,58.5,0,292,WNW,4.8,0,13,0,0,OK
14/06/2026 21:47,23.3,58.5,0,294,WNW,4.8,0,13,0,0,OK
14/06/2026 21:48,23.3,58.6,0,298,WNW,4.8,0,13,0,0,OK
14/06/2026 21:49,23.3,59.1,0,298,WNW,4.8,0,13,0,0,OK
14/06/2026 21:50,23.3,59,3.2,288,WNW,3.2,0,13,0,0,OK
14/06/2026 21:51,23.2,59.1,3.2,285,WNW,4.8,0,13,0,0,OK
14/06/2026 21:52,23.2,59.1,3.2,291,WNW,4.8,0,13,0,0,OK
14/06/2026 21:53,23.2,59.2,3.2,280,W,4.8,0,13,0,0,OK
14/06/2026 21:54,23.1,59.4,1.6,278,W,4.8,0,13,0,0,OK
14/06/2026 21:55,23.2,59.7,0,278,W,4.8,0,13,0,0,OK
14/06/2026 21:56,23.1,59.8,0,278,W,4.8,0,13,0,0,OK
14/06/2026 21:57,23.1,60,0,278,W,4.8,0,13,0,0,OK
14/06/2026 21:58,23.1,60,1.6,277,W,4.8,0,13,0,0,OK
14/06/2026 21:59,23.1,60,1.6,268,W,4.8,0,13,0,0,OK
14/06/2026 22:00,23.1,60.1,3.2,280,W,4.8,0,13,0,0,OK
14/06/2026 22:01,23.1,60.2,1.6,289,WNW,4.8,0,13,0,0,OK
14/06/2026 22:02,23.1,60.2,0,289,WNW,4.8,0,13,0,0,OK
14/06/2026 22:03,23,60.2,0,287,WNW,4.8,0,13,0,0,OK
14/06/2026 22:04,23,60.5,0,287,WNW,4.8,0,13,0,0,OK
14/06/2026 22:05,23,60.7,0,287,WNW,4.8,0,13,0,0,OK
14/06/2026 22:06,23,60.9,0,287,WNW,4.8,0,13,0,0,OK
14/06/2026 22:07,23,61.3,0,287,WNW,4.8,0,13,0,0,OK
14/06/2026 22:08,23,61.6,0,287,WNW,3.2,0,13,0,0,OK
14/06/2026 22:09,23,61.6,0,287,WNW,3.2,0,13,0,0,OK
14/06/2026 22:10,23,61.7,0,287,WNW,1.6,0,13,0,0,OK
14/06/2026 22:11,23,61.4,0,287,WNW,0,0,13,0,0,OK
14/06/2026 22:12,23,61.7,0,287,WNW,0,0,13,0,0,OK
14/06/2026 22:13,23,62.2,0,291,WNW,0,0,13,0,0,OK
14/06/2026 22:14,22.9,62.4,0,282,WNW,3.2,0,13,0,0,OK
14/06/2026 22:15,22.9,62.3,0,282,WNW,3.2,0,13,0,0,OK
14/06/2026 22:16,22.9,62.2,0,280,W,3.2,0,13,0,0,OK
14/06/2026 22:17,22.9,61.9,1.6,280,W,3.2,0,13,0,0,OK
14/06/2026 22:18,22.9,61.6,0,280,W,3.2,0,13,0,0,OK
14/06/2026 22:19,22.9,61.5,1.6,282,WNW,3.2,0,13,0,0,OK
14/06/2026 22:20,22.9,61.5,1.6,272,W,4.8,0,13,0,0,OK
14/06/2026 22:21,22.9,61.5,3.2,272,W,4.8,0,13,0,0,OK
14/06/2026 22:22,22.9,61.5,3.2,271,W,4.8,0,13,0,0,OK
14/06/2026 22:23,22.9,61.4,0,274,W,4.8,0,13,0,0,OK
14/06/2026 22:24,22.9,61.6,0,274,W,4.8,0,13,0,0,OK
14/06/2026 22:25,22.9,61.4,3.2,267,W,4.8,0,13,0,0,OK
14/06/2026 22:26,22.8,61.4,1.6,268,W,4.8,0,13,0,0,OK
14/06/2026 22:27,22.8,61.3,0,268,W,4.8,0,13,0,0,OK
14/06/2026 22:28,22.8,61.6,0,274,W,4.8,0,13,0,0,OK
14/06/2026 22:29,22.8,61.7,1.6,265,W,3.2,0,13,0,0,OK
14/06/2026 22:30,22.8,61.8,1.6,287,WNW,3.2,0,13,0,0,OK
14/06/2026 22:31,22.8,61.8,0,287,WNW,3.2,0,13,0,0,OK
14/06/2026 22:32,22.8,61.5,4.8,298,WNW,3.2,0,13,0,0,OK
14/06/2026 22:33,22.8,61.6,3.2,288,WNW,4.8,0,13,0,0,OK
14/06/2026 22:34,22.8,61.5,4.8,265,W,4.8,0,13,0,0,OK
14/06/2026 22:35,22.8,61.6,3.2,274,W,4.8,0,13,0,0,OK
14/06/2026 22:36,22.8,61.5,4.8,278,W,6.4,0,13,0,0,OK
14/06/2026 22:37,22.8,61.5,1.6,280,W,6.4,0,13,0,0,OK
14/06/2026 22:38,22.8,61.6,4.8,272,W,6.4,0,13,0,0,OK
14/06/2026 22:39,22.8,61.7,4.8,281,W,6.4,0,13,0,0,OK
14/06/2026 22:40,22.8,61.4,1.6,281,W,6.4,0,13,0,0,OK
14/06/2026 22:41,22.7,61.7,3.2,281,W,6.4,0,13,0,0,OK
14/06/2026 22:42,22.7,61.6,8,289,WNW,6.4,0,13,0,0,OK
14/06/2026 22:43,22.7,61.5,4.8,309,NW,9.7,0,13,0,0,OK
14/06/2026 22:44,22.7,61.6,3.2,282,WNW,9.7,0,13,0,0,OK
14/06/2026 22:45,22.7,61.5,6.4,271,W,9.7,0,13,0,0,OK
14/06/2026 22:46,22.6,61.5,4.8,284,WNW,9.7,0,13,0,0,OK
14/06/2026 22:47,22.6,61.6,4.8,270,W,9.7,0,13,0,0,OK
14/06/2026 22:48,22.6,61.6,3.2,288,WNW,9.7,0,13,0,0,OK
14/06/2026 22:49,22.6,61.9,4.8,309,NW,9.7,0,13,0,0,OK
14/06/2026 22:50,22.6,61.9,3.2,304,WNW,9.7,0,13,0,0,OK
14/06/2026 22:51,22.6,61.9,0,296,WNW,6.4,0,13,0,0,OK
14/06/2026 22:52,22.6,62.1,3.2,261,W,6.4,0,13,0,0,OK
14/06/2026 22:53,22.6,62.2,3.2,277,W,6.4,0,13,0,0,OK
14/06/2026 22:54,22.5,62,0,277,W,6.4,0,13,0,0,OK
14/06/2026 22:55,22.5,62,4.8,267,W,6.4,0,13,0,0,OK
14/06/2026 22:56,22.5,62.1,0,270,W,6.4,0,13,0,0,OK
14/06/2026 22:57,22.4,62.3,4.8,278,W,6.4,0,13,0,0,OK
14/06/2026 22:58,22.4,62.6,1.6,277,W,6.4,0,13,0,0,OK
14/06/2026 22:59,22.4,62.6,3.2,275,W,4.8,0,13,0,0,OK
14/06/2026 23:00,22.4,62.7,0,247,WSW,4.8,0,13,0,0,OK
14/06/2026 23:01,22.3,62.8,1.6,305,NW,4.8,0,13,0,0,OK
14/06/2026 23:02,22.3,62.7,4.8,272,W,4.8,0,13,0,0,OK
14/06/2026 23:03,22.3,62.9,3.2,294,WNW,4.8,0,13,0,0,OK
14/06/2026 23:04,22.3,63,4.8,302,WNW,4.8,0,13,0,0,OK
14/06/2026 23:05,22.3,63.1,4.8,274,W,8,0,13,0,0,OK
14/06/2026 23:06,22.3,63.2,4.8,299,WNW,8,0,13,0,0,OK
14/06/2026 23:07,22.3,63.3,3.2,261,W,8,0,13,0,0,OK
14/06/2026 23:08,22.2,63.4,4.8,312,NW,8,0,13,0,0,OK
14/06/2026 23:09,22.2,63.5,1.6,315,NW,8,0,13,0,0,OK
14/06/2026 23:10,22.2,63.7,3.2,274,W,8,0,13,0,0,OK
14/06/2026 23:11,22.1,63.7,1.6,320,NW,8,0,13,0,0,OK
14/06/2026 23:12,22.1,63.8,3.2,277,W,8,0,13,0,0,OK
14/06/2026 23:13,22.1,63.9,4.8,313,NW,8,0,13,0,0,OK
14/06/2026 23:14,22.1,63.7,3.2,308,NW,6.4,0,13,0,0,OK
14/06/2026 23:15,22.1,64,3.2,302,WNW,9.7,0,13,0,0,OK
14/06/2026 23:16,22.1,64,3.2,313,NW,9.7,0,13,0,0,OK
14/06/2026 23:17,22.1,64.2,3.2,296,WNW,9.7,0,13,0,0,OK
14/06/2026 23:18,22.1,64.2,1.6,288,WNW,9.7,0,13,0,0,OK
14/06/2026 23:19,22.1,64.3,4.8,301,WNW,9.7,0,13,0,0,OK
14/06/2026 23:20,22.1,64.3,4.8,274,W,9.7,0,13,0,0,OK
14/06/2026 23:21,22.1,64.2,6.4,284,WNW,9.7,0,13,0,0,OK
14/06/2026 23:22,22,64.1,4.8,299,WNW,9.7,0,13,0,0,OK
14/06/2026 23:23,22,64.2,6.4,305,NW,8,0,13,0,0,OK
14/06/2026 23:24,22,64.1,1.6,277,W,8,0,13,0,0,OK
14/06/2026 23:25,22,64.2,1.6,274,W,8,0,13,0,0,OK
14/06/2026 23:26,22,64.3,1.6,277,W,8,0,13,0,0,OK
14/06/2026 23:27,22,64.4,4.8,309,NW,8,0,13,0,0,OK
14/06/2026 23:28,22,64.3,4.8,311,NW,8,0,13,0,0,OK
14/06/2026 23:29,22,64.4,3.2,298,WNW,8,0,13,0,0,OK
14/06/2026 23:30,22,64.3,4.8,308,NW,8,0,13,0,0,OK
14/06/2026 23:31,22,64.4,1.6,282,WNW,8,0,13,0,0,OK
14/06/2026 23:32,22,64.5,1.6,285,WNW,8,0,13,0,0,OK
14/06/2026 23:33,22,64.4,3.2,294,WNW,8,0,13,0,0,OK
14/06/2026 23:34,22,64.4,4.8,278,W,8,0,13,0,0,OK
14/06/2026 23:35,22,64.4,4.8,280,W,8,0,13,0,0,OK
14/06/2026 23:36,22,64.6,4.8,275,W,8,0,13,0,0,OK
14/06/2026 23:37,22,64.6,3.2,267,W,8,0,13,0,0,OK
14/06/2026 23:38,22,64.8,3.2,278,W,8,0,13,0,0,OK
14/06/2026 23:39,22,64.8,4.8,275,W,8,0,13,0,0,OK
14/06/2026 23:40,22,64.8,4.8,278,W,8,0,13,0,0,OK
14/06/2026 23:41,21.9,64.9,4.8,277,W,8,0,13,0,0,OK
14/06/2026 23:42,21.9,65,6.4,270,W,8,0,13,0,0,OK
14/06/2026 23:43,21.9,65.1,1.6,295,WNW,8,0,13,0,0,OK
14/06/2026 23:44,21.9,65.3,0,295,WNW,8,0,13,0,0,OK
14/06/2026 23:45,21.9,65.4,8,333,NNW,8,0,13,0,0,OK
14/06/2026 23:46,21.9,65.3,4.8,301,WNW,8,0,13,0,0,OK
14/06/2026 23:47,21.9,65.3,3.2,287,WNW,8,0,13,0,0,OK
14/06/2026 23:48,21.9,65.4,3.2,309,NW,8,0,13,0,0,OK
14/06/2026 23:49,21.8,65.2,3.2,319,NW,8,0,13,0,0,OK
14/06/2026 23:50,21.8,65.4,4.8,301,WNW,8,0,13,0,0,OK
14/06/2026 23:51,21.8,65.6,1.6,306,NW,8,0,13,0,0,OK
14/06/2026 23:52,21.8,65.6,1.6,288,WNW,8,0,13,0,0,OK
14/06/2026 23:53,21.8,65.7,6.4,289,WNW,8,0,13,0,0,OK
14/06/2026 23:54,21.8,65.7,4.8,305,NW,8,0,13,0,0,OK
14/06/2026 23:55,21.8,65.7,1.6,272,W,6.4,0,13,0,0,OK
14/06/2026 23:56,21.8,65.8,4.8,311,NW,6.4,0,13,0,0,OK
14/06/2026 23:57,21.8,66,6.4,272,W,6.4,0,13,0,0,OK
14/06/2026 23:58,21.8,66,4.8,284,WNW,6.4,0,13,0,0,OK
14/06/2026 23:59,21.7,66,1.6,288,WNW,8,0,13,0,0,OK
15/06/2026 00:00,21.7,66.1,4.8,320,NW,9.7,0,13,0,0,OK
15/06/2026 00:01,21.7,66.2,6.4,311,NW,9.7,0,13,0,0,OK
15/06/2026 00:02,21.7,66.3,4.8,308,NW,9.7,0,13,0,0,OK
15/06/2026 00:03,21.7,66.3,4.8,291,WNW,9.7,0,13,0,0,OK
15/06/2026 00:04,21.6,66.5,9.7,285,WNW,9.7,0,13,0,0,OK
15/06/2026 00:05,21.6,66.5,8,291,WNW,9.7,0,13,0,0,OK
15/06/2026 00:06,21.6,66.5,4.8,313,NW,9.7,0,13,0,0,OK
15/06/2026 00:07,21.6,66.7,4.8,306,NW,9.7,0,13,0,0,OK
15/06/2026 00:08,21.6,66.7,4.8,305,NW,9.7,0,13,0,0,OK
15/06/2026 00:09,21.6,66.8,8,325,NW,9.7,0,13,0,0,OK
15/06/2026 00:10,21.5,66.6,4.8,304,WNW,9.7,0,13,0,0,OK
15/06/2026 00:11,21.5,66.8,4.8,349,NNW,9.7,0,13,0,0,OK
15/06/2026 00:12,21.5,66.9,1.6,291,WNW,9.7,0,13,0,0,OK
15/06/2026 00:13,21.5,67.1,4.8,312,NW,8,0,13,0,0,OK
15/06/2026 00:14,21.5,67.2,4.8,333,NNW,8,0,13,0,0,OK
15/06/2026 00:15,21.4,67.3,1.6,305,NW,8,0,13,0,0,OK
15/06/2026 00:16,21.5,67.4,1.6,298,WNW,8,0,13,0,0,OK
15/06/2026 00:17,21.4,67.5,6.4,294,WNW,9.7,0,13,0,0,OK
15/06/2026 00:18,21.4,67.5,3.2,309,NW,9.7,0,13,0,0,OK
15/06/2026 00:19,21.4,67.6,1.6,296,WNW,9.7,0,13,0,0,OK
15/06/2026 00:20,21.4,67.7,6.4,295,WNW,9.7,0,13,0,0,OK
15/06/2026 00:21,21.4,67.7,6.4,305,NW,9.7,0,13,0,0,OK
15/06/2026 00:22,21.4,67.8,4.8,275,W,11.3,0,13,0,0,OK
15/06/2026 00:23,21.3,68,6.4,278,W,11.3,0,13,0,0,OK
15/06/2026 00:24,21.3,68.1,14.5,289,WNW,11.3,0,13,0,0,OK
15/06/2026 00:25,21.3,68.3,6.4,308,NW,14.5,0,13,0,0,OK
15/06/2026 00:26,21.3,68.4,8,299,WNW,14.5,0,13,0,0,OK
15/06/2026 00:27,21.2,68.5,8,330,NNW,14.5,0,13,0,0,OK
15/06/2026 00:28,21.2,68.6,8,313,NW,14.5,0,13,0,0,OK
15/06/2026 00:29,21.1,68.7,4.8,302,WNW,14.5,0,13,0,0,OK
15/06/2026 00:30,21.1,68.9,3.2,295,WNW,14.5,0,13,0,0,OK
15/06/2026 00:31,21.1,68.9,8,306,NW,14.5,0,13,0,0,OK
15/06/2026 00:32,21.1,69.1,6.4,278,W,14.5,0,13,0,0,OK
15/06/2026 00:33,21.1,69.1,4.8,260,W,14.5,0,13,0,0,OK
15/06/2026 00:34,21,69.2,12.9,282,WNW,12.9,0,13,0,0,OK
15/06/2026 00:35,21,69.4,6.4,296,WNW,12.9,0,13,0,0,OK
15/06/2026 00:36,21,69.6,8,277,W,12.9,0,13,0,0,OK
15/06/2026 00:37,20.9,69.4,4.8,301,WNW,12.9,0,13,0,0,OK
15/06/2026 00:38,20.9,69.4,6.4,312,NW,12.9,0,13,0,0,OK
15/06/2026 00:39,20.9,69.4,4.8,282,WNW,12.9,0,13,0,0,OK
15/06/2026 00:40,20.9,69.4,4.8,301,WNW,12.9,0,13,0,0,OK
15/06/2026 00:41,20.9,69.3,3.2,305,NW,12.9,0,13,0,0,OK
15/06/2026 00:42,20.9,69.3,8,315,NW,12.9,0,13,0,0,OK
15/06/2026 00:43,20.9,69.1,9.7,316,NW,11.3,0,13,0,0,OK
15/06/2026 00:44,20.9,69.1,6.4,323,NW,11.3,0,13,0,0,OK
15/06/2026 00:45,20.9,69.1,8,339,NNW,14.5,0,13,0,0,OK
15/06/2026 00:46,20.8,69.3,6.4,62,ENE,14.5,0,13,0,0,OK
15/06/2026 00:47,20.8,69.5,11.3,322,NW,14.5,0,13,0,0,OK
15/06/2026 00:48,20.8,69.6,8,301,WNW,14.5,0,13,0,0,OK
15/06/2026 00:49,20.8,69.7,6.4,325,NW,14.5,0,13,0,0,OK
15/06/2026 00:50,20.7,69.9,1.6,288,WNW,14.5,0,13,0,0,OK
15/06/2026 00:51,20.8,70,3.2,301,WNW,14.5,0,13,0,0,OK
15/06/2026 00:52,20.7,70.1,4.8,285,WNW,14.5,0,13,0,0,OK
15/06/2026 00:53,20.7,70,3.2,304,WNW,12.9,0,13,0,0,OK
15/06/2026 00:54,20.7,70.2,1.6,298,WNW,12.9,0,13,0,0,OK
15/06/2026 00:55,20.7,70.3,6.4,301,WNW,12.9,0,13,0,0,OK
15/06/2026 00:56,20.6,70.3,6.4,337,NNW,12.9,0,13,0,0,OK
15/06/2026 00:57,20.6,70.1,9.7,313,NW,11.3,0,13,0,0,OK
15/06/2026 00:58,20.6,70.1,3.2,305,NW,12.9,0,13,0,0,OK
15/06/2026 00:59,20.6,70.3,8,304,WNW,12.9,0,13,0,0,OK
15/06/2026 01:00,20.6,70.4,8,292,WNW,12.9,0,13,0,0,OK
15/06/2026 01:01,20.5,70.4,9.7,295,WNW,12.9,0,13,0,0,OK
15/06/2026 01:02,20.5,70.5,3.2,312,NW,12.9,0,13,0,0,OK
15/06/2026 01:03,20.5,70.7,4.8,289,WNW,12.9,0,13,0,0,OK
15/06/2026 01:04,20.5,70.9,3.2,292,WNW,12.9,0,13,0,0,OK
15/06/2026 01:05,20.5,71.1,3.2,287,WNW,12.9,0,13,0,0,OK
15/06/2026 01:06,20.5,71,3.2,299,WNW,12.9,0,13,0,0,OK
15/06/2026 01:07,20.5,71,6.4,330,NNW,12.9,0,13,0,0,OK
15/06/2026 01:08,20.5,71.1,0,289,WNW,12.9,0,13,0,0,OK
15/06/2026 01:09,20.5,71.2,8,316,NW,11.3,0,13,0,0,OK
15/06/2026 01:10,20.5,71.2,6.4,282,WNW,11.3,0,13,0,0,OK
15/06/2026 01:11,20.5,71.2,6.4,285,WNW,11.3,0,13,0,0,OK
15/06/2026 01:12,20.5,71.4,6.4,278,W,11.3,0,13,0,0,OK
15/06/2026 01:13,20.5,71.4,3.2,294,WNW,11.3,0,13,0,0,OK
15/06/2026 01:14,20.5,71.5,3.2,354,N,11.3,0,13,0,0,OK
15/06/2026 01:15,20.5,71.5,3.2,298,WNW,11.3,0,13,0,0,OK
15/06/2026 01:16,20.5,71.7,3.2,320,NW,11.3,0,13,0,0,OK
15/06/2026 01:17,20.5,71.7,8,353,N,11.3,0,13,0,0,OK
15/06/2026 01:18,20.5,71.6,8,311,NW,9.7,0,13,0,0,OK
15/06/2026 01:19,20.4,71.7,6.4,291,WNW,9.7,0,13,0,0,OK
15/06/2026 01:20,20.4,71.7,6.4,318,NW,9.7,0,13,0,0,OK
15/06/2026 01:21,20.4,71.7,0,296,WNW,9.7,0,13,0,0,OK
15/06/2026 01:22,20.5,71.8,4.8,291,WNW,9.7,0,13,0,0,OK
15/06/2026 01:23,20.5,71.8,0,295,WNW,9.7,0,13,0,0,OK
15/06/2026 01:24,20.5,71.9,3.2,316,NW,9.7,0,13,0,0,OK
15/06/2026 01:25,20.5,71.9,3.2,315,NW,9.7,0,13,0,0,OK
15/06/2026 01:26,20.5,71.7,1.6,340,NNW,9.7,0,13,0,0,OK
15/06/2026 01:27,20.5,71.5,8,319,NW,8,0,13,0,0,OK
15/06/2026 01:28,20.5,71.3,8,302,WNW,8,0,13,0,0,OK
15/06/2026 01:29,20.5,71.2,1.6,316,NW,11.3,0,13,0,0,OK
15/06/2026 01:30,20.5,70.8,6.4,295,WNW,11.3,0,13,0,0,OK
15/06/2026 01:31,20.5,71,8,296,WNW,11.3,0,13,0,0,OK
15/06/2026 01:32,20.5,70.8,4.8,280,W,11.3,0,13,0,0,OK
15/06/2026 01:33,20.5,70.9,4.8,326,NW,11.3,0,13,0,0,OK
15/06/2026 01:34,20.5,70.7,8,305,NW,11.3,0,13,0,0,OK
15/06/2026 01:35,20.5,70.8,3.2,260,W,11.3,0,13,0,0,OK
15/06/2026 01:36,20.5,70.5,6.4,318,NW,11.3,0,13,0,0,OK
15/06/2026 01:37,20.5,70.3,11.3,308,NW,11.3,0,13,0,0,OK
15/06/2026 01:38,20.5,70.3,4.8,281,W,11.3,0,13,0,0,OK
15/06/2026 01:39,20.6,70,6.4,284,WNW,12.9,0,13,0,0,OK
15/06/2026 01:40,20.6,70.1,4.8,264,W,12.9,0,13,0,0,OK
15/06/2026 01:41,20.6,70.2,4.8,289,WNW,12.9,0,13,0,0,OK
15/06/2026 01:42,20.6,70,3.2,304,WNW,12.9,0,13,0,0,OK
15/06/2026 01:43,20.6,70.1,4.8,267,W,12.9,0,13,0,0,OK
15/06/2026 01:44,20.6,70,6.4,302,WNW,12.9,0,13,0,0,OK
15/06/2026 01:45,20.6,70,4.8,322,NW,12.9,0,13,0,0,OK
15/06/2026 01:46,20.6,70.1,3.2,313,NW,12.9,0,13,0,0,OK
15/06/2026 01:47,20.5,70.2,12.9,291,WNW,12.9,0,13,0,0,OK
15/06/2026 01:48,20.5,70.2,6.4,312,NW,16.1,0,13,0,0,OK
15/06/2026 01:49,20.5,70.4,6.4,318,NW,16.1,0,13,0,0,OK
15/06/2026 01:50,20.5,70.2,8,360,N,16.1,0,13,0,0,OK
15/06/2026 01:51,20.5,70.3,14.5,309,NW,16.1,0,13,0,0,OK
15/06/2026 01:52,20.5,70.5,6.4,287,WNW,16.1,0,13,0,0,OK
15/06/2026 01:53,20.4,70.6,12.9,299,WNW,16.1,0,13,0,0,OK
15/06/2026 01:54,20.4,70.7,9.7,360,N,16.1,0,13,0,0,OK
15/06/2026 01:55,20.4,70.8,8,319,NW,16.1,0,13,0,0,OK
15/06/2026 01:56,20.3,71,9.7,299,WNW,16.1,0,13,0,0,OK
15/06/2026 01:57,20.3,71,8,299,WNW,16.1,0,13,0,0,OK
15/06/2026 01:58,20.3,71.1,9.7,282,WNW,16.1,0,13,0,0,OK
15/06/2026 01:59,20.3,71,8,312,NW,16.1,0,13,0,0,OK
15/06/2026 02:00,20.3,71.1,9.7,287,WNW,16.1,0,13,0,0,OK
15/06/2026 02:01,20.3,71.1,9.7,261,W,14.5,0,13,0,0,OK
15/06/2026 02:02,20.3,71.2,8,292,WNW,14.5,0,13,0,0,OK
15/06/2026 02:03,20.2,71,6.4,285,WNW,14.5,0,13,0,0,OK
15/06/2026 02:04,20.2,70.9,9.7,289,WNW,14.5,0,13,0,0,OK
15/06/2026 02:05,20.2,70.9,4.8,309,NW,14.5,0,13,0,0,OK
15/06/2026 02:06,20.2,71,4.8,287,WNW,14.5,0,13,0,0,OK
15/06/2026 02:07,20.2,71,3.2,296,WNW,14.5,0,13,0,0,OK
15/06/2026 02:08,20.2,71,8,281,W,14.5,0,13,0,0,OK
15/06/2026 02:09,20.2,71,4.8,312,NW,14.5,0,13,0,0,OK
15/06/2026 02:10,20.1,71.1,3.2,312,NW,14.5,0,13,0,0,OK
15/06/2026 02:11,20.1,71.1,4.8,248,WSW,14.5,0,13,0,0,OK
15/06/2026 02:12,20.1,71.1,6.4,301,WNW,14.5,0,13,0,0,OK
15/06/2026 02:13,20.1,71.3,6.4,282,WNW,9.7,0,13,0,0,OK
15/06/2026 02:14,20.1,71.4,6.4,315,NW,11.3,0,13,0,0,OK
15/06/2026 02:15,20.1,71.7,8,308,NW,11.3,0,13,0,0,OK
15/06/2026 02:16,20.1,71.8,3.2,320,NW,11.3,0,13,0,0,OK
15/06/2026 02:17,20,71.8,6.4,287,WNW,11.3,0,13,0,0,OK
15/06/2026 02:18,20,71.9,6.4,312,NW,11.3,0,13,0,0,OK
15/06/2026 02:19,20,72.2,1.6,280,W,11.3,0,13,0,0,OK
15/06/2026 02:20,20,72.3,4.8,265,W,11.3,0,13,0,0,OK
15/06/2026 02:21,20,72.3,4.8,309,NW,11.3,0,13,0,0,OK
15/06/2026 02:22,20,72.3,1.6,284,WNW,11.3,0,13,0,0,OK
15/06/2026 02:23,20,72.4,4.8,296,WNW,9.7,0,13,0,0,OK
15/06/2026 02:24,20,72.5,3.2,287,WNW,9.7,0,13,0,0,OK
15/06/2026 02:25,20,72.7,6.4,289,WNW,9.7,0,13,0,0,OK
15/06/2026 02:26,20,72.7,3.2,268,W,9.7,0,13,0,0,OK
15/06/2026 02:27,20,72.4,6.4,264,W,9.7,0,13,0,0,OK
15/06/2026 02:28,20,72.3,3.2,282,WNW,9.7,0,13,0,0,OK
15/06/2026 02:29,19.9,72.1,4.8,305,NW,9.7,0,13,0,0,OK
15/06/2026 02:30,20,71.8,1.6,301,WNW,9.7,0,13,0,0,OK
15/06/2026 02:31,20,71.5,6.4,315,NW,9.7,0,13,0,0,OK
15/06/2026 02:32,20,71.6,4.8,289,WNW,9.7,0,13,0,0,OK
15/06/2026 02:33,20,71.7,6.4,272,W,9.7,0,13,0,0,OK
15/06/2026 02:34,20,71.6,3.2,287,WNW,9.7,0,13,0,0,OK
15/06/2026 02:35,19.9,71.5,1.6,278,W,8,0,13,0,0,OK
15/06/2026 02:36,19.9,71.5,6.4,302,WNW,8,0,13,0,0,OK
15/06/2026 02:37,19.9,71.4,6.4,281,W,8,0,13,0,0,OK
15/06/2026 02:38,19.9,71.4,8,289,WNW,8,0,13,0,0,OK
15/06/2026 02:39,19.9,71.3,8,295,WNW,8,0,13,0,0,OK
15/06/2026 02:40,19.9,71.4,4.8,278,W,9.7,0,13,0,0,OK
15/06/2026 02:41,20,71.3,6.4,271,W,9.7,0,13,0,0,OK
15/06/2026 02:42,20,71.3,3.2,323,NW,9.7,0,13,0,0,OK
15/06/2026 02:43,19.9,71.3,4.8,271,W,9.7,0,13,0,0,OK
15/06/2026 02:44,20,71.1,4.8,243,WSW,9.7,0,13,0,0,OK
15/06/2026 02:45,19.9,71.4,1.6,278,W,9.7,0,13,0,0,OK
15/06/2026 02:46,19.9,71.3,4.8,308,NW,9.7,0,13,0,0,OK
15/06/2026 02:47,19.9,71.3,8,308,NW,9.7,0,13,0,0,OK
15/06/2026 02:48,19.9,71.5,4.8,270,W,8,0,13,0,0,OK
15/06/2026 02:49,19.9,71.6,8,275,W,8,0,13,0,0,OK
15/06/2026 02:50,19.9,71.6,8,274,W,8,0,13,0,0,OK
15/06/2026 02:51,19.9,71.7,6.4,284,WNW,9.7,0,13,0,0,OK
15/06/2026 02:52,19.9,71.9,4.8,304,WNW,9.7,0,13,0,0,OK
15/06/2026 02:53,19.9,71.9,3.2,272,W,9.7,0,13,0,0,OK
15/06/2026 02:54,19.9,71.9,4.8,291,WNW,9.7,0,13,0,0,OK
15/06/2026 02:55,19.9,72,6.4,267,W,9.7,0,13,0,0,OK
15/06/2026 02:56,19.8,72,8,291,WNW,9.7,0,13,0,0,OK
15/06/2026 02:57,19.8,72.1,4.8,305,NW,9.7,0,13,0,0,OK
15/06/2026 02:58,19.8,71.9,4.8,294,WNW,9.7,0,13,0,0,OK
15/06/2026 02:59,19.9,72,8,308,NW,9.7,0,13,0,0,OK
15/06/2026 03:00,19.8,71.9,6.4,311,NW,9.7,0,13,0,0,OK
15/06/2026 03:01,19.8,71.8,4.8,288,WNW,9.7,0,13,0,0,OK
15/06/2026 03:02,19.8,71.8,4.8,275,W,9.7,0,13,0,0,OK
15/06/2026 03:03,19.8,71.9,4.8,282,WNW,9.7,0,13,0,0,OK
15/06/2026 03:04,19.8,71.9,3.2,296,WNW,9.7,0,13,0,0,OK
15/06/2026 03:05,19.9,72,0,291,WNW,9.7,0,13,0,0,OK
15/06/2026 03:06,19.9,71.8,3.2,295,WNW,9.7,0,13,0,0,OK
15/06/2026 03:07,19.9,71.8,3.2,305,NW,9.7,0,13,0,0,OK
15/06/2026 03:08,19.9,71.6,6.4,304,WNW,9.7,0,13,0,0,OK
15/06/2026 03:09,20,71.5,3.2,287,WNW,8,0,13,0,0,OK
15/06/2026 03:10,19.9,71.6,1.6,294,WNW,8,0,13,0,0,OK
15/06/2026 03:11,20,71.6,1.6,299,WNW,8,0,13,0,0,OK
15/06/2026 03:12,20,71,1.6,294,WNW,6.4,0,13,0,0,OK
15/06/2026 03:13,20,71.1,1.6,294,WNW,6.4,0,13,0,0,OK
15/06/2026 03:14,20,71,0,294,WNW,6.4,0,13,0,0,OK
15/06/2026 03:15,20,71.1,1.6,299,WNW,6.4,0,13,0,0,OK
15/06/2026 03:16,20,71.1,3.2,312,NW,6.4,0,13,0,0,OK
15/06/2026 03:18,20,70.8,3.2,315,NW,4.8,0,13,0,0,OK
15/06/2026 03:19,20,70.9,1.6,302,WNW,4.8,0,13,0,0,OK
15/06/2026 03:20,20.1,70.8,1.6,311,NW,4.8,0,13,0,0,OK
15/06/2026 03:21,20.1,70.8,0,311,NW,4.8,0,13,0,0,OK
15/06/2026 03:22,20,71,1.6,318,NW,4.8,0,13,0,0,OK
15/06/2026 03:23,20.1,70.9,0,318,NW,4.8,0,13,0,0,OK
15/06/2026 03:24,20.1,70.7,0,315,NW,4.8,0,13,0,0,OK
15/06/2026 03:25,20.1,70.5,0,320,NW,4.8,0,13,0,0,OK
15/06/2026 03:26,20.1,70.6,0,315,NW,4.8,0,13,0,0,OK
15/06/2026 03:27,20.1,70.4,0,309,NW,3.2,0,13,0,0,OK
15/06/2026 03:28,20.1,70.4,0,308,NW,3.2,0,13,0,0,OK
15/06/2026 03:29,20.1,70.5,0,308,NW,3.2,0,13,0,0,OK
15/06/2026 03:30,20.1,70.5,0,308,NW,3.2,0,13,0,0,OK
15/06/2026 03:31,20.1,70.6,0,308,NW,3.2,0,13,0,0,OK
15/06/2026 03:32,20.1,70.4,0,308,NW,3.2,0,13,0,0,OK
15/06/2026 03:33,20.1,70.4,0,308,NW,3.2,0,13,0,0,OK
15/06/2026 03:34,20.1,70.5,0,308,NW,0,0,13,0,0,OK
15/06/2026 03:35,20.1,70.5,0,308,NW,0,0,13,0,0,OK
15/06/2026 03:36,20.1,70.6,0,308,NW,0,0,13,0,0,OK
15/06/2026 03:37,20.1,70.5,0,308,NW,0,0,13,0,0,OK
15/06/2026 03:38,20.1,70.4,0,308,NW,0,0,13,0,0,OK
15/06/2026 03:39,20.2,70.4,0,308,NW,0,0,13,0,0,OK
15/06/2026 03:40,20.2,70.3,0,308,NW,0,0,13,0,0,OK
15/06/2026 03:41,20.2,70.4,0,308,NW,0,0,13,0,0,OK
15/06/2026 03:42,20.2,70.4,0,308,NW,0,0,13,0,0,OK
15/06/2026 03:43,20.2,70.5,0,308,NW,0,0,13,0,0,OK
15/06/2026 03:44,20.2,70.5,0,308,NW,0,0,13,0,0,OK
15/06/2026 03:45,20.2,70.3,0,308,NW,0,0,13,0,0,OK
15/06/2026 03:46,20.3,70.3,0,304,WNW,0,0,13,0,0,OK
15/06/2026 03:47,20.2,70.2,0,304,WNW,0,0,13,0,0,OK
15/06/2026 03:48,20.3,70.3,0,304,WNW,0,0,13,0,0,OK
15/06/2026 03:49,20.3,70.3,0,304,WNW,0,0,13,0,0,OK
15/06/2026 03:50,20.3,70.2,0,304,WNW,0,0,13,0,0,OK
15/06/2026 03:51,20.3,70.3,0,304,WNW,0,0,13,0,0,OK
15/06/2026 03:52,20.3,70.3,0,304,WNW,0,0,13,0,0,OK
15/06/2026 03:53,20.3,70.2,0,304,WNW,0,0,13,0,0,OK
15/06/2026 03:54,20.3,70.1,0,304,WNW,0,0,13,0,0,OK
15/06/2026 03:55,20.3,70.1,0,304,WNW,0,0,13,0,0,OK
15/06/2026 03:56,20.3,70.2,0,304,WNW,0,0,13,0,0,OK
15/06/2026 03:57,20.3,70.3,0,304,WNW,0,0,13,0,0,OK
15/06/2026 03:58,20.3,70.6,0,304,WNW,0,0,13,0,0,OK
15/06/2026 03:59,20.3,70.7,0,304,WNW,0,0,13,0,0,OK
15/06/2026 04:00,20.3,70.5,0,304,WNW,0,0,13,0,0,OK
15/06/2026 04:01,20.3,70.5,0,304,WNW,0,0,13,0,0,OK
15/06/2026 04:02,20.3,70.6,0,304,WNW,0,0,13,0,0,OK
15/06/2026 04:03,20.3,70.6,0,304,WNW,0,0,13,0,0,OK
15/06/2026 04:04,20.3,70.6,0,304,WNW,0,0,13,0,0,OK
15/06/2026 04:05,20.3,70.7,0,304,WNW,0,0,13,0,0,OK
15/06/2026 04:06,20.3,70.8,0,304,WNW,0,0,13,0,0,OK
15/06/2026 04:07,20.3,70.8,0,304,WNW,0,0,13,0,0,OK
15/06/2026 04:08,20.3,70.5,0,304,WNW,0,0,13,0,0,OK
15/06/2026 04:09,20.3,70.6,0,304,WNW,0,0,13,0,0,OK
15/06/2026 04:10,20.3,70.6,0,304,WNW,0,0,13,0,0,OK
15/06/2026 04:11,20.3,70.7,0,304,WNW,0,0,13,0,0,OK
15/06/2026 04:12,20.3,70.7,0,304,WNW,0,0,13,0,0,OK
15/06/2026 04:13,20.3,70.6,0,304,WNW,0,0,13,0,0,OK
15/06/2026 04:14,20.3,70.8,0,304,WNW,0,0,13,0,0,OK
15/06/2026 04:15,20.3,70.7,0,304,WNW,0,0,13,0,0,OK
15/06/2026 04:16,20.3,70.8,0,304,WNW,0,0,13,0,0,OK
15/06/2026 04:17,20.3,70.9,0,304,WNW,0,0,13,0,0,OK
15/06/2026 04:18,20.3,70.9,0,304,WNW,0,0,13,0,0,OK
15/06/2026 04:19,20.3,70.8,1.6,275,W,0,0,13,0,0,OK
15/06/2026 04:20,20.3,70.8,3.2,274,W,3.2,0,13,0,0,OK
15/06/2026 04:21,20.3,71,1.6,274,W,3.2,0,13,0,0,OK
15/06/2026 04:22,20.3,71.1,1.6,280,W,4.8,0,13,0,0,OK
15/06/2026 04:23,20.3,71.2,4.8,280,W,4.8,0,13,0,0,OK
15/06/2026 04:24,20.2,71.1,3.2,277,W,4.8,0,13,0,0,OK
15/06/2026 04:25,20.2,71.1,1.6,287,WNW,4.8,0,13,0,0,OK
15/06/2026 04:26,20.2,71.2,1.6,288,WNW,4.8,0,13,0,0,OK
15/06/2026 04:27,20.2,71.3,0,301,WNW,4.8,0,13,0,0,OK
15/06/2026 04:28,20.2,71,3.2,281,W,4.8,0,13,0,0,OK
15/06/2026 04:29,20.1,71,0,294,WNW,4.8,0,13,0,0,OK
15/06/2026 04:30,20.2,71.2,1.6,287,WNW,4.8,0,13,0,0,OK
15/06/2026 04:31,20.1,71.1,0,295,WNW,4.8,0,13,0,0,OK
15/06/2026 04:32,20.1,71.4,0,291,WNW,4.8,0,13,0,0,OK
15/06/2026 04:33,20.1,71.4,0,291,WNW,4.8,0,13,0,0,OK
15/06/2026 04:34,20.1,71.4,0,291,WNW,4.8,0,13,0,0,OK
15/06/2026 04:35,20.1,71.5,0,291,WNW,4.8,0,13,0,0,OK
15/06/2026 04:36,20.1,71.6,3.2,353,N,4.8,0,13,0,0,OK
15/06/2026 04:37,20.1,71.6,1.6,280,W,4.8,0,13,0,0,OK
15/06/2026 04:38,20.1,71.9,1.6,268,W,4.8,0,13,0,0,OK
15/06/2026 04:39,20.1,71.9,0,268,W,4.8,0,13,0,0,OK
15/06/2026 04:40,20.1,71.9,1.6,281,W,4.8,0,13,0,0,OK
15/06/2026 04:41,20,72.1,0,322,NW,4.8,0,13,0,0,OK
15/06/2026 04:42,20.1,72.2,0,322,NW,4.8,0,13,0,0,OK
15/06/2026 04:43,20.1,72.2,0,304,WNW,4.8,0,13,0,0,OK
15/06/2026 04:44,20.1,72.4,0,304,WNW,4.8,0,13,0,0,OK
15/06/2026 04:45,20.1,72.4,0,304,WNW,4.8,0,13,0,0,OK
15/06/2026 04:46,20,72.5,0,301,WNW,4.8,0,13,0,0,OK
15/06/2026 04:47,20,72.7,1.6,272,W,3.2,0,13,0,0,OK
15/06/2026 04:48,20,72.7,6.4,270,W,6.4,0,13,0,0,OK
15/06/2026 04:49,20,72.8,3.2,302,WNW,6.4,0,13,0,0,OK
15/06/2026 04:50,20,72.9,0,302,WNW,6.4,0,13,0,0,OK
15/06/2026 04:51,20,73,0,298,WNW,6.4,0,13,0,0,OK
15/06/2026 04:52,20,73.1,1.6,296,WNW,6.4,0,13,0,0,OK
15/06/2026 04:53,20,73.2,3.2,282,WNW,6.4,0,13,0,0,OK
15/06/2026 04:54,20,73.2,3.2,277,W,6.4,0,13,0,0,OK
15/06/2026 04:55,20,73.2,3.2,311,NW,6.4,0,13,0,0,OK
15/06/2026 04:56,20,73.4,3.2,302,WNW,6.4,0,13,0,0,OK
15/06/2026 04:57,20,73.4,3.2,281,W,6.4,0,13,0,0,OK
15/06/2026 04:58,20,73.5,1.6,287,WNW,4.8,0,13,0,0,OK
15/06/2026 04:59,19.9,73.6,0,287,WNW,4.8,0,13,0,0,OK
15/06/2026 05:00,19.9,73.5,3.2,308,NW,4.8,0,13,0,0,OK
15/06/2026 05:01,19.9,73.6,3.2,292,WNW,4.8,0,13,0,0,OK
15/06/2026 05:02,19.9,73.6,4.8,306,NW,4.8,0,13,0,0,OK
15/06/2026 05:03,19.9,73.6,1.6,333,NNW,6.4,0,13,0,0,OK
15/06/2026 05:04,19.9,73.5,1.6,316,NW,6.4,0,13,0,0,OK
15/06/2026 05:05,19.9,73.6,3.2,304,WNW,6.4,0,13,0,0,OK
15/06/2026 05:06,19.9,73.9,3.2,308,NW,6.4,0,13,0,0,OK
15/06/2026 05:07,19.9,73.8,1.6,263,W,6.4,0,13,0,0,OK
15/06/2026 05:08,19.9,73.7,6.4,265,W,6.4,0,13,0,0,OK
15/06/2026 05:09,19.9,73.9,1.6,292,WNW,6.4,0,13,0,0,OK
15/06/2026 05:10,19.9,73.7,4.8,294,WNW,6.4,0,13,0,0,OK
15/06/2026 05:11,19.9,73.7,4.8,295,WNW,6.4,0,13,0,0,OK
15/06/2026 05:12,19.9,73.7,3.2,275,W,6.4,0,13,0,0,OK
15/06/2026 05:13,19.9,73.7,4.8,304,WNW,8,0,13,0,0,OK
15/06/2026 05:14,19.9,73.9,3.2,316,NW,8,0,13,0,0,OK
15/06/2026 05:15,19.8,73.9,4.8,291,WNW,8,0,13,0,0,OK
15/06/2026 05:16,19.9,73.9,1.6,304,WNW,8,0,13,0,0,OK
15/06/2026 05:17,19.8,74,4.8,271,W,8,0,13,0,0,OK
15/06/2026 05:18,19.9,74.1,1.6,326,NW,8,0,13,0,0,OK
15/06/2026 05:19,19.8,74.1,4.8,352,N,8,0,13,0,0,OK
15/06/2026 05:20,19.8,74.1,3.2,302,WNW,8,0,13,0,0,OK
15/06/2026 05:21,19.8,74.1,4.8,280,W,8,0,13,0,0,OK
15/06/2026 05:22,19.8,74.2,1.6,285,WNW,8,0,13,0,0,OK
15/06/2026 05:23,19.8,74.3,0,287,WNW,8,0,13,0,0,OK
15/06/2026 05:24,19.8,74.6,0,287,WNW,8,0,13,0,0,OK
15/06/2026 05:25,19.8,74.7,1.6,287,WNW,8,0,13,0,0,OK
15/06/2026 05:26,19.8,74.6,0,278,W,8,0,13,0,0,OK
15/06/2026 05:27,19.8,74.6,0,278,W,8,0,13,0,0,OK
15/06/2026 05:28,19.8,74.6,0,281,W,6.4,0,13,0,0,OK
15/06/2026 05:29,19.8,74.8,0,281,W,4.8,0,13,0,0,OK
15/06/2026 05:30,19.8,74.9,1.6,308,NW,6.4,0,13,0,0,OK
15/06/2026 05:31,19.7,75,1.6,287,WNW,6.4,0,13,0,0,OK
15/06/2026 05:32,19.7,75.1,0,287,WNW,6.4,0,13,0,0,OK
15/06/2026 05:33,19.6,75.2,3.2,320,NW,6.4,0,13,0,0,OK
15/06/2026 05:34,19.6,75,1.6,280,W,6.4,0,13,0,0,OK
15/06/2026 05:35,19.6,74.8,3.2,313,NW,6.4,0,13,0,0,OK
15/06/2026 05:36,19.6,75,4.8,281,W,6.4,0,13,0,0,OK
15/06/2026 05:37,19.6,74.9,3.2,285,WNW,6.4,0,13,0,0,OK
15/06/2026 05:38,19.6,75,1.6,285,WNW,6.4,0,13,0,0,OK
15/06/2026 05:39,19.5,74.7,0,267,W,6.4,0,13,0,0,OK
15/06/2026 05:40,19.6,74.7,1.6,285,WNW,4.8,0,13,0,0,OK
15/06/2026 05:41,19.5,74.6,1.6,305,NW,4.8,0,13,0,0,OK
15/06/2026 05:42,19.5,74.5,1.6,318,NW,6.4,0,13,0,0,OK
15/06/2026 05:43,19.5,74.7,3.2,281,W,6.4,0,13,0,1.8,OK
15/06/2026 05:44,19.5,74.4,1.6,285,WNW,6.4,0,13,0,1.8,OK
15/06/2026 05:45,19.5,74.5,3.2,278,W,6.4,0,13,0,1.8,OK
15/06/2026 05:46,19.5,74.5,3.2,270,W,6.4,0,13,0,1.8,OK
15/06/2026 05:47,19.5,74.6,1.6,270,W,6.4,0,13,0,1.8,OK
15/06/2026 05:48,19.4,74.4,1.6,287,WNW,6.4,0,13,0,1.8,OK
15/06/2026 05:49,19.5,74.6,1.6,287,WNW,6.4,0,13,0,1.8,OK
15/06/2026 05:50,19.5,74.6,0,287,WNW,6.4,0,13,0,1.8,OK
15/06/2026 05:51,19.5,74.7,0,287,WNW,4.8,0,13,0,1.8,OK
15/06/2026 05:52,19.4,74.8,1.6,287,WNW,4.8,0,13,0,1.8,OK
15/06/2026 05:53,19.4,74.8,1.6,287,WNW,4.8,0,13,0,1.8,OK
15/06/2026 05:54,19.4,74.8,1.6,287,WNW,3.2,0,13,0,1.8,OK
15/06/2026 05:55,19.4,74.9,1.6,287,WNW,3.2,0,13,0,3.5,OK
15/06/2026 05:56,19.4,75,3.2,287,WNW,3.2,0,13,0,3.5,OK
15/06/2026 05:57,19.4,74.9,1.6,287,WNW,3.2,0,13,0,3.5,OK
15/06/2026 05:58,19.4,75,1.6,287,WNW,3.2,0,13,0,3.5,OK
15/06/2026 05:59,19.4,75,1.6,287,WNW,3.2,0,13,0,3.5,OK
15/06/2026 06:00,19.4,75,1.6,287,WNW,3.2,0,13,0,3.5,OK
15/06/2026 06:01,19.4,75.1,0,287,WNW,3.2,0,13,0,5.3,OK
15/06/2026 06:02,19.4,75.1,3.2,287,WNW,3.2,0,13,0,5.3,OK
15/06/2026 06:03,19.4,75.3,3.2,302,WNW,3.2,0,13,0,5.3,OK
15/06/2026 06:04,19.3,75,3.2,304,WNW,4.8,0,13,0,5.3,OK
15/06/2026 06:05,19.3,75.2,1.6,304,WNW,4.8,0,13,0,5.3,OK
15/06/2026 06:06,19.3,75.2,3.2,304,WNW,4.8,0,13,0,7,OK
15/06/2026 06:07,19.3,75.2,1.6,301,WNW,4.8,0,13,0,7,OK
15/06/2026 06:08,19.3,75.3,1.6,301,WNW,4.8,0,13,0,7,OK
15/06/2026 06:09,19.3,75.3,3.2,301,WNW,4.8,0,13,0,7,OK
15/06/2026 06:10,19.4,75.4,0,298,WNW,4.8,0,13,0,7,OK
15/06/2026 06:11,19.3,75.3,1.6,298,WNW,4.8,0,13,0,7,OK
15/06/2026 06:12,19.3,75.4,1.6,278,W,4.8,0,13,0,8.8,OK
15/06/2026 06:13,19.4,75.5,3.2,301,WNW,4.8,0,13,0,8.8,OK
15/06/2026 06:14,19.3,75.5,1.6,299,WNW,4.8,0,13,0,8.8,OK
15/06/2026 06:15,19.3,75.6,1.6,263,W,4.8,0,13,0,8.8,OK
15/06/2026 06:16,19.3,75.7,3.2,285,WNW,3.2,0,13,0,10.5,OK
15/06/2026 06:17,19.3,75.9,4.8,271,W,6.4,0,13,0,10.5,OK
15/06/2026 06:18,19.4,75.9,6.4,295,WNW,6.4,0,13,0,12.3,OK
15/06/2026 06:19,19.3,76,6.4,298,WNW,6.4,0,13,0,12.3,OK
15/06/2026 06:20,19.3,76.1,3.2,274,W,8,0,13,0,12.3,OK
15/06/2026 06:21,19.3,76.2,4.8,309,NW,8,0,13,0,12.3,OK
15/06/2026 06:22,19.3,76.4,3.2,247,WSW,8,0,13,0,12.3,OK
15/06/2026 06:23,19.3,76.4,4.8,272,W,8,0,13,0,14.1,OK
15/06/2026 06:24,19.3,76.4,3.2,308,NW,8,0,13,0,15.8,OK
15/06/2026 06:25,19.3,76.5,4.8,282,WNW,8,0,13,0,15.8,OK
15/06/2026 06:26,19.3,76.6,4.8,292,WNW,8,0,13,0,17.6,OK
15/06/2026 06:27,19.3,76.8,3.2,261,W,8,0,13,0,21.1,OK
15/06/2026 06:28,19.2,76.8,4.8,302,WNW,8,0,13,0,22.9,OK
15/06/2026 06:29,19.3,76.9,4.8,277,W,8,0,13,0,28.1,OK
15/06/2026 06:30,19.2,76.9,4.8,306,NW,9.7,0,13,0,29.9,OK
15/06/2026 06:31,19.1,77,3.2,270,W,9.7,0,13,0,36.9,OK
15/06/2026 06:32,19.2,77,4.8,260,W,9.7,0,13,0,45.7,OK
15/06/2026 06:33,19.1,76.9,3.2,285,WNW,9.7,0,13,0,51,OK
15/06/2026 06:34,19.1,76.8,8,257,WSW,9.7,0,13,0,49.2,OK
15/06/2026 06:35,19.1,76.7,6.4,257,WSW,9.7,0,13,0,42.2,OK
15/06/2026 06:36,19.1,76.7,1.6,330,NNW,9.7,0,13,0,40.4,OK
15/06/2026 06:37,19.1,76.9,6.4,304,WNW,9.7,0,13,0,42.2,OK
15/06/2026 06:38,19.1,76.7,6.4,326,NW,9.7,0,13,0,42.2,OK
15/06/2026 06:39,19.1,76.9,4.8,301,WNW,9.7,0,13,0,43.9,OK
15/06/2026 06:40,19.1,76.8,3.2,291,WNW,9.7,0,13,0,45.7,OK
15/06/2026 06:41,19.1,76.8,6.4,285,WNW,9.7,0,13,0,47.5,OK
15/06/2026 06:42,19.1,76.7,4.8,285,WNW,9.7,0,13,0.3,70.3,OK
15/06/2026 06:43,19,76.8,11.3,292,WNW,9.7,0,13,0,54.5,OK
15/06/2026 06:44,19.1,76.4,4.8,261,W,11.3,0,13,0,51,OK
15/06/2026 06:45,19.1,76.4,1.6,275,W,11.3,0,13,0,54.5,OK
15/06/2026 06:46,19,76.4,1.6,312,NW,11.3,0,13,0.4,58,OK
15/06/2026 06:47,19.1,76.3,6.4,320,NW,11.3,0,13,0.4,54.5,OK
15/06/2026 06:48,19.1,76,3.2,309,NW,11.3,0,13,0,47.5,OK
15/06/2026 06:49,19.1,76,4.8,316,NW,11.3,0,13,0,43.9,OK
15/06/2026 06:50,19.1,76,4.8,332,NNW,11.3,0,13,0,43.9,OK
15/06/2026 06:51,19.1,75.9,4.8,309,NW,11.3,0,13,0,43.9,OK
15/06/2026 06:52,19.1,75.8,6.4,325,NW,11.3,0,13,0,52.7,OK
15/06/2026 06:53,19,75.7,3.2,329,NNW,9.7,0,13,0,54.5,OK
15/06/2026 06:54,19,75.7,1.6,285,WNW,9.7,0,13,0.4,59.8,OK
15/06/2026 06:55,19,76,0,356,N,9.7,0,13,0.5,61.5,OK
15/06/2026 06:56,19,76.1,0,292,WNW,9.7,0,13,0.5,61.5,OK
15/06/2026 06:57,19,76,1.6,284,WNW,9.7,0,13,0,54.5,OK
15/06/2026 06:58,19,76,3.2,288,WNW,9.7,0,13,0,45.7,OK
15/06/2026 06:59,19.1,76,3.2,296,WNW,9.7,0,13,0,45.7,OK
15/06/2026 07:00,19.1,76,1.6,278,W,9.7,0,13,0,47.5,OK
15/06/2026 07:01,19.1,76.2,0,280,W,8,0,13,0,47.5,OK
15/06/2026 07:02,19.1,76,3.2,292,WNW,8,0,13,0,49.2,OK
15/06/2026 07:03,19.1,75.8,4.8,268,W,8,0,13,0,51,OK
15/06/2026 07:04,19.1,75.6,1.6,299,WNW,8,0,13,0,54.5,OK
15/06/2026 07:05,19.1,75.8,4.8,274,W,8,0,13,0.6,56.3,OK
15/06/2026 07:06,19.1,75.6,4.8,309,NW,8,0,13,0.6,58,OK
15/06/2026 07:07,19.1,75.8,1.6,302,WNW,8,0,13,0.6,61.5,OK
15/06/2026 07:08,19.2,75.7,3.2,278,W,8,0,13,0.6,65,OK
15/06/2026 07:09,19.2,75.5,4.8,308,NW,9.7,0,13,0.6,68.6,OK
15/06/2026 07:10,19.2,75.5,4.8,292,WNW,9.7,0,13,0.6,80.9,OK
15/06/2026 07:11,19.2,75.5,3.2,301,WNW,9.7,0,13,0.7,89.7,OK
15/06/2026 07:12,19.3,75.5,6.4,277,W,9.7,0,13,0.7,98.4,OK
15/06/2026 07:13,19.3,75.8,3.2,285,WNW,9.7,0,13,0.7,117.8,OK
15/06/2026 07:14,19.3,75.8,4.8,285,WNW,9.7,0,13,0.7,110.7,OK
15/06/2026 07:15,19.3,75.6,1.6,264,W,9.7,0,13,0.7,117.8,OK
15/06/2026 07:16,19.4,75.7,3.2,274,W,9.7,0,13,0.8,121.3,OK
15/06/2026 07:17,19.4,75.7,4.8,271,W,9.7,0,13,0.8,128.3,OK
15/06/2026 07:18,19.4,75.4,4.8,285,WNW,8,0,13,0.8,131.8,OK
15/06/2026 07:19,19.4,75,4.8,332,NNW,8,0,13,0.8,138.9,OK
15/06/2026 07:20,19.5,75.1,3.2,315,NW,8,0,13,0.8,145.9,OK
15/06/2026 07:21,19.5,75,4.8,298,WNW,8,0,13,0.8,156.5,OK
15/06/2026 07:22,19.5,75,3.2,309,NW,8,0,13,0.9,165.2,OK
15/06/2026 07:23,19.6,75.2,1.6,316,NW,8,0,13,0.9,161.7,OK
15/06/2026 07:24,19.6,75.3,3.2,281,W,8,0,13,0.9,170.5,OK
15/06/2026 07:25,19.7,75.1,6.4,277,W,8,0,13,1,179.3,OK
15/06/2026 07:26,19.8,75,3.2,282,WNW,8,0,13,1,196.9,OK
15/06/2026 07:27,19.8,74.6,1.6,288,WNW,8,0,13,1,216.2,OK
15/06/2026 07:28,19.9,74.8,4.8,280,W,6.4,0,13,1,191.6,OK
15/06/2026 07:29,19.9,74.4,3.2,256,WSW,6.4,0,13,0.9,142.4,OK
15/06/2026 07:30,20,74.3,3.2,292,WNW,6.4,0,13,0.9,123.1,OK
15/06/2026 07:31,20,74.1,4.8,296,WNW,6.4,0,13,0.9,119.5,OK
15/06/2026 07:32,20,74.1,4.8,318,NW,6.4,0,13,0.9,123.1,OK
15/06/2026 07:33,20,74.1,3.2,313,NW,6.4,0,13,0.9,124.8,OK
15/06/2026 07:34,20,73.9,6.4,311,NW,6.4,0,13,1,128.3,OK
15/06/2026 07:35,20,73.6,3.2,316,NW,6.4,0,13,1,130.1,OK
15/06/2026 07:36,20.1,73.7,3.2,304,WNW,6.4,0,13,1,133.6,OK
15/06/2026 07:37,20.1,73.6,6.4,278,W,6.4,0,13,1,133.6,OK
15/06/2026 07:38,20.1,73.6,3.2,271,W,8,0,13,1,135.4,OK
15/06/2026 07:39,20.1,73.5,3.2,304,WNW,8,0,13,1,133.6,OK
15/06/2026 07:40,20.2,73.2,1.6,295,WNW,8,0,13,1,133.6,OK
15/06/2026 07:41,20.2,73.3,3.2,281,W,8,0,13,1,135.4,OK
15/06/2026 07:42,20.2,73,1.6,260,W,8,0,13,1.1,135.4,OK
15/06/2026 07:43,20.3,73.1,3.2,289,WNW,8,0,13,1.1,137.1,OK
15/06/2026 07:44,20.3,73.1,4.8,284,WNW,8,0,13,1.1,138.9,OK
15/06/2026 07:45,20.3,73,6.4,287,WNW,8,0,13,1.1,142.4,OK
15/06/2026 07:46,20.3,72.8,3.2,295,WNW,6.4,0,13,1.2,149.4,OK
15/06/2026 07:47,20.3,73.1,1.6,287,WNW,6.4,0,13,1.2,160,OK
15/06/2026 07:48,20.3,73.1,0,272,W,6.4,0,13,1.2,151.2,OK
15/06/2026 07:49,20.3,73,1.6,277,W,6.4,0,13,1.2,151.2,OK
15/06/2026 07:50,20.4,73.2,3.2,287,WNW,6.4,0,13,1.2,151.2,OK
15/06/2026 07:51,20.4,73,3.2,284,WNW,6.4,0,13,1.2,151.2,OK
15/06/2026 07:52,20.4,73.2,3.2,294,WNW,6.4,0,13,1.3,152.9,OK
15/06/2026 07:53,20.4,73.1,0,294,WNW,6.4,0,13,1.3,154.7,OK
15/06/2026 07:54,20.5,73,0,289,WNW,6.4,0,13,1.3,156.5,OK
15/06/2026 07:55,20.5,73,0,289,WNW,4.8,0,13,1.3,160,OK
15/06/2026 07:56,20.6,72.9,0,289,WNW,4.8,0,13,1.3,163.5,OK
15/06/2026 07:57,20.6,73,0,289,WNW,4.8,0,13,1.4,165.2,OK
15/06/2026 07:58,20.6,72.8,0,289,WNW,4.8,0,13,1.4,167,OK
15/06/2026 07:59,20.7,72.1,3.2,288,WNW,4.8,0,13,1.4,168.8,OK
15/06/2026 08:00,20.7,71.6,4.8,272,W,6.4,0,13,1.4,170.5,OK
15/06/2026 08:01,20.7,71.7,3.2,267,W,6.4,0,13,1.4,174,OK
15/06/2026 08:02,20.8,71.6,4.8,284,WNW,6.4,0,13,1.5,175.8,OK
15/06/2026 08:03,20.8,71.5,3.2,292,WNW,6.4,0,13,1.5,175.8,OK
15/06/2026 08:04,20.8,71.7,1.6,274,W,6.4,0,13,1.5,175.8,OK
15/06/2026 08:05,20.8,71.9,3.2,284,WNW,6.4,0,13,1.5,177.6,OK
15/06/2026 08:06,20.8,72.1,0,287,WNW,6.4,0,13,1.5,179.3,OK
15/06/2026 08:07,20.8,71.5,3.2,282,WNW,6.4,0,13,1.5,181.1,OK
15/06/2026 08:08,20.8,71.7,1.6,282,WNW,6.4,0,13,1.6,186.3,OK
15/06/2026 08:09,20.8,71.9,0,282,WNW,6.4,0,13,1.6,186.3,OK
15/06/2026 08:10,20.8,72.1,0,282,WNW,4.8,0,13,1.6,191.6,OK
15/06/2026 08:11,20.9,72.4,0,282,WNW,3.2,0,13,1.7,193.4,OK
15/06/2026 08:12,20.9,72.6,0,282,WNW,3.2,0,13,1.7,196.9,OK
15/06/2026 08:13,20.9,72.7,0,282,WNW,3.2,0,13,1.7,203.9,OK
15/06/2026 08:14,21,72,0,282,WNW,3.2,0,13,1.8,207.4,OK
15/06/2026 08:15,21.1,71.9,0,282,WNW,3.2,0,13,1.8,209.2,OK
15/06/2026 08:16,21.1,71.8,0,282,WNW,3.2,0,13,1.8,211,OK
15/06/2026 08:17,21.1,71.6,0,281,W,0,0,13,1.8,212.7,OK
15/06/2026 08:18,21.3,71.3,0,280,W,0,0,13,1.8,212.7,OK
15/06/2026 08:19,21.3,71.2,0,265,W,0,0,13,1.9,211,OK
15/06/2026 08:20,21.4,71.1,0,264,W,1.6,0,13,1.9,212.7,OK
15/06/2026 08:21,21.5,70.9,0,254,WSW,1.6,0,13,1.9,212.7,OK
15/06/2026 08:22,21.5,70.5,0,254,WSW,1.6,0,13,1.9,214.5,OK
15/06/2026 08:23,21.5,70.6,0,254,WSW,1.6,0,13,2,216.2,OK
15/06/2026 08:24,21.6,70.4,0,254,WSW,1.6,0,13,2,226.8,OK
15/06/2026 08:25,21.7,70.1,0,254,WSW,1.6,0,13,2.1,232,OK
15/06/2026 08:26,21.7,70.7,3.2,213,SSW,1.6,0,13,2.2,237.3,OK
15/06/2026 08:27,21.8,69.9,1.6,210,SSW,4.8,0,13,2.2,244.4,OK
15/06/2026 08:28,21.8,69.6,0,251,WSW,4.8,0,13,2.3,251.4,OK
15/06/2026 08:29,21.9,69.6,0,251,WSW,4.8,0,13,2.5,276,OK
15/06/2026 08:30,21.9,69.6,0,251,WSW,4.8,0,13,3,279.5,OK
15/06/2026 08:31,21.9,69.4,0,251,WSW,4.8,0,13,2.5,276,OK
15/06/2026 08:32,22,69.3,0,250,WSW,4.8,0,13,2.8,330.5,OK
15/06/2026 08:33,22,69.3,0,250,WSW,4.8,0,13,2.8,349.8,OK
15/06/2026 08:34,22.1,69.3,0,250,WSW,4.8,0,13,2.7,332.2,OK
15/06/2026 08:35,22.3,69.2,1.6,289,WNW,3.2,0,13,3.1,390.3,OK
15/06/2026 08:36,22.3,69.2,3.2,237,WSW,4.8,0,13,3.3,304.1,OK
15/06/2026 08:37,22.4,69.1,0,216,SW,4.8,0,13,2.7,288.3,OK
15/06/2026 08:38,22.4,69.2,1.6,185,S,4.8,0,13,3.1,374.4,OK
15/06/2026 08:39,22.4,69.2,1.6,236,SW,4.8,0,13,3,349.8,OK
15/06/2026 08:40,22.5,69.2,3.2,284,WNW,4.8,0,13,2.9,344.6,OK
15/06/2026 08:41,22.5,69.2,3.2,254,WSW,4.8,0,13,2.7,270.7,OK
15/06/2026 08:42,22.5,68.8,0,237,WSW,4.8,0,13,2.7,269,OK
15/06/2026 08:43,22.5,68.8,0,104,ESE,4.8,0,13,2.8,272.5,OK
15/06/2026 08:44,22.6,69,3.2,164,SSE,4.8,0,13,2.7,272.5,OK
15/06/2026 08:45,22.6,68.2,1.6,181,S,4.8,0,13,2.7,267.2,OK
15/06/2026 08:46,22.6,68.2,4.8,182,S,4.8,0,13,2.8,267.2,OK
15/06/2026 08:47,22.6,68.2,0,171,S,4.8,0,13,2.8,270.7,OK
15/06/2026 08:48,22.6,68.4,0,216,SW,4.8,0,13,2.9,276,OK
15/06/2026 08:49,22.6,68.3,0,202,SSW,4.8,0,13,3,283,OK
15/06/2026 08:50,22.6,68.2,0,202,SSW,4.8,0,13,3.1,300.6,OK
15/06/2026 08:51,22.7,68.2,1.6,216,SW,4.8,0,13,3.8,425.4,OK
15/06/2026 08:52,22.7,68.3,0,232,SW,4.8,0,13,3.6,385,OK
15/06/2026 08:53,22.8,68.6,1.6,234,SW,4.8,0,13,3.7,370.9,OK
15/06/2026 08:54,22.8,68.4,0,236,SW,4.8,0,13,3.4,327,OK
15/06/2026 08:55,22.8,68.6,0,220,SW,4.8,0,13,3.3,312.9,OK
15/06/2026 08:56,22.8,68.1,3.2,188,S,4.8,0,13,3.4,323.5,OK
15/06/2026 08:57,22.8,68.3,1.6,257,WSW,4.8,0,13,3.8,353.3,OK
15/06/2026 08:58,22.8,68.4,3.2,264,W,4.8,0,13,4.7,574.8,OK
15/06/2026 09:00,22.8,68.7,3.2,247,WSW,4.8,0,13,4.4,474.6,OK
15/06/2026 09:01,22.8,68.3,1.6,254,WSW,6.4,0,13,4.7,516.8,OK
15/06/2026 09:02,22.8,68.7,1.6,263,W,6.4,0,13,4.7,523.9,OK
15/06/2026 09:03,22.9,68.6,0,247,WSW,6.4,0,13,5.1,595.9,OK
15/06/2026 09:04,22.9,68.5,3.2,270,W,6.4,0,13,5.4,678.6,OK
15/06/2026 09:05,22.9,68.6,3.2,271,W,6.4,0,13,5.5,673.3,OK
15/06/2026 09:06,23,68.1,1.6,296,WNW,6.4,0,13,5.5,666.3,OK
15/06/2026 09:07,23,68.3,4.8,280,W,6.4,0,13,5.5,661,OK
15/06/2026 09:08,23.1,68.3,3.2,301,WNW,6.4,0,13,5.5,652.2,OK
15/06/2026 09:09,23.1,67.8,4.8,256,WSW,6.4,0,13,5.6,650.4,OK
15/06/2026 09:10,23.1,67.7,4.8,292,WNW,6.4,0,13,5.6,646.9,OK
15/06/2026 09:11,23.2,67.8,3.2,253,WSW,6.4,0,13,5.6,648.7,OK
15/06/2026 09:12,23.2,68,3.2,126,SE,6.4,0,13,5.7,646.9,OK
15/06/2026 09:13,23.3,67.6,6.4,169,S,8,0,13,5.7,646.9,OK
15/06/2026 09:14,23.4,67.4,3.2,169,S,8,0,13,5.8,645.2,OK
15/06/2026 09:15,23.4,67.6,0,198,SSW,8,0,13,5.8,641.6,OK
15/06/2026 09:16,23.5,67.1,0,143,SE,8,0,13,5.8,636.4,OK
15/06/2026 09:17,23.6,66.5,0,137,SE,8,0,13,5.8,625.8,OK
15/06/2026 09:18,23.7,66.2,0,137,SE,8,0,13,5.8,618.8,OK
15/06/2026 09:19,23.9,66.3,0,137,SE,8,0,13,5.8,611.8,OK
15/06/2026 09:20,23.9,65.8,0,160,SSE,8,0,13,5.9,611.8,OK
15/06/2026 09:21,24.1,65.5,1.6,233,SW,8,0,13,5.9,610,OK
15/06/2026 09:22,24.3,64.6,4.8,184,S,6.4,0,13,5.9,608.2,OK
15/06/2026 09:23,24.4,63.4,3.2,192,SSW,6.4,0,13,5.9,606.5,OK
15/06/2026 09:24,24.5,62.5,3.2,222,SW,6.4,0,13,5.8,601.2,OK
15/06/2026 09:25,24.5,62.1,0,227,SW,6.4,0,13,6,606.5,OK
15/06/2026 09:26,24.6,61,0,198,SSW,6.4,0,13,6,606.5,OK
15/06/2026 09:27,24.8,61,0,151,SSE,6.4,0,13,6,604.7,OK
15/06/2026 09:28,24.8,61.6,0,250,WSW,6.4,0,13,6,599.5,OK
15/06/2026 09:29,25,60.5,1.6,284,WNW,6.4,0,13,6,590.7,OK
15/06/2026 09:30,25.1,59.2,3.2,274,W,6.4,0,13,6,588.9,OK
15/06/2026 09:31,25.1,58.6,0,265,W,6.4,0,13,6,583.6,OK
15/06/2026 09:32,25.2,57.7,6.4,248,WSW,6.4,0,13,6.1,590.7,OK
15/06/2026 09:33,25.3,57.3,4.8,246,WSW,6.4,0,13,6.2,594.2,OK
15/06/2026 09:34,25.3,55.9,4.8,248,WSW,6.4,0,13,6.1,587.2,OK
15/06/2026 09:35,25.3,55.7,3.2,226,SW,8,0,13,6.2,594.2,OK
15/06/2026 09:36,25.2,56.5,1.6,265,W,8,0,13,6.2,595.9,OK
15/06/2026 09:37,25.1,57.7,0,137,SE,8,0,13,6.3,599.5,OK
15/06/2026 09:38,25.2,58.1,0,137,SE,8,0,13,6.3,597.7,OK
15/06/2026 09:39,25.3,57.2,1.6,208,SSW,8,0,13,6.3,594.2,OK
15/06/2026 09:40,25.3,56.5,4.8,174,S,8,0,13,6.3,601.2,OK
15/06/2026 09:41,25.3,53.8,6.4,182,S,8,0,13,6.5,606.5,OK
15/06/2026 09:42,25.3,54.2,3.2,246,WSW,8,0,13,6.5,604.7,OK
15/06/2026 09:43,25.4,53.9,6.4,160,SSE,8,0,13,6.5,603,OK
15/06/2026 09:44,25.4,54.4,3.2,232,SW,8,0,13,6.6,608.2,OK
15/06/2026 09:45,25.4,54.3,11.3,144,SE,8,0,13,6.6,611.8,OK
15/06/2026 09:46,25.4,51.1,6.4,191,S,11.3,0,13,6.7,620.6,OK
15/06/2026 09:47,25.4,52.9,6.4,172,S,11.3,0,13,6.8,622.3,OK
15/06/2026 09:48,25.5,48.3,6.4,169,S,11.3,0,13,6.8,624.1,OK
15/06/2026 09:49,25.5,48.1,3.2,212,SSW,11.3,0,13,6.8,620.6,OK
15/06/2026 09:50,25.5,47.5,1.6,203,SSW,11.3,0,13,6.9,627.6,OK
15/06/2026 09:51,25.5,47.5,4.8,198,SSW,11.3,0,13,7,632.9,OK
15/06/2026 09:52,25.6,47.5,3.2,174,S,11.3,0,13,7,634.6,OK
15/06/2026 09:53,25.6,47.5,3.2,167,SSE,11.3,0,13,7.1,634.6,OK
15/06/2026 09:54,25.6,48.2,1.6,261,W,11.3,0,13,7.1,639.9,OK
15/06/2026 09:55,25.7,46.2,8,261,W,11.3,0,13,7.1,638.1,OK
15/06/2026 09:56,25.8,45.7,6.4,248,WSW,9.7,0,13,7.2,638.1,OK
15/06/2026 09:57,25.8,45.7,8,215,SW,9.7,0,13,7.2,641.6,OK
15/06/2026 09:58,25.8,47.9,1.6,251,WSW,9.7,0,13,7.3,648.7,OK
15/06/2026 09:59,25.8,48,1.6,234,SW,9.7,0,13,7.3,646.9,OK
15/06/2026 10:00,25.8,47.3,6.4,224,SW,9.7,0,13,7.4,646.9,OK
15/06/2026 10:01,25.8,47.1,8,226,SW,9.7,0,13,7.4,650.4,OK
15/06/2026 10:02,25.8,47.2,4.8,223,SW,9.7,0,13,7.5,654,OK
15/06/2026 10:03,25.8,47.1,1.6,260,W,9.7,0,13,7.5,657.5,OK
15/06/2026 10:04,25.8,47.7,4.8,226,SW,9.7,0,13,7.6,657.5,OK
15/06/2026 10:05,25.8,48.8,6.4,251,WSW,9.7,0,13,7.7,662.7,OK
15/06/2026 10:06,25.8,50,6.4,241,WSW,9.7,0,13,7.7,662.7,OK
15/06/2026 10:07,25.8,48.5,9.7,244,WSW,11.3,0,13,7.8,668,OK
15/06/2026 10:08,25.8,49.2,6.4,226,SW,11.3,0,13,7.8,669.8,OK
15/06/2026 10:09,25.8,49,6.4,236,SW,11.3,0,13,7.8,671.5,OK
15/06/2026 10:10,25.7,49.9,3.2,223,SW,11.3,0,13,7.9,671.5,OK
15/06/2026 10:11,25.7,50.2,0,305,NW,11.3,0,13,7.9,673.3,OK
15/06/2026 10:12,25.8,50.7,9.7,184,S,11.3,0,13,7.9,673.3,OK
15/06/2026 10:13,25.8,50.3,8,202,SSW,11.3,0,13,8,678.6,OK
15/06/2026 10:14,25.8,49.7,6.4,200,SSW,12.9,0,13,8,680.3,OK
15/06/2026 10:15,25.8,49.1,3.2,178,S,12.9,0,13,8.1,683.8,OK
15/06/2026 10:16,25.9,48.1,8,222,SW,12.9,0,13,8.1,683.8,OK
15/06/2026 10:17,26,48.7,4.8,184,S,12.9,0,13,8.2,687.4,OK
15/06/2026 10:18,26,47.4,11.3,200,SSW,12.9,0,13,8.2,687.4,OK
15/06/2026 10:19,26,47.8,4.8,206,SSW,12.9,0,13,8.3,687.4,OK
15/06/2026 10:20,26.1,47.6,8,229,SW,12.9,0,13,8.3,694.4,OK
15/06/2026 10:21,26.1,48.6,4.8,185,S,12.9,0,13,8.4,697.9,OK
15/06/2026 10:22,26.1,48.2,3.2,130,SE,12.9,0,13,8.4,699.7,OK
15/06/2026 10:23,26.1,46.8,4.8,165,SSE,12.9,0,13,8.4,699.7,OK
15/06/2026 10:24,26.1,48.2,9.7,246,WSW,12.9,0,13,8.4,701.4,OK
15/06/2026 10:25,26.1,48.8,4.8,217,SW,12.9,0,13,8.5,703.2,OK
15/06/2026 10:26,26,50.3,6.4,168,SSE,12.9,0,13,8.5,706.7,OK
15/06/2026 10:27,26,51,3.2,254,WSW,12.9,0,13,8.6,708.4,OK
15/06/2026 10:28,26,50.8,3.2,268,W,11.3,0,13,8.6,708.4,OK
15/06/2026 10:29,26,50.3,1.6,189,S,11.3,0,13,8.6,710.2,OK
15/06/2026 10:30,26,50.1,6.4,198,SSW,11.3,0,13,8.7,713.7,OK
15/06/2026 10:31,26,49.2,3.2,200,SSW,11.3,0,13,8.8,717.2,OK
15/06/2026 10:32,26.1,49.3,4.8,213,SSW,11.3,0,13,8.8,719,OK
15/06/2026 10:33,26.2,49.7,3.2,251,WSW,11.3,0,13,8.9,722.5,OK
15/06/2026 10:34,26.3,49.2,1.6,232,SW,9.7,0,13,8.9,722.5,OK
15/06/2026 10:35,26.3,49.6,3.2,230,SW,8,0,13,9,724.3,OK
15/06/2026 10:36,26.3,48.3,11.3,202,SSW,11.3,0,13,9,724.3,OK
15/06/2026 10:37,26.4,48.2,3.2,223,SW,11.3,0,13,9,729.5,OK
15/06/2026 10:38,26.4,48.8,3.2,233,SW,11.3,0,13,9.1,731.3,OK
15/06/2026 10:39,26.5,48.7,6.4,168,SSE,11.3,0,13,9.2,733.1,OK
15/06/2026 10:40,26.5,48.7,3.2,319,NW,11.3,0,13,9.2,733.1,OK
15/06/2026 10:41,26.6,48.5,4.8,220,SW,14.5,0,13,9.2,733.1,OK
15/06/2026 10:42,26.7,48.6,9.7,219,SW,14.5,0,13,9.3,736.6,OK
15/06/2026 10:43,26.7,47.2,8,217,SW,14.5,0,13,9.4,741.8,OK
15/06/2026 10:44,26.7,47.3,4.8,175,S,14.5,0,13,9.4,743.6,OK
15/06/2026 10:45,26.7,47.3,4.8,216,SW,14.5,0,13,9.4,743.6,OK
15/06/2026 10:46,26.7,46.9,3.2,244,WSW,14.5,0,13,9.4,745.4,OK
15/06/2026 10:47,26.7,48.1,11.3,199,SSW,14.5,0,13,9.5,745.4,OK
15/06/2026 10:48,26.7,48.4,4.8,227,SW,14.5,0,13,9.5,745.4,OK
15/06/2026 10:49,26.6,49.2,3.2,234,SW,14.5,0,13,9.5,747.1,OK
15/06/2026 10:50,26.8,49.8,9.7,203,SSW,12.9,0,13,9.6,750.6,OK
15/06/2026 10:51,26.8,48.6,12.9,167,SSE,12.9,0,13,9.7,754.2,OK
15/06/2026 10:52,26.8,47.1,6.4,227,SW,12.9,0,13,9.7,757.7,OK
15/06/2026 10:53,26.8,47.6,1.6,186,S,12.9,0,13,9.7,757.7,OK
15/06/2026 10:54,26.8,47.9,6.4,291,WNW,12.9,0,13,9.8,761.2,OK
15/06/2026 10:55,26.9,47.7,4.8,175,S,12.9,0,13,9.8,759.4,OK
15/06/2026 10:56,26.9,47.6,1.6,296,WNW,12.9,0,13,9.8,762.9,OK
15/06/2026 10:57,27,48.2,4.8,178,S,12.9,0,13,9.9,761.2,OK
15/06/2026 10:58,27.1,47.8,6.4,179,S,12.9,0,13,9.9,764.7,OK
15/06/2026 10:59,27.1,47.5,3.2,222,SW,12.9,0,13,10,766.5,OK
15/06/2026 11:00,27.1,48.6,3.2,164,SSE,12.9,0,13,10,766.5,OK
15/06/2026 11:01,27.2,47.6,3.2,216,SW,11.3,0,13,10.1,771.7,OK
15/06/2026 11:02,27.3,46.7,6.4,311,NW,11.3,0,13,10.1,771.7,OK
15/06/2026 11:03,27.2,46.2,6.4,188,S,11.3,0,13,10.1,771.7,OK
15/06/2026 11:04,27.2,47.6,1.6,193,SSW,11.3,0,13,10.1,771.7,OK
15/06/2026 11:05,27.2,47.2,6.4,246,WSW,11.3,0,13,10.2,777,OK
15/06/2026 11:06,27.2,47.4,0,196,SSW,11.3,0,13,10.2,778.8,OK
15/06/2026 11:07,27.2,47.9,6.4,247,WSW,11.3,0,13,10.3,780.5,OK
15/06/2026 11:08,27.2,47.6,4.8,206,SSW,11.3,0,13,10.4,785.8,OK
15/06/2026 11:09,27.3,48.5,1.6,193,SSW,11.3,0,13,10.4,787.6,OK
15/06/2026 11:10,27.3,47.7,6.4,186,S,11.3,0,13,10.4,785.8,OK
15/06/2026 11:11,27.4,47.9,4.8,212,SSW,11.3,0,13,10.5,787.6,OK
15/06/2026 11:12,27.4,45.3,1.6,164,SSE,11.3,0,13,10.4,787.6,OK
15/06/2026 11:13,27.5,46.2,4.8,202,SSW,11.3,0,13,10.5,789.3,OK
15/06/2026 11:14,27.5,46,9.7,181,S,12.9,0,13,10.5,791.1,OK
15/06/2026 11:15,27.5,44.3,6.4,179,S,12.9,0,13,10.5,794.6,OK
15/06/2026 11:16,27.5,45.8,4.8,208,SSW,12.9,0,13,10.6,798.1,OK
15/06/2026 11:17,27.5,45.1,3.2,230,SW,12.9,0,13,10.6,798.1,OK
15/06/2026 11:18,27.5,45.1,8,237,WSW,12.9,0,13,10.6,796.3,OK
15/06/2026 11:19,27.5,44.4,3.2,223,SW,12.9,0,13,10.7,798.1,OK
15/06/2026 11:20,27.5,45.4,8,217,SW,12.9,0,13,10.7,798.1,OK
15/06/2026 11:21,27.5,43.5,4.8,230,SW,12.9,0,13,10.8,799.9,OK
15/06/2026 11:22,27.5,43.9,8,304,WNW,12.9,0,13,10.8,805.1,OK
15/06/2026 11:23,27.5,44.1,3.2,213,SSW,11.3,0,13,10.7,801.6,OK
15/06/2026 11:24,27.5,44.1,6.4,171,S,11.3,0,13,10.8,803.4,OK
15/06/2026 11:25,27.6,44.3,1.6,219,SW,11.3,0,13,10.8,805.1,OK
15/06/2026 11:26,27.7,43.2,3.2,227,SW,11.3,0,13,10.9,808.7,OK
15/06/2026 11:27,27.8,44.1,3.2,150,SSE,11.3,0,13,10.9,808.7,OK
15/06/2026 11:28,27.9,44.2,4.8,246,WSW,11.3,0,13,10.9,806.9,OK
15/06/2026 11:29,27.9,45,3.2,243,WSW,11.3,0,13,10.9,808.7,OK
15/06/2026 11:30,28,44.8,8,158,SSE,9.7,0,13,11,810.4,OK
15/06/2026 11:31,28,44.3,6.4,240,WSW,9.7,0,13,11,813.9,OK
15/06/2026 11:32,28.1,43,3.2,232,SW,12.9,0,13,11.1,815.7,OK
15/06/2026 11:33,28.1,41.5,8,192,SSW,12.9,0,13,11.1,819.2,OK
15/06/2026 11:34,28.1,41.1,0,168,SSE,12.9,0,13,11.2,821,OK
15/06/2026 11:35,28.1,41.5,4.8,123,ESE,12.9,0,13,11.2,822.7,OK
15/06/2026 11:36,28.2,42.4,3.2,240,WSW,12.9,0,13,11.2,819.2,OK
15/06/2026 11:37,28.3,42.2,1.6,229,SW,12.9,0,13,11.2,819.2,OK
15/06/2026 11:38,28.3,40.9,1.6,229,SW,12.9,0,13,11.1,815.7,OK
15/06/2026 11:39,28.3,41.8,6.4,229,SW,12.9,0,13,11.1,817.4,OK
15/06/2026 11:40,28.3,42.3,4.8,178,S,12.9,0,13,11.2,821,OK
15/06/2026 11:41,28.3,41.6,6.4,174,S,9.7,0,13,11.3,826.2,OK
15/06/2026 11:42,28.3,42.1,9.7,220,SW,9.7,0,13,11.4,829.7,OK
15/06/2026 11:43,28.3,42,1.6,181,S,12.9,0,13,11.3,829.7,OK
15/06/2026 11:44,28.3,41.9,6.4,237,WSW,12.9,0,13,11.3,828,OK
15/06/2026 11:45,28.3,42.1,9.7,236,SW,12.9,0,13,11.3,826.2,OK
15/06/2026 11:46,28.3,41,4.8,229,SW,12.9,0,13,11.3,828,OK
15/06/2026 11:47,28.3,39.8,6.4,248,WSW,12.9,0,13,11.4,829.7,OK
15/06/2026 11:48,28.3,39.7,4.8,222,SW,12.9,0,13,11.4,829.7,OK
15/06/2026 11:49,28.2,40.9,1.6,230,SW,12.9,0,13,11.4,831.5,OK
15/06/2026 11:50,28.3,39.9,4.8,247,WSW,12.9,0,13,11.4,829.7,OK
15/06/2026 11:51,28.3,40.5,4.8,230,SW,12.9,0,13,11.5,829.7,OK
15/06/2026 11:52,28.4,41.7,3.2,323,NW,12.9,0,13,11.5,836.8,OK
15/06/2026 11:53,28.3,42.1,0,244,WSW,12.9,0,13,11.5,833.3,OK
15/06/2026 11:54,28.4,41.3,6.4,284,WNW,11.3,0,13,11.5,829.7,OK
15/06/2026 11:55,28.4,42.2,4.8,155,SSE,11.3,0,13,11.6,835,OK
15/06/2026 11:56,28.5,40.9,6.4,222,SW,11.3,0,13,11.6,838.5,OK
15/06/2026 11:57,28.5,40.3,4.8,233,SW,11.3,0,13,11.6,836.8,OK
15/06/2026 11:58,28.5,40.4,11.3,224,SW,11.3,0,13,11.7,840.3,OK
15/06/2026 11:59,28.5,38.6,4.8,210,SSW,12.9,0,13,11.7,840.3,OK
15/06/2026 12:00,28.5,40.3,6.4,244,WSW,12.9,0,13,11.7,840.3,OK
15/06/2026 12:01,28.4,39.8,4.8,271,W,12.9,0,13,11.7,842.1,OK
15/06/2026 12:02,28.4,42.1,4.8,284,WNW,12.9,0,13,11.7,842.1,OK
15/06/2026 12:03,28.4,41.4,8,198,SSW,12.9,0,13,11.8,843.8,OK
15/06/2026 12:04,28.4,39.6,3.2,168,SSE,12.9,0,13,11.7,845.6,OK
15/06/2026 12:05,28.4,42.4,6.4,258,WSW,12.9,0,13,11.7,842.1,OK
15/06/2026 12:06,28.5,38.4,0,232,SW,12.9,0,13,11.8,843.8,OK
15/06/2026 12:07,28.5,38.7,0,232,SW,11.3,0,13,11.8,847.3,OK
15/06/2026 12:08,28.6,39.1,1.6,212,SSW,11.3,0,13,11.8,843.8,OK
15/06/2026 12:09,28.6,38.4,1.6,246,WSW,11.3,0,13,11.8,842.1,OK
15/06/2026 12:10,28.8,39.5,0,248,WSW,11.3,0,13,11.8,840.3,OK
15/06/2026 12:11,28.8,40.4,4.8,203,SSW,9.7,0,13,11.8,840.3,OK
15/06/2026 12:12,28.8,40.4,9.7,217,SW,12.9,0,13,11.8,840.3,OK
15/06/2026 12:13,28.9,40.4,6.4,178,S,12.9,0,13,11.8,840.3,OK
15/06/2026 12:14,28.9,41,4.8,230,SW,12.9,0,13,11.7,840.3,OK
15/06/2026 12:15,28.9,41.3,4.8,188,S,12.9,0,13,11.8,849.1,OK
15/06/2026 12:16,28.9,41,4.8,175,S,12.9,0,13,11.8,845.6,OK
15/06/2026 12:17,29,40.2,6.4,188,S,12.9,0,13,11.8,845.6,OK
15/06/2026 12:18,29,39.4,3.2,175,S,12.9,0,13,11.8,845.6,OK
15/06/2026 12:19,29,39.4,3.2,175,S,12.9,0,13,11.8,845.6,OK
15/06/2026 12:20,29,39.4,3.2,175,S,12.9,0,13,11.8,845.6,OK
15/06/2026 12:21,29,39.4,3.2,175,S,12.9,0,13,11.8,845.6,OK
15/06/2026 12:22,29,39.4,3.2,175,S,12.9,0,13,11.8,845.6,OK
15/06/2026 12:23,29,39,4.8,210,SSW,9.7,0,13,11.8,849.1,OK
15/06/2026 12:24,29,39.4,4.8,151,SSE,8,0,13,11.8,847.3,OK
15/06/2026 12:25,29.1,39.6,1.6,200,SSW,8,0,13,11.8,847.3,OK
15/06/2026 12:26,29.2,39.5,3.2,175,S,9.7,0,13,11.9,849.1,OK
15/06/2026 12:27,29.3,38.6,4.8,264,W,9.7,0,13,11.9,849.1,OK
15/06/2026 12:28,29.4,38.9,9.7,236,SW,9.7,0,13,11.9,852.6,OK
15/06/2026 12:29,29.4,38.7,3.2,229,SW,9.7,0,13,11.9,852.6,OK
15/06/2026 12:30,29.4,37.3,8,144,SE,9.7,0,13,11.9,852.6,OK
15/06/2026 12:31,29.4,37,1.6,134,SE,9.7,0,13,11.9,852.6,OK
15/06/2026 12:32,29.4,37.4,8,99,E,9.7,0,13,11.9,854.4,OK
15/06/2026 12:33,29.3,37.3,3.2,160,SSE,9.7,0,13,11.9,852.6,OK
15/06/2026 12:34,29.3,37.3,1.6,309,NW,9.7,0,13,11.9,852.6,OK
15/06/2026 12:35,29.4,37.6,8,200,SSW,9.7,0,13,11.9,854.4,OK
15/06/2026 12:36,29.4,37.3,1.6,227,SW,9.7,0,13,11.9,854.4,OK
15/06/2026 12:37,29.4,37.5,3.2,244,WSW,9.7,0,13,11.9,856.1,OK
15/06/2026 12:38,29.4,38.4,6.4,256,WSW,9.7,0,13,12,856.1,OK
15/06/2026 12:39,29.3,36.5,1.6,265,W,9.7,0,13,11.9,852.6,OK
15/06/2026 12:40,29.3,37.3,1.6,281,W,9.7,0,13,11.9,849.1,OK
15/06/2026 12:41,29.3,36.2,1.6,294,WNW,9.7,0,13,11.9,849.1,OK
15/06/2026 12:42,29.4,36.7,8,184,S,9.7,0,13,11.9,849.1,OK
15/06/2026 12:43,29.4,38.2,6.4,217,SW,9.7,0,13,11.9,849.1,OK
15/06/2026 12:44,29.5,38.5,3.2,205,SSW,9.7,0,13,11.8,849.1,OK
15/06/2026 12:45,29.5,38.3,3.2,184,S,9.7,0,13,11.8,847.3,OK
15/06/2026 12:46,29.6,39,1.6,174,S,9.7,0,13,11.8,849.1,OK
15/06/2026 12:47,29.6,37.7,6.4,217,SW,9.7,0,13,11.8,852.6,OK
15/06/2026 12:48,29.6,38.5,4.8,185,S,9.7,0,13,11.9,852.6,OK
15/06/2026 12:49,29.6,39.2,4.8,189,S,9.7,0,13,11.8,852.6,OK
15/06/2026 12:50,29.7,37.9,9.7,186,S,9.7,0,13,11.8,852.6,OK
15/06/2026 12:51,29.6,37.3,3.2,244,WSW,11.3,0,13,11.8,854.4,OK
15/06/2026 12:52,29.6,37,0,296,WNW,11.3,0,13,11.8,854.4,OK
15/06/2026 12:53,29.6,37.7,1.6,97,E,11.3,0,13,11.8,850.8,OK
15/06/2026 12:54,29.7,38.2,8,209,SSW,11.3,0,13,11.8,852.6,OK
15/06/2026 12:55,29.7,38.1,3.2,213,SSW,11.3,0,13,11.8,854.4,OK
15/06/2026 12:56,29.7,38.9,11.3,167,SSE,11.3,0,13,11.8,854.4,OK
15/06/2026 12:57,29.7,38.8,8,181,S,11.3,0,13,11.8,854.4,OK
15/06/2026 12:58,29.7,39.3,3.2,212,SSW,11.3,0,13,11.7,850.8,OK
15/06/2026 12:59,29.8,39.1,1.6,254,WSW,11.3,0,13,11.7,852.6,OK
15/06/2026 13:00,29.7,39.6,1.6,244,WSW,11.3,0,13,11.7,854.4,OK
15/06/2026 13:01,29.7,39,3.2,311,NW,11.3,0,13,11.6,849.1,OK
15/06/2026 13:02,29.7,37.9,0,257,WSW,11.3,0,13,11.6,849.1,OK
15/06/2026 13:03,29.8,38.9,0,325,NW,11.3,0,13,11.7,845.6,OK
15/06/2026 13:04,29.8,38.5,3.2,188,S,11.3,0,13,11.7,849.1,OK
15/06/2026 13:05,29.8,39.1,6.4,209,SSW,11.3,0,13,11.7,847.3,OK
15/06/2026 13:06,29.9,37.1,6.4,157,SSE,11.3,0,13,11.6,845.6,OK
15/06/2026 13:07,29.9,37.9,8,212,SSW,9.7,0,13,11.6,842.1,OK
15/06/2026 13:08,30,38.1,1.6,253,WSW,11.3,0,13,11.6,847.3,OK
15/06/2026 13:09,30,38.5,3.2,240,WSW,11.3,0,13,11.6,849.1,OK
15/06/2026 13:10,30,38.2,6.4,174,S,11.3,0,13,11.6,849.1,OK
15/06/2026 13:11,30.1,36.7,11.3,237,WSW,11.3,0,13,11.6,850.8,OK
15/06/2026 13:12,30.1,35.5,8,181,S,11.3,0,13,11.7,857.9,OK
15/06/2026 13:13,30.1,35.8,4.8,188,S,11.3,0,13,11.5,829.7,OK
15/06/2026 13:14,30.1,36.2,3.2,93,E,11.3,0,13,11.4,819.2,OK
15/06/2026 13:15,30.2,36.4,1.6,189,S,11.3,0,13,11.3,819.2,OK
15/06/2026 13:16,30.3,36.9,0,114,ESE,11.3,0,13,11.1,821,OK
15/06/2026 13:17,30.3,36.6,6.4,223,SW,11.3,0,13,11.2,840.3,OK
15/06/2026 13:18,30.3,34.8,6.4,196,SSW,12.9,0,13,11.3,840.3,OK
15/06/2026 13:19,30.3,35.2,8,244,WSW,12.9,0,13,11.3,842.1,OK
15/06/2026 13:20,30.3,36.3,8,236,SW,14.5,0,13,11.3,838.5,OK
15/06/2026 13:21,30.3,33.9,4.8,205,SSW,14.5,0,13,11.3,840.3,OK
15/06/2026 13:22,30.3,34.1,8,198,SSW,14.5,0,13,11.3,840.3,OK
15/06/2026 13:23,30.3,34.5,8,168,SSE,14.5,0,13,11.3,842.1,OK
15/06/2026 13:24,30.2,32.9,8,99,E,14.5,0,13,11.2,836.8,OK
15/06/2026 13:25,30.2,32.2,8,154,SSE,14.5,0,13,11.2,836.8,OK
15/06/2026 13:26,30.2,32.1,4.8,198,SSW,14.5,0,13,11.2,838.5,OK
15/06/2026 13:27,30.3,34.2,4.8,102,ESE,14.5,0,13,11.1,835,OK
15/06/2026 13:28,30.3,34.4,4.8,148,SSE,11.3,0,13,11.1,836.8,OK
15/06/2026 13:29,30.3,34.2,0,134,SE,9.7,0,13,11,831.5,OK
15/06/2026 13:30,30.3,35.2,4.8,128,SE,9.7,0,13,11,831.5,OK
15/06/2026 13:31,30.4,35.3,9.7,178,S,9.7,0,13,11,829.7,OK
15/06/2026 13:32,30.3,34.9,9.7,150,SSE,9.7,0,13,10.9,826.2,OK
15/06/2026 13:33,30.3,34.7,9.7,301,WNW,12.9,0,13,11,831.5,OK
15/06/2026 13:34,30.3,33.7,3.2,233,SW,12.9,0,13,11,833.3,OK
15/06/2026 13:35,30.4,33.2,6.4,210,SSW,12.9,0,13,11.1,843.8,OK
15/06/2026 13:36,30.4,32.2,12.9,234,SW,12.9,0,13,11.1,843.8,OK
15/06/2026 13:37,30.4,30.1,6.4,151,SSE,12.9,0,13,11,842.1,OK
15/06/2026 13:38,30.4,29.5,3.2,171,S,12.9,0,13,11,840.3,OK
15/06/2026 13:39,30.4,27.9,1.6,233,SW,12.9,0,13,10.9,813.9,OK
15/06/2026 13:40,30.5,30.7,4.8,205,SSW,12.9,0,13,10.9,798.1,OK
15/06/2026 13:41,30.6,31.6,1.6,215,SW,12.9,0,13,10.8,801.6,OK
15/06/2026 13:42,30.6,32.2,1.6,234,SW,12.9,0,13,10.5,828,OK
15/06/2026 13:43,30.8,32.4,11.3,216,SW,12.9,0,13,10.6,833.3,OK
15/06/2026 13:44,30.8,29.3,8,220,SW,14.5,0,13,10.8,831.5,OK
15/06/2026 13:45,30.8,29.7,3.2,124,SE,14.5,0,13,10.8,831.5,OK
15/06/2026 13:46,30.8,32.1,9.7,193,SSW,14.5,0,13,10.7,829.7,OK
15/06/2026 13:47,30.8,32.5,4.8,174,S,14.5,0,13,10.7,828,OK
15/06/2026 13:48,30.8,33.5,3.2,160,SSE,14.5,0,13,10.6,824.5,OK
15/06/2026 13:49,30.8,33.7,3.2,239,WSW,14.5,0,13,10.6,822.7,OK
15/06/2026 13:50,30.8,34.5,6.4,216,SW,14.5,0,13,10.6,824.5,OK
15/06/2026 13:51,30.7,35.7,3.2,248,WSW,14.5,0,13,10.6,824.5,OK
15/06/2026 13:52,30.7,34.9,4.8,200,SSW,14.5,0,13,10.5,822.7,OK
15/06/2026 13:53,30.7,34.7,1.6,185,S,12.9,0,13,10.4,817.4,OK
15/06/2026 13:54,30.7,35,3.2,179,S,12.9,0,13,10.4,815.7,OK
15/06/2026 13:55,30.8,35.9,6.4,306,NW,12.9,0,13,10.3,815.7,OK
15/06/2026 13:56,30.8,35,4.8,199,SSW,12.9,0,13,10.3,815.7,OK
15/06/2026 13:57,30.8,34.8,3.2,213,SSW,12.9,0,13,10.3,815.7,OK
15/06/2026 13:58,30.8,35,3.2,119,ESE,12.9,0,13,10.3,817.4,OK
15/06/2026 13:59,30.8,34.2,6.4,174,S,12.9,0,13,10.3,819.2,OK
15/06/2026 14:00,30.8,34.4,4.8,136,SE,12.9,0,13,10.3,821,OK
15/06/2026 14:01,30.9,35,3.2,168,SSE,12.9,0,13,10.2,821,OK
15/06/2026 14:02,30.9,35.5,1.6,234,SW,12.9,0,13,10.2,819.2,OK
15/06/2026 14:03,31,34.7,3.2,243,WSW,12.9,0,13,10.2,821,OK
15/06/2026 14:04,31,34.5,4.8,237,WSW,12.9,0,13,10.2,819.2,OK
15/06/2026 14:05,31.1,34.1,3.2,169,S,9.7,0,13,10.1,819.2,OK
15/06/2026 14:06,31.1,35,4.8,175,S,12.9,0,13,10.1,819.2,OK
15/06/2026 14:07,31.1,34.1,6.4,133,SE,12.9,0,13,10,817.4,OK
15/06/2026 14:08,31.1,33.2,4.8,103,ESE,12.9,0,13,10,813.9,OK
15/06/2026 14:09,31.1,33.2,8,216,SW,12.9,0,13,9.9,806.9,OK
15/06/2026 14:10,31.1,33.7,11.3,212,SSW,12.9,0,13,9.8,810.4,OK
15/06/2026 14:11,31.1,33.8,6.4,186,S,12.9,0,13,9.8,808.7,OK
15/06/2026 14:12,31.1,33.4,4.8,121,ESE,12.9,0,13,9.8,799.9,OK
15/06/2026 14:13,31.1,34.2,4.8,123,ESE,12.9,0,13,9.7,796.3,OK
15/06/2026 14:14,31.1,33,3.2,83,E,14.5,0,13,9.7,801.6,OK
15/06/2026 14:15,31,33.6,6.4,117,ESE,14.5,0,13,9.7,812.2,OK
15/06/2026 14:16,31,33.9,6.4,165,SSE,14.5,0,13,9.7,812.2,OK
15/06/2026 14:17,31,33.7,8,99,E,14.5,0,13,9.6,810.4,OK
15/06/2026 14:18,31,33.4,6.4,172,S,16.1,0,13,9.6,812.2,OK
15/06/2026 14:19,31,33.2,9.7,175,S,16.1,0,13,9.6,810.4,OK
15/06/2026 14:20,30.9,32.3,8,248,WSW,16.1,0,13,9.5,810.4,OK
15/06/2026 14:21,30.9,32.2,9.7,199,SSW,16.1,0,13,9.5,810.4,OK
15/06/2026 14:22,30.9,32.1,11.3,196,SSW,16.1,0,13,9.4,808.7,OK
15/06/2026 14:23,30.8,31.5,3.2,217,SW,17.7,0,13,9.4,808.7,OK
15/06/2026 14:24,30.8,31.4,1.6,224,SW,17.7,0,13,9.4,808.7,OK
15/06/2026 14:25,30.8,31.4,1.6,224,SW,17.7,0,13,9.4,808.7,OK
15/06/2026 14:26,30.8,31.9,4.8,107,ESE,17.7,0,13,9.4,808.7,OK
15/06/2026 14:27,30.9,31.4,3.2,85,E,17.7,0,13,9.3,796.3,OK
15/06/2026 14:28,30.9,31.3,4.8,73,ENE,17.7,0,13,9.2,792.8,OK
15/06/2026 14:29,31,31.5,4.8,102,ESE,17.7,0,13,9.1,785.8,OK
15/06/2026 14:30,31,30.5,4.8,120,ESE,17.7,0,13,9,782.3,OK
15/06/2026 14:31,31,30.6,9.7,202,SSW,9.7,0,13,9,785.8,OK
15/06/2026 14:32,31,31.1,8,182,S,12.9,0,13,8.9,770,OK
15/06/2026 14:33,31.1,30.8,12.9,160,SSE,12.9,0,13,8.8,773.5,OK
15/06/2026 14:34,31.1,31,8,184,S,14.5,0,13,8.7,762.9,OK
15/06/2026 14:35,31.2,30.5,9.7,169,S,14.5,0,13,8.7,761.2,OK
15/06/2026 14:36,31.3,30.1,9.7,203,SSW,14.5,0,13,8.6,757.7,OK
15/06/2026 14:37,31.3,30.9,6.4,168,SSE,14.5,0,13,8.5,755.9,OK
15/06/2026 14:39,31.3,30,0,205,SSW,14.5,0,13,8.6,775.2,OK
15/06/2026 14:40,31.3,30,0,208,SSW,14.5,0,13,8.6,770,OK
15/06/2026 14:41,31.4,30.1,3.2,234,SW,14.5,0,13,8.6,768.2,OK
15/06/2026 14:42,31.4,29.6,9.7,145,SE,14.5,0,13,8.6,775.2,OK
15/06/2026 14:43,31.5,30.3,12.9,152,SSE,14.5,0,13,8.6,780.5,OK
15/06/2026 14:44,31.5,30.6,9.7,165,SSE,12.9,0,13,8.5,777,OK
15/06/2026 14:45,31.5,30.1,3.2,203,SSW,12.9,0,13,8.5,784,OK
15/06/2026 14:46,31.5,30.4,6.4,116,ESE,12.9,0,13,8.2,750.6,OK
15/06/2026 14:47,31.5,30,4.8,117,ESE,12.9,0,13,8.3,771.7,OK
15/06/2026 14:48,31.5,29.9,3.2,130,SE,12.9,0,13,8.2,733.1,OK
15/06/2026 14:49,31.5,29.9,3.2,144,SE,12.9,0,13,8.3,699.7,OK
15/06/2026 14:50,31.5,30.2,4.8,181,S,12.9,0,13,8.3,708.4,OK
15/06/2026 14:51,31.5,30.4,9.7,223,SW,12.9,0,13,8,764.7,OK
15/06/2026 14:52,31.5,30.5,3.2,195,SSW,14.5,0,13,7.8,764.7,OK
15/06/2026 14:53,31.5,30.7,8,210,SSW,14.5,0,13,8,762.9,OK
15/06/2026 14:54,31.5,30.5,8,246,WSW,14.5,0,13,8.1,762.9,OK
15/06/2026 14:55,31.5,31,14.5,289,WNW,14.5,0,13,8,757.7,OK
15/06/2026 14:56,31.4,30.3,4.8,236,SW,14.5,0,13,8,752.4,OK
15/06/2026 14:57,31.4,30.8,9.7,158,SSE,14.5,0,13,7.9,745.4,OK
15/06/2026 14:58,31.3,30.4,6.4,160,SSE,14.5,0,13,7.9,752.4,OK
15/06/2026 14:59,31.3,30.4,8,150,SSE,14.5,0,13,7.8,757.7,OK
15/06/2026 15:00,31.3,29.7,11.3,206,SSW,14.5,0,13,7.8,745.4,OK
15/06/2026 15:01,31.3,30,6.4,161,SSE,14.5,0,13,7.8,757.7,OK
15/06/2026 15:02,31.3,29.8,4.8,88,E,14.5,0,13,7.7,762.9,OK
15/06/2026 15:03,31.3,30.4,6.4,208,SSW,14.5,0,13,7.8,782.3,OK
15/06/2026 15:04,31.4,30.6,11.3,154,SSE,19.3,0,13,7.9,810.4,OK
15/06/2026 15:05,31.4,30.9,6.4,184,S,19.3,0,13,8,840.3,OK
15/06/2026 15:06,31.4,30.8,3.2,167,SSE,19.3,0,13,8,847.3,OK
15/06/2026 15:07,31.4,30.6,6.4,171,S,19.3,0,13,7.9,831.5,OK
15/06/2026 15:08,31.4,30.3,6.4,137,SE,19.3,0,13,7.8,803.4,OK
15/06/2026 15:09,31.4,30.6,6.4,150,SSE,19.3,0,13,7.6,789.3,OK
15/06/2026 15:10,31.5,31.1,3.2,193,SSW,19.3,0,13,7.6,782.3,OK
15/06/2026 15:11,31.5,30.8,3.2,79,E,19.3,0,13,7.5,770,OK
15/06/2026 15:12,31.6,31.4,4.8,289,WNW,19.3,0,13,7.4,761.2,OK
15/06/2026 15:13,31.8,31.7,8,222,SW,16.1,0,13,7.3,752.4,OK
15/06/2026 15:14,31.8,31.5,11.3,195,SSW,16.1,0,13,7.2,738.3,OK
15/06/2026 15:15,31.8,30.7,14.5,220,SW,16.1,0,13,7.1,724.3,OK
15/06/2026 15:16,31.8,30.5,6.4,172,S,16.1,0,13,7,722.5,OK
15/06/2026 15:17,31.8,30.2,11.3,155,SSE,16.1,0,13,7.1,729.5,OK
15/06/2026 15:18,31.7,29.8,3.2,178,S,22.5,0,13,7.1,734.8,OK
15/06/2026 15:19,31.6,30,4.8,185,S,22.5,0,13,7.1,745.4,OK
15/06/2026 15:20,31.6,30.1,11.3,143,SE,22.5,0,13,7.1,745.4,OK
15/06/2026 15:21,31.6,29.6,6.4,140,SE,22.5,0,13,7.1,750.6,OK
15/06/2026 15:22,31.6,30.2,9.7,131,SE,22.5,0,13,7.1,759.4,OK
15/06/2026 15:23,31.6,31.3,3.2,186,S,22.5,0,13,7.1,764.7,OK
15/06/2026 15:24,31.6,30.1,8,202,SSW,22.5,0,13,7,761.2,OK
15/06/2026 15:25,31.6,29.9,4.8,222,SW,22.5,0,13,7,770,OK
15/06/2026 15:26,31.6,29.3,1.6,174,S,22.5,0,13,7.1,780.5,OK
15/06/2026 15:27,31.6,29,4.8,224,SW,12.9,0,13,7,780.5,OK
15/06/2026 15:28,31.6,29.4,3.2,206,SSW,12.9,0,13,7,785.8,OK
15/06/2026 15:29,31.5,30.4,3.2,224,SW,11.3,0,13,6.9,784,OK
15/06/2026 15:30,31.6,30.6,3.2,126,SE,11.3,0,13,7,778.8,OK
15/06/2026 15:31,31.6,30.9,6.4,248,WSW,9.7,0,13,6.9,798.1,OK
15/06/2026 15:32,31.6,30.1,3.2,154,SSE,9.7,0,13,6.8,729.5,OK
15/06/2026 15:33,31.7,29.6,4.8,202,SSW,9.7,0,13,6.4,715.5,OK
15/06/2026 15:34,31.8,29.5,9.7,164,SSE,12.9,0,13,6.3,717.2,OK
15/06/2026 15:35,31.8,30.2,3.2,246,WSW,12.9,0,13,5.7,634.6,OK
15/06/2026 15:36,31.9,29.8,12.9,243,WSW,12.9,0,13,6.2,726,OK
15/06/2026 15:37,31.9,29.2,8,167,SSE,12.9,0,13,6.3,789.3,OK
15/06/2026 15:38,31.9,29.1,8,202,SSW,12.9,0,13,6.4,759.4,OK
15/06/2026 15:39,31.9,28.7,6.4,137,SE,12.9,0,13,6.3,799.9,OK
15/06/2026 15:40,31.9,28.5,4.8,178,S,12.9,0,13,5.9,706.7,OK
15/06/2026 15:41,31.9,28.9,1.6,151,SSE,12.9,0,13,5.4,668,OK
15/06/2026 15:42,31.9,28.8,3.2,270,W,12.9,0,13,4.2,664.5,OK
15/06/2026 15:43,31.9,29.3,11.3,256,WSW,12.9,0,13,5.2,578.4,OK
15/06/2026 15:44,31.8,29.3,8,260,W,12.9,0,13,3.6,385,OK
15/06/2026 15:45,31.7,29.6,9.7,224,SW,14.5,0,13,3.4,363.9,OK
15/06/2026 15:46,31.5,29.9,6.4,217,SW,14.5,0,13,3.1,330.5,OK
15/06/2026 15:47,31.4,30.5,9.7,205,SSW,14.5,0,13,2.9,304.1,OK
15/06/2026 15:48,31.3,30.2,8,243,WSW,14.5,0,13,2.8,288.3,OK
15/06/2026 15:49,31.3,30.8,4.8,232,SW,14.5,0,13,2.7,279.5,OK
15/06/2026 15:50,31.2,30.5,9.7,219,SW,14.5,0,13,2.7,293.6,OK
15/06/2026 15:51,31.1,30.7,4.8,199,SSW,14.5,0,13,2.9,337.5,OK
15/06/2026 15:52,31.1,31.3,8,219,SW,14.5,0,13,2.9,362.1,OK
15/06/2026 15:53,31,31.5,4.8,234,SW,14.5,0,13,2.8,339.3,OK
15/06/2026 15:54,31,31.9,4.8,229,SW,11.3,0,13,2.6,288.3,OK
15/06/2026 15:55,30.9,31.5,4.8,239,WSW,11.3,0,13,2.6,284.8,OK
15/06/2026 15:56,30.9,31.6,6.4,278,W,11.3,0,13,2.6,293.6,OK
15/06/2026 15:57,30.8,32.1,1.6,250,WSW,11.3,0,13,2.6,291.8,OK
15/06/2026 15:58,30.8,31.9,1.6,210,SSW,11.3,0,13,2.6,290.1,OK
15/06/2026 15:59,30.7,31.9,0,171,S,11.3,0,13,2.6,284.8,OK
15/06/2026 16:00,30.7,32.3,1.6,174,S,11.3,0,13,2.6,307.6,OK
15/06/2026 16:01,30.7,32.2,1.6,148,SSE,11.3,0,13,3.1,351.6,OK
15/06/2026 16:02,30.7,32.1,4.8,175,S,11.3,0,13,3.1,392,OK
15/06/2026 16:03,30.7,32.8,8,167,SSE,9.7,0,13,3,337.5,OK
15/06/2026 16:04,30.7,32.5,1.6,199,SSW,11.3,0,13,3.1,393.8,OK
15/06/2026 16:05,30.7,32.5,4.8,191,S,11.3,0,13,3.3,474.6,OK
15/06/2026 16:06,30.8,32.3,4.8,198,SSW,11.3,0,13,3,346.3,OK
15/06/2026 16:07,30.8,32.5,4.8,213,SSW,11.3,0,13,2.9,325.2,OK
15/06/2026 16:08,30.8,32.2,4.8,172,S,11.3,0,13,3.1,370.9,OK
15/06/2026 16:09,30.8,32.9,1.6,200,SSW,11.3,0,13,3,323.5,OK
15/06/2026 16:10,30.9,32.5,4.8,176,S,11.3,0,13,3.2,378,OK
15/06/2026 16:11,30.9,32.4,6.4,236,SW,11.3,0,13,4.1,611.8,OK
15/06/2026 16:12,31,32.8,3.2,212,SSW,11.3,0,13,4.4,680.3,OK
15/06/2026 16:13,31,33.1,9.7,268,W,11.3,0,13,4.1,627.6,OK
15/06/2026 16:14,31,32.9,4.8,222,SW,11.3,0,13,3.9,571.3,OK
15/06/2026 16:15,31.1,33.6,4.8,202,SSW,11.3,0,13,4.2,618.8,OK
15/06/2026 16:16,31.1,32.7,3.2,181,S,11.3,0,13,4.2,673.3,OK
15/06/2026 16:17,31.2,32.9,3.2,206,SSW,11.3,0,13,4.2,676.8,OK
15/06/2026 16:18,31.3,33.5,4.8,165,SSE,11.3,0,13,4.1,675,OK
15/06/2026 16:19,31.4,32.7,6.4,176,S,16.1,0,13,3.8,646.9,OK
15/06/2026 16:20,31.4,32.3,4.8,181,S,16.1,0,13,3.7,615.3,OK
15/06/2026 16:21,31.5,32.7,3.2,234,SW,16.1,0,13,3.7,624.1,OK
15/06/2026 16:22,31.5,32.3,3.2,229,SW,16.1,0,13,3.7,639.9,OK
15/06/2026 16:23,31.6,32.4,4.8,171,S,16.1,0,13,3.6,627.6,OK
15/06/2026 16:24,31.6,32.2,4.8,210,SSW,16.1,0,13,3.5,627.6,OK
15/06/2026 16:25,31.6,32.3,8,234,SW,16.1,0,13,3.5,624.1,OK
15/06/2026 16:26,31.6,31.6,8,185,S,16.1,0,13,3.4,618.8,OK
15/06/2026 16:27,31.6,31.6,3.2,188,S,11.3,0,13,3.4,620.6,OK
15/06/2026 16:28,31.6,32.3,1.6,184,S,11.3,0,13,3.3,599.5,OK
15/06/2026 16:29,31.6,31.7,3.2,112,ESE,11.3,0,13,3.1,597.7,OK
15/06/2026 16:30,31.6,32,11.3,234,SW,11.3,0,13,3.1,587.2,OK
15/06/2026 16:31,31.6,30.6,6.4,95,E,11.3,0,13,3,573.1,OK
15/06/2026 16:32,31.6,30.8,1.6,144,SE,11.3,0,13,2.9,555.5,OK
15/06/2026 16:33,31.6,31.1,6.4,103,ESE,11.3,0,13,2.8,550.2,OK
15/06/2026 16:34,31.6,31.2,1.6,113,ESE,11.3,0,13,2.7,458.8,OK
15/06/2026 16:35,31.6,32.1,4.8,196,SSW,11.3,0,13,2.5,383.2,OK
15/06/2026 16:36,31.6,32,4.8,130,SE,11.3,0,13,2.6,509.8,OK
15/06/2026 16:37,31.6,32.2,1.6,195,SSW,11.3,0,13,2.2,485.2,OK
15/06/2026 16:38,31.6,32.2,6.4,191,S,11.3,0,13,2.6,529.1,OK
15/06/2026 16:39,31.7,32,3.2,193,SSW,9.7,0,13,2.7,546.7,OK
15/06/2026 16:40,31.8,31.4,8,203,SSW,9.7,0,13,2.6,546.7,OK
15/06/2026 16:41,31.8,31.5,3.2,236,SW,11.3,0,13,2.6,543.2,OK
15/06/2026 16:42,31.9,31.2,6.4,219,SW,11.3,0,13,2.5,525.6,OK
15/06/2026 16:43,31.9,30.6,3.2,144,SE,11.3,0,13,2.5,529.1,OK
15/06/2026 16:44,31.9,30.9,1.6,128,SE,11.3,0,13,2.5,520.3,OK
15/06/2026 16:45,31.9,30.8,6.4,188,S,11.3,0,13,2.4,504.5,OK
15/06/2026 16:46,32,31.4,6.4,220,SW,11.3,0,13,2.4,488.7,OK
15/06/2026 16:47,32,31.6,6.4,206,SSW,11.3,0,13,2.2,474.6,OK
15/06/2026 16:48,32,30.9,1.6,198,SSW,11.3,0,13,2.2,444.8,OK
15/06/2026 16:49,31.9,30.7,6.4,257,WSW,11.3,0,13,2.1,455.3,OK
15/06/2026 16:50,31.9,30.7,1.6,268,W,8,0,13,2.1,453.5,OK
15/06/2026 16:51,31.9,30.9,1.6,171,S,8,0,13,2,362.1,OK
15/06/2026 16:52,31.8,31.3,4.8,184,S,8,0,13,1.7,298.8,OK
15/06/2026 16:53,31.8,31.6,6.4,126,SE,8,0,13,1.6,276,OK
15/06/2026 16:54,31.8,31.9,6.4,150,SSE,12.9,0,13,1.6,269,OK
15/06/2026 16:55,31.7,31.6,14.5,171,S,12.9,0,13,1.4,232,OK
15/06/2026 16:56,31.6,31.8,6.4,151,SSE,14.5,0,13,1.4,207.4,OK
15/06/2026 16:57,31.5,31.8,8,148,SSE,14.5,0,13,1.3,165.2,OK
15/06/2026 16:58,31.4,32.6,4.8,137,SE,14.5,0,13,1.2,161.7,OK
15/06/2026 16:59,31.3,32.9,9.7,179,S,14.5,0,13,1.2,152.9,OK
15/06/2026 17:00,31.2,32,9.7,106,ESE,14.5,0,13,1.2,147.7,OK
15/06/2026 17:01,31.1,32.2,8,107,ESE,14.5,0,13,1.2,144.2,OK
15/06/2026 17:02,31,32.6,1.6,114,ESE,14.5,0,13,1.1,142.4,OK
15/06/2026 17:03,30.9,32.8,6.4,164,SSE,14.5,0,13,1.1,138.9,OK
15/06/2026 17:04,30.8,32.7,6.4,205,SSW,14.5,0,13,1.1,137.1,OK
15/06/2026 17:05,30.7,32.4,6.4,171,S,14.5,0,13,1.1,135.4,OK
15/06/2026 17:06,30.7,33,8,120,ESE,14.5,0,13,1.1,133.6,OK
15/06/2026 17:07,30.6,32.7,9.7,157,SSE,14.5,0,13,1.1,131.8,OK
15/06/2026 17:08,30.6,33,8,160,SSE,14.5,0,13,1,128.3,OK
15/06/2026 17:09,30.5,33.3,4.8,164,SSE,14.5,0,13,1,124.8,OK
15/06/2026 17:10,30.4,33.9,8,191,S,11.3,0,13,1,123.1,OK
15/06/2026 17:11,30.4,34.3,4.8,167,SSE,11.3,0,13,1,119.5,OK
15/06/2026 17:12,30.3,34.5,4.8,182,S,11.3,0,13,1,117.8,OK
15/06/2026 17:13,30.3,34.9,3.2,174,S,11.3,0,13,0.9,116,OK
15/06/2026 17:14,30.3,34.8,3.2,133,SE,11.3,0,13,0.9,112.5,OK
15/06/2026 17:15,30.3,34.9,8,186,S,11.3,0,13,0.9,110.7,OK
15/06/2026 17:16,30.3,35,4.8,224,SW,11.3,0,13,0.9,112.5,OK
15/06/2026 17:17,30.3,35.5,6.4,174,S,11.3,0,13,0.9,114.3,OK
15/06/2026 17:18,30.2,35.8,8,169,S,11.3,0,13,0.9,117.8,OK
15/06/2026 17:19,30.1,36,4.8,169,S,12.9,0,13,0.9,117.8,OK
15/06/2026 17:20,30.1,36.2,8,168,SSE,12.9,0,13,0.9,121.3,OK
15/06/2026 17:21,30,36.2,8,150,SSE,12.9,0,13,0.9,119.5,OK
15/06/2026 17:22,29.9,36.2,9.7,140,SE,12.9,0,13,0.9,124.8,OK
15/06/2026 17:23,29.9,36.6,6.4,144,SE,12.9,0,13,0.8,119.5,OK
15/06/2026 17:24,29.8,36.7,3.2,151,SSE,12.9,0,13,0.8,119.5,OK
15/06/2026 17:25,29.8,36.7,6.4,148,SSE,12.9,0,13,0.8,123.1,OK
15/06/2026 17:26,29.7,36.8,8,161,SSE,12.9,0,13,0.8,133.6,OK
15/06/2026 17:27,29.6,36.8,4.8,137,SE,12.9,0,13,0.8,147.7,OK
15/06/2026 17:28,29.6,37,4.8,158,SSE,12.9,0,13,0.9,160,OK
15/06/2026 17:29,29.6,37.1,4.8,150,SSE,12.9,0,13,0.9,168.8,OK
15/06/2026 17:30,29.5,37.3,3.2,157,SSE,12.9,0,13,0.9,181.1,OK
15/06/2026 17:31,29.5,37.6,8,202,SSW,12.9,0,13,0.9,195.1,OK
15/06/2026 17:32,29.5,37.5,9.7,181,S,12.9,0,13,0.9,196.9,OK
15/06/2026 17:33,29.5,37.4,6.4,151,SSE,12.9,0,13,0.9,200.4,OK
15/06/2026 17:34,29.5,37.5,4.8,209,SSW,12.9,0,13,0.8,203.9,OK
15/06/2026 17:35,29.6,37.8,1.6,237,WSW,12.9,0,13,0.8,209.2,OK
15/06/2026 17:36,29.6,37.8,6.4,215,SW,12.9,0,13,0.8,218,OK
15/06/2026 17:37,29.6,37.2,4.8,206,SSW,12.9,0,13,0.8,221.5,OK
15/06/2026 17:38,29.6,37.4,6.4,168,SSE,12.9,0,13,0.8,223.3,OK
15/06/2026 17:39,29.6,37.3,6.4,133,SE,12.9,0,13,0.8,219.7,OK
15/06/2026 17:40,29.6,37.4,3.2,200,SSW,12.9,0,13,0.8,218,OK
15/06/2026 17:41,29.7,37.8,4.8,220,SW,12.9,0,13,0.8,214.5,OK
15/06/2026 17:42,29.7,37.3,4.8,196,SSW,12.9,0,13,0.7,212.7,OK
15/06/2026 17:43,29.8,37.1,6.4,140,SE,12.9,0,13,0.7,211,OK
15/06/2026 17:44,29.8,36.8,3.2,182,S,12.9,0,13,0.7,212.7,OK
15/06/2026 17:45,29.8,36.9,4.8,186,S,12.9,0,13,0.7,214.5,OK
15/06/2026 17:46,29.8,37.1,4.8,175,S,12.9,0,13,0.7,211,OK
15/06/2026 17:47,29.9,37.5,4.8,131,SE,11.3,0,13,0.7,207.4,OK
15/06/2026 17:48,29.9,37,6.4,179,S,11.3,0,13,0.7,198.6,OK
15/06/2026 17:49,29.9,37.4,3.2,147,SSE,11.3,0,13,0.6,186.3,OK
15/06/2026 17:50,29.9,37.1,8,143,SE,9.7,0,13,0.6,188.1,OK
15/06/2026 17:51,29.9,36.9,8,134,SE,9.7,0,13,0.6,189.9,OK
15/06/2026 17:52,29.9,36.9,8,155,SSE,9.7,0,13,0.6,186.3,OK
15/06/2026 17:53,29.9,36.8,8,119,ESE,11.3,0,13,0.6,186.3,OK
15/06/2026 17:54,29.9,36.9,8,120,ESE,12.9,0,13,0.6,189.9,OK
15/06/2026 17:55,29.8,37,3.2,168,SSE,12.9,0,13,0.5,186.3,OK
15/06/2026 17:56,29.8,37.3,1.6,155,SSE,12.9,0,13,0.5,184.6,OK
15/06/2026 17:57,29.8,37.6,4.8,127,SE,12.9,0,13,0.5,184.6,OK
15/06/2026 17:58,29.8,38,1.6,147,SSE,12.9,0,13,0.5,182.8,OK
15/06/2026 17:59,29.8,37.7,8,162,SSE,12.9,0,13,0.5,182.8,OK
15/06/2026 18:00,29.9,37.3,9.7,185,S,12.9,0,13,0.5,184.6,OK
15/06/2026 18:01,29.8,36.7,9.7,157,SSE,12.9,0,13,0.4,170.5,OK
15/06/2026 18:02,29.8,37.2,4.8,181,S,11.3,0,13,0.4,160,OK
15/06/2026 18:03,29.8,37.3,8,167,SSE,11.3,0,13,0.4,172.3,OK
15/06/2026 18:04,29.8,37,9.7,157,SSE,11.3,0,13,0.4,170.5,OK
15/06/2026 18:05,29.8,36.8,4.8,151,SSE,11.3,0,13,0.4,167,OK
15/06/2026 18:06,29.8,37,4.8,116,ESE,11.3,0,13,0.4,161.7,OK
15/06/2026 18:07,29.7,37.3,6.4,144,SE,11.3,0,13,0.4,160,OK
15/06/2026 18:08,29.8,36.9,6.4,154,SSE,11.3,0,13,0.4,160,OK
15/06/2026 18:09,29.8,37.5,6.4,205,SSW,11.3,0,13,0.3,154.7,OK
15/06/2026 18:10,29.7,37.6,3.2,179,S,11.3,0,13,0.3,149.4,OK
15/06/2026 18:11,29.7,37.5,12.9,175,S,11.3,0,13,0.3,144.2,OK
15/06/2026 18:12,29.6,37.5,8,169,S,14.5,0,13,0.3,84.4,OK
15/06/2026 18:13,29.6,37.3,9.7,138,SE,14.5,0,13,0.3,65,OK
15/06/2026 18:14,29.6,37.7,8,178,S,14.5,0,13,0.3,59.8,OK
15/06/2026 18:15,29.6,37.6,8,150,SSE,14.5,0,13,0.3,56.3,OK
15/06/2026 18:16,29.5,37.6,9.7,150,SSE,14.5,0,13,0.3,56.3,OK
15/06/2026 18:17,29.5,37.8,6.4,150,SSE,14.5,0,13,0,45.7,OK
15/06/2026 18:18,29.4,38,1.6,144,SE,14.5,0,13,0,49.2,OK
15/06/2026 18:19,29.4,38,8,130,SE,14.5,0,13,0,49.2,OK
15/06/2026 18:20,29.4,38.1,4.8,203,SSW,14.5,0,13,0,51,OK
15/06/2026 18:21,29.3,38.5,6.4,152,SSE,14.5,0,13,0,51,OK
15/06/2026 18:22,29.3,38.4,9.7,154,SSE,14.5,0,13,0,49.2,OK
15/06/2026 18:23,29.2,38.3,3.2,162,SSE,14.5,0,13,0,49.2,OK
15/06/2026 18:24,29.2,38.3,9.7,220,SW,14.5,0,13,0,42.2,OK
15/06/2026 18:25,29.2,38.4,3.2,186,S,12.9,0,13,0,54.5,OK
15/06/2026 18:26,29.1,38.6,4.8,160,SSE,12.9,0,13,0.2,75.6,OK
15/06/2026 18:27,29.1,38.9,8,226,SW,12.9,0,13,0.2,66.8,OK
15/06/2026 18:28,29.1,38.8,1.6,167,SSE,12.9,0,13,0,45.7,OK
15/06/2026 18:29,29.1,39,6.4,181,S,12.9,0,13,0,31.6,OK
15/06/2026 18:30,29.1,39,3.2,199,SSW,12.9,0,13,0,28.1,OK
15/06/2026 18:31,29.1,39.1,8,150,SSE,11.3,0,13,0,26.4,OK
15/06/2026 18:32,29,39.3,3.2,175,S,11.3,0,13,0,24.6,OK
15/06/2026 18:33,29,39.5,3.2,162,SSE,11.3,0,13,0,22.9,OK
15/06/2026 18:34,29,39.5,6.4,188,S,11.3,0,13,0,21.1,OK
15/06/2026 18:35,28.9,39.8,6.4,209,SSW,11.3,0,13,0,17.6,OK
15/06/2026 18:36,28.9,39.9,1.6,150,SSE,11.3,0,13,0,17.6,OK
15/06/2026 18:37,28.9,39.9,0,147,SSE,11.3,0,13,0,17.6,OK
15/06/2026 18:38,28.8,40.2,4.8,181,S,11.3,0,13,0,15.8,OK
15/06/2026 18:39,28.8,40.3,3.2,145,SE,11.3,0,13,0,15.8,OK
15/06/2026 18:40,28.8,40.3,3.2,134,SE,11.3,0,13,0,14.1,OK
15/06/2026 18:41,28.8,40.5,4.8,138,SE,11.3,0,13,0,14.1,OK
15/06/2026 18:42,28.8,40.2,4.8,150,SSE,11.3,0,13,0,12.3,OK
15/06/2026 18:43,28.8,40.5,4.8,147,SSE,6.4,0,13,0,10.5,OK
15/06/2026 18:44,28.7,40.2,8,144,SE,8,0,13,0,10.5,OK
15/06/2026 18:45,28.6,40.4,6.4,161,SSE,8,0,13,0,8.8,OK
15/06/2026 18:46,28.6,40.6,4.8,161,SSE,8,0,13,0,5.3,OK
15/06/2026 18:47,28.6,40.7,3.2,152,SSE,8,0,13,0,5.3,OK
15/06/2026 18:48,28.6,40.5,8,143,SE,9.7,0,13,0,5.3,OK
15/06/2026 18:49,28.6,40.8,4.8,229,SW,9.7,0,13,0,3.5,OK
15/06/2026 18:50,28.5,40.7,1.6,131,SE,9.7,0,13,0,3.5,OK
15/06/2026 18:51,28.5,40.5,1.6,175,S,9.7,0,13,0,3.5,OK
15/06/2026 18:52,28.5,40.5,3.2,120,ESE,9.7,0,13,0,3.5,OK
15/06/2026 18:53,28.5,40.7,4.8,155,SSE,9.7,0,13,0,3.5,OK
15/06/2026 18:54,28.4,40.7,1.6,151,SSE,9.7,0,13,0,3.5,OK
15/06/2026 18:55,28.4,41.2,4.8,158,SSE,9.7,0,13,0,1.8,OK
15/06/2026 18:56,28.4,40.9,3.2,164,SSE,9.7,0,13,0,1.8,OK
15/06/2026 18:57,28.4,41.1,3.2,167,SSE,8,0,13,0,1.8,OK
15/06/2026 18:58,28.4,41.2,6.4,144,SE,6.4,0,13,0,1.8,OK
15/06/2026 18:59,28.3,41,4.8,137,SE,8,0,13,0,1.8,OK
15/06/2026 19:00,28.3,41.2,0,143,SE,8,0,13,0,1.8,OK
15/06/2026 19:01,28.3,41.3,0,143,SE,8,0,13,0,1.8,OK
15/06/2026 19:02,28.3,41.6,0,143,SE,8,0,13,0,1.8,OK
15/06/2026 19:03,28.2,41.6,4.8,120,ESE,8,0,13,0,1.8,OK
15/06/2026 19:04,28.2,41.4,0,144,SE,8,0,13,0,1.8,OK
15/06/2026 19:05,28.1,41.6,3.2,102,ESE,8,0,13,0,1.8,OK
15/06/2026 19:06,28.1,41.8,0,102,ESE,8,0,13,0,1.8,OK
15/06/2026 19:07,28.1,41.9,0,102,ESE,6.4,0,13,0,1.8,OK
15/06/2026 19:08,28.1,42,0,102,ESE,4.8,0,13,0,0,OK
15/06/2026 19:09,28.1,42.2,0,102,ESE,4.8,0,13,0,0,OK
15/06/2026 19:10,28,42.5,3.2,96,E,4.8,0,13,0,0,OK
15/06/2026 19:11,28,41.9,0,96,E,4.8,0,13,0,0,OK
15/06/2026 19:12,28,42,0,96,E,4.8,0,13,0,0,OK
15/06/2026 19:13,27.9,42.1,0,96,E,4.8,0,13,0,0,OK
15/06/2026 19:14,27.9,42.2,0,96,E,4.8,0,13,0,0,OK
15/06/2026 19:15,27.9,42.2,0,96,E,4.8,0,13,0,0,OK
15/06/2026 19:16,27.9,42.3,0,96,E,4.8,0,13,0,0,OK
15/06/2026 19:17,27.9,42.2,0,96,E,4.8,0,13,0,0,OK
15/06/2026 19:18,27.9,42.4,0,96,E,4.8,0,13,0,0,OK
15/06/2026 19:19,27.8,42.4,0,96,E,3.2,0,13,0,0,OK
15/06/2026 19:20,27.8,42.4,0,96,E,0,0,13,0,0,OK
15/06/2026 19:21,27.8,42.4,0,109,ESE,0,0,13,0,0,OK
15/06/2026 19:22,27.8,42.6,0,109,ESE,0,0,13,0,0,OK
15/06/2026 19:23,27.8,42.7,1.6,127,SE,3.2,0,13,0,0,OK
15/06/2026 19:24,27.8,42.5,0,127,SE,3.2,0,13,0,0,OK
15/06/2026 19:25,27.7,42.9,0,128,SE,3.2,0,13,0,0,OK
15/06/2026 19:26,27.8,43,0,160,SSE,3.2,0,13,0,0,OK
15/06/2026 19:27,27.8,43,0,150,SSE,3.2,0,13,0,0,OK
15/06/2026 19:28,27.7,43.1,1.6,109,ESE,3.2,0,13,0,0,OK
15/06/2026 19:29,27.7,43.7,3.2,92,E,3.2,0,13,0,0,OK
15/06/2026 19:30,27.7,43.4,1.6,92,E,3.2,0,13,0,0,OK
15/06/2026 19:31,27.7,43.7,0,92,E,3.2,0,13,0,0,OK
15/06/2026 19:32,27.7,43.2,0,92,E,3.2,0,13,0,0,OK
15/06/2026 19:33,27.6,43,0,92,E,3.2,0,13,0,0,OK
15/06/2026 19:34,27.7,43,0,95,E,3.2,0,13,0,0,OK
15/06/2026 19:35,27.7,43.3,0,95,E,3.2,0,13,0,0,OK
15/06/2026 19:36,27.6,42.9,0,95,E,3.2,0,13,0,0,OK
15/06/2026 19:37,27.6,43.1,0,92,E,3.2,0,13,0,0,OK
15/06/2026 19:38,27.6,43.8,0,90,E,3.2,0,13,0,0,OK
15/06/2026 19:39,27.6,44.2,3.2,90,E,3.2,0,13,0,0,OK
15/06/2026 19:40,27.6,44.1,0,90,E,3.2,0,13,0,0,OK
15/06/2026 19:41,27.6,44,0,90,E,3.2,0,13,0,0,OK
15/06/2026 19:42,27.6,43.5,1.6,157,SSE,3.2,0,13,0,0,OK
15/06/2026 19:43,27.6,43.9,0,157,SSE,3.2,0,13,0,0,OK
15/06/2026 19:44,27.6,43.9,0,157,SSE,3.2,0,13,0,0,OK
15/06/2026 19:45,27.6,43.6,0,147,SSE,3.2,0,13,0,0,OK
15/06/2026 19:46,27.6,44.3,3.2,96,E,4.8,0,13,0,0,OK
15/06/2026 19:47,27.6,44.2,1.6,97,E,4.8,0,13,0,0,OK
15/06/2026 19:48,27.6,44.4,0,104,ESE,4.8,0,13,0,0,OK
15/06/2026 19:49,27.5,44.5,1.6,97,E,4.8,0,13,0,0,OK
15/06/2026 19:50,27.5,43.7,0,99,E,4.8,0,13,0,0,OK
15/06/2026 19:51,27.5,44.4,0,90,E,4.8,0,13,0,0,OK
15/06/2026 19:52,27.5,45.1,0,89,E,4.8,0,13,0,0,OK
15/06/2026 19:53,27.4,45.2,0,89,E,4.8,0,13,0,0,OK
15/06/2026 19:54,27.4,45.3,0,89,E,4.8,0,13,0,0,OK
15/06/2026 19:55,27.4,44.8,0,93,E,4.8,0,13,0,0,OK
15/06/2026 19:56,27.3,44.1,0,93,E,4.8,0,13,0,0,OK
15/06/2026 19:57,27.3,44.7,0,93,E,4.8,0,13,0,0,OK
15/06/2026 19:58,27.3,45.5,0,93,E,4.8,0,13,0,0,OK
15/06/2026 19:59,27.2,45.3,0,93,E,1.6,0,13,0,0,OK
15/06/2026 20:00,27.2,45.3,0,93,E,0,0,13,0,0,OK
15/06/2026 20:01,27.1,44.7,0,93,E,0,0,13,0,0,OK
15/06/2026 20:02,27.1,44.8,0,93,E,0,0,13,0,0,OK
15/06/2026 20:03,27.1,44.9,0,93,E,0,0,13,0,0,OK
15/06/2026 20:04,27.1,44.5,0,93,E,0,0,13,0,0,OK
15/06/2026 20:05,27,44.8,0,72,ENE,0,0,13,0,0,OK
15/06/2026 20:06,27,45.2,0,80,E,0,0,13,0,0,OK
15/06/2026 20:07,27,45,0,83,E,0,0,13,0,0,OK
15/06/2026 20:08,26.9,45,3.2,216,SW,0,0,13,0,0,OK
15/06/2026 20:09,26.9,46.4,4.8,165,SSE,6.4,0,13,0,0,OK
15/06/2026 20:10,26.9,47.6,6.4,182,S,9.7,0,13,0,0,OK
15/06/2026 20:11,26.9,47.8,8,195,SSW,9.7,0,13,0,0,OK
15/06/2026 20:12,26.9,48,3.2,164,SSE,9.7,0,13,0,0,OK
15/06/2026 20:13,26.9,48.2,9.7,171,S,9.7,0,13,0,0,OK
15/06/2026 20:14,26.9,48.2,6.4,175,S,9.7,0,13,0,0,OK
15/06/2026 20:15,26.9,48.2,6.4,193,SSW,9.7,0,13,0,0,OK
15/06/2026 20:16,26.9,48.5,3.2,172,S,9.7,0,13,0,0,OK
15/06/2026 20:18,26.9,48.6,4.8,195,SSW,9.7,0,13,0,0,OK
15/06/2026 20:19,26.9,48.7,3.2,171,S,9.7,0,13,0,0,OK
15/06/2026 20:20,26.8,48.7,3.2,167,SSE,9.7,0,13,0,0,OK
15/06/2026 20:21,26.8,48.7,1.6,182,S,9.7,0,13,0,0,OK
15/06/2026 20:22,26.8,48.9,1.6,198,SSW,9.7,0,13,0,0,OK
15/06/2026 20:23,26.8,48.9,0,202,SSW,9.7,0,13,0,0,OK
15/06/2026 20:24,26.8,48.9,1.6,232,SW,8,0,13,0,0,OK
15/06/2026 20:25,26.8,49.1,3.2,243,WSW,8,0,13,0,0,OK
15/06/2026 20:26,26.7,49.2,3.2,209,SSW,6.4,0,13,0,0,OK
15/06/2026 20:27,26.7,49.2,1.6,215,SW,6.4,0,13,0,0,OK
15/06/2026 20:28,26.7,49.5,3.2,224,SW,6.4,0,13,0,0,OK
15/06/2026 20:29,26.7,49.6,1.6,250,WSW,6.4,0,13,0,0,OK
15/06/2026 20:30,26.6,49.7,3.2,223,SW,6.4,0,13,0,0,OK
15/06/2026 20:31,26.6,49.8,1.6,222,SW,6.4,0,13,0,0,OK
15/06/2026 20:32,26.6,50,1.6,219,SW,6.4,0,13,0,0,OK
15/06/2026 20:33,26.5,50.2,4.8,237,WSW,6.4,0,13,0,0,OK
15/06/2026 20:34,26.5,50.5,3.2,243,WSW,6.4,0,13,0,0,OK
15/06/2026 20:35,26.5,50.8,1.6,223,SW,6.4,0,13,0,0,OK
15/06/2026 20:36,26.5,50.9,6.4,193,SSW,8,0,13,0,0,OK
15/06/2026 20:37,26.4,51.1,4.8,220,SW,8,0,13,0,0,OK
15/06/2026 20:38,26.4,51.1,1.6,226,SW,8,0,13,0,0,OK
15/06/2026 20:39,26.4,51.2,1.6,233,SW,8,0,13,0,0,OK
15/06/2026 20:40,26.3,51.6,3.2,216,SW,8,0,13,0,0,OK
15/06/2026 20:41,26.3,51.8,4.8,237,WSW,8,0,13,0,0,OK
15/06/2026 20:42,26.3,51.9,1.6,186,S,8,0,13,0,0,OK
15/06/2026 20:43,26.3,52.1,1.6,233,SW,8,0,13,0,0,OK
15/06/2026 20:44,26.2,52.1,6.4,212,SSW,8,0,13,0,0,OK
15/06/2026 20:45,26.2,52.5,4.8,234,SW,8,0,13,0,0,OK
15/06/2026 20:46,26.2,52.6,1.6,216,SW,8,0,13,0,0,OK
15/06/2026 20:47,26.1,52.8,3.2,260,W,8,0,13,0,0,OK
15/06/2026 20:48,26.1,52.9,3.2,216,SW,8,0,13,0,0,OK
15/06/2026 20:49,26.1,53,8,236,SW,8,0,13,0,0,OK
15/06/2026 20:50,26.1,53,1.6,202,SSW,8,0,13,0,0,OK
15/06/2026 20:51,26,53.4,6.4,226,SW,8,0,13,0,0,OK
15/06/2026 20:52,26,53.5,1.6,217,SW,9.7,0,13,0,0,OK
15/06/2026 20:53,26,53.7,1.6,172,S,9.7,0,13,0,0,OK
15/06/2026 20:54,26,53.8,3.2,222,SW,9.7,0,13,0,0,OK
15/06/2026 20:55,25.9,54,0,215,SW,9.7,0,13,0,0,OK
15/06/2026 20:56,25.9,54.1,0,208,SSW,9.7,0,13,0,0,OK
15/06/2026 20:57,25.9,54.4,3.2,210,SSW,9.7,0,13,0,0,OK
15/06/2026 20:58,25.9,54.5,4.8,208,SSW,9.7,0,13,0,0,OK
15/06/2026 20:59,25.9,54.6,4.8,193,SSW,9.7,0,13,0,0,OK
15/06/2026 21:00,25.9,54.7,1.6,234,SW,9.7,0,13,0,0,OK
15/06/2026 21:01,25.9,54.8,6.4,244,WSW,6.4,0,13,0,0,OK
15/06/2026 21:02,25.8,55,4.8,226,SW,6.4,0,13,0,0,OK
15/06/2026 21:03,25.8,55.3,1.6,236,SW,6.4,0,13,0,0,OK
15/06/2026 21:04,25.8,55.4,1.6,236,SW,6.4,0,13,0,0,OK
15/06/2026 21:05,25.8,55.5,3.2,202,SSW,6.4,0,13,0,0,OK
15/06/2026 21:06,25.8,55.6,1.6,206,SSW,6.4,0,13,0,0,OK
15/06/2026 21:07,25.8,55.8,1.6,241,WSW,6.4,0,13,0,0,OK
15/06/2026 21:08,25.7,56.1,8,186,S,9.7,0,13,0,0,OK
15/06/2026 21:09,25.7,56.3,1.6,236,SW,9.7,0,13,0,0,OK
15/06/2026 21:10,25.7,56.4,4.8,246,WSW,9.7,0,13,0,0,OK
15/06/2026 21:11,25.6,56.6,3.2,222,SW,9.7,0,13,0,0,OK
15/06/2026 21:12,25.6,56.6,3.2,232,SW,9.7,0,13,0,0,OK
15/06/2026 21:13,25.6,56.7,3.2,239,WSW,9.7,0,13,0,0,OK
15/06/2026 21:14,25.6,57,1.6,230,SW,9.7,0,13,0,0,OK
15/06/2026 21:15,25.6,57.2,1.6,206,SSW,9.7,0,13,0,0,OK
15/06/2026 21:16,25.6,57.2,3.2,263,W,9.7,0,13,0,0,OK
15/06/2026 21:17,25.5,57.4,6.4,219,SW,8,0,13,0,0,OK
15/06/2026 21:18,25.5,57.4,3.2,234,SW,8,0,13,0,0,OK
15/06/2026 21:19,25.5,57.5,3.2,230,SW,8,0,13,0,0,OK
15/06/2026 21:20,25.5,57.8,1.6,241,WSW,8,0,13,0,0,OK
15/06/2026 21:21,25.5,57.8,4.8,234,SW,6.4,0,13,0,0,OK
15/06/2026 21:22,25.5,57.9,3.2,247,WSW,6.4,0,13,0,0,OK
15/06/2026 21:23,25.4,58.1,3.2,236,SW,6.4,0,13,0,0,OK
15/06/2026 21:24,25.4,58.2,0,220,SW,6.4,0,13,0,0,OK
15/06/2026 21:25,25.4,58.4,1.6,193,SSW,6.4,0,13,0,0,OK
15/06/2026 21:26,25.4,58.5,4.8,250,WSW,6.4,0,13,0,0,OK
15/06/2026 21:27,25.4,58.5,6.4,247,WSW,6.4,0,13,0,0,OK
15/06/2026 21:28,25.4,58.6,4.8,227,SW,6.4,0,13,0,0,OK
15/06/2026 21:29,25.4,58.8,3.2,247,WSW,6.4,0,13,0,0,OK
15/06/2026 21:30,25.4,58.7,1.6,237,WSW,6.4,0,13,0,0,OK
15/06/2026 21:31,25.4,58.9,3.2,270,W,8,0,13,0,0,OK
15/06/2026 21:32,25.3,58.9,6.4,244,WSW,8,0,13,0,0,OK
15/06/2026 21:33,25.3,59.1,4.8,234,SW,9.7,0,13,0,0,OK
15/06/2026 21:34,25.3,59.1,6.4,234,SW,9.7,0,13,0,0,OK
15/06/2026 21:35,25.3,59.2,4.8,251,WSW,9.7,0,13,0,0,OK
15/06/2026 21:36,25.2,59.4,3.2,239,WSW,9.7,0,13,0,0,OK
15/06/2026 21:37,25.2,59.6,6.4,233,SW,9.7,0,13,0,0,OK
15/06/2026 21:38,25.2,59.7,3.2,229,SW,9.7,0,13,0,0,OK
15/06/2026 21:39,25.1,59.8,6.4,264,W,9.7,0,13,0,0,OK
15/06/2026 21:40,25.1,59.9,6.4,230,SW,9.7,0,13,0,0,OK
15/06/2026 21:41,25.1,60.1,3.2,219,SW,9.7,0,13,0,0,OK
15/06/2026 21:42,25.1,60.2,6.4,256,WSW,9.7,0,13,0,0,OK
15/06/2026 21:43,25.1,60.3,1.6,230,SW,9.7,0,13,0,0,OK
15/06/2026 21:44,25,60.3,9.7,233,SW,9.7,0,13,0,0,OK
15/06/2026 21:45,25,60.3,3.2,251,WSW,9.7,0,13,0,0,OK
15/06/2026 21:46,25,60.5,3.2,248,WSW,9.7,0,13,0,0,OK
15/06/2026 21:47,25,60.5,3.2,257,WSW,9.7,0,13,0,0,OK
15/06/2026 21:48,25,60.5,8,219,SW,9.7,0,13,0,0,OK
15/06/2026 21:49,25,60.5,4.8,202,SSW,9.7,0,13,0,0,OK
15/06/2026 21:50,25,60.6,3.2,229,SW,9.7,0,13,0,0,OK
15/06/2026 21:51,25,60.7,0,241,WSW,9.7,0,13,0,0,OK
15/06/2026 21:52,25,60.6,1.6,246,WSW,9.7,0,13,0,0,OK
15/06/2026 21:53,25,60.7,0,196,SSW,8,0,13,0,0,OK
15/06/2026 21:54,24.9,60.7,1.6,220,SW,8,0,13,0,0,OK
15/06/2026 21:55,25,60.7,1.6,198,SSW,8,0,13,0,0,OK
15/06/2026 21:56,25,60.7,1.6,222,SW,8,0,13,0,0,OK
15/06/2026 21:57,25,60.8,1.6,206,SSW,8,0,13,0,0,OK
15/06/2026 21:58,25,60.8,1.6,260,W,6.4,0,13,0,0,OK
15/06/2026 21:59,25,60.8,0,212,SSW,6.4,0,13,0,0,OK
15/06/2026 22:00,24.9,60.8,1.6,219,SW,6.4,0,13,0,0,OK
15/06/2026 22:01,25,60.9,3.2,240,WSW,6.4,0,13,0,0,OK
15/06/2026 22:02,25,60.9,1.6,230,SW,6.4,0,13,0,0,OK
15/06/2026 22:03,24.9,61,3.2,233,SW,6.4,0,13,0,0,OK
15/06/2026 22:04,24.9,61,1.6,222,SW,8,0,13,0,0,OK
15/06/2026 22:05,24.9,61.2,4.8,268,W,8,0,13,0,0,OK
15/06/2026 22:06,24.9,61.4,1.6,304,WNW,8,0,13,0,0,OK
15/06/2026 22:07,24.9,61.6,6.4,226,SW,8,0,13,0,0,OK
15/06/2026 22:08,24.9,61.6,0,258,WSW,8,0,13,0,0,OK
15/06/2026 22:09,24.8,61.7,3.2,234,SW,8,0,13,0,0,OK
15/06/2026 22:10,24.8,61.8,4.8,254,WSW,11.3,0,13,0,0,OK
15/06/2026 22:11,24.8,62,1.6,232,SW,11.3,0,13,0,0,OK
15/06/2026 22:12,24.8,62,1.6,241,WSW,11.3,0,13,0,0,OK
15/06/2026 22:13,24.8,62.1,3.2,270,W,11.3,0,13,0,0,OK
15/06/2026 22:14,24.7,62.1,6.4,274,W,11.3,0,13,0,0,OK
15/06/2026 22:15,24.7,62.1,3.2,240,WSW,11.3,0,13,0,0,OK
15/06/2026 22:16,24.7,62.3,6.4,244,WSW,11.3,0,13,0,0,OK
15/06/2026 22:17,24.6,62.3,3.2,257,WSW,11.3,0,13,0,0,OK
15/06/2026 22:18,24.6,62.4,1.6,226,SW,8,0,13,0,0,OK
15/06/2026 22:19,24.6,62.5,4.8,222,SW,8,0,13,0,0,OK
15/06/2026 22:20,24.6,62.5,3.2,202,SSW,8,0,13,0,0,OK
15/06/2026 22:21,24.6,62.6,0,212,SSW,8,0,13,0,0,OK
15/06/2026 22:22,24.6,62.7,9.7,241,WSW,9.7,0,13,0,0,OK
15/06/2026 22:23,24.6,62.5,1.6,248,WSW,9.7,0,13,0,0,OK
15/06/2026 22:24,24.6,62.7,3.2,186,S,9.7,0,13,0,0,OK
15/06/2026 22:25,24.6,62.7,1.6,268,W,9.7,0,13,0,0,OK
15/06/2026 22:26,24.6,62.8,6.4,216,SW,9.7,0,13,0,0,OK
15/06/2026 22:27,24.6,62.8,1.6,226,SW,9.7,0,13,0,0,OK
15/06/2026 22:28,24.5,62.9,0,209,SSW,9.7,0,13,0,0,OK
15/06/2026 22:29,24.5,63,3.2,205,SSW,9.7,0,13,0,0,OK
15/06/2026 22:30,24.5,63,0,195,SSW,9.7,0,13,0,0,OK
15/06/2026 22:31,24.5,63.1,0,219,SW,9.7,0,13,0,0,OK
15/06/2026 22:32,24.5,63.2,0,219,SW,8,0,13,0,0,OK
15/06/2026 22:33,24.5,63.3,0,237,WSW,8,0,13,0,0,OK
15/06/2026 22:34,24.5,63.3,4.8,282,WNW,8,0,13,0,0,OK
15/06/2026 22:35,24.5,63.4,1.6,220,SW,6.4,0,13,0,0,OK
15/06/2026 22:36,24.5,63.5,0,208,SSW,6.4,0,13,0,0,OK
15/06/2026 22:37,24.4,63.6,0,230,SW,6.4,0,13,0,0,OK
15/06/2026 22:38,24.4,63.7,1.6,216,SW,6.4,0,13,0,0,OK
15/06/2026 22:39,24.4,63.8,3.2,200,SSW,6.4,0,13,0,0,OK
15/06/2026 22:40,24.4,63.7,1.6,195,SSW,6.4,0,13,0,0,OK
15/06/2026 22:41,24.4,63.8,1.6,185,S,6.4,0,13,0,0,OK
15/06/2026 22:42,24.4,63.8,0,185,S,6.4,0,13,0,0,OK
15/06/2026 22:43,24.3,64,0,186,S,6.4,0,13,0,0,OK
15/06/2026 22:44,24.4,64.1,1.6,203,SSW,4.8,0,13,0,0,OK
15/06/2026 22:45,24.3,64.2,0,140,SE,4.8,0,13,0,0,OK
15/06/2026 22:46,24.3,64.5,3.2,145,SE,4.8,0,13,0,0,OK
15/06/2026 22:47,24.3,64.5,1.6,165,SSE,4.8,0,13,0,0,OK
15/06/2026 22:48,24.3,64.7,1.6,104,ESE,4.8,0,13,0,0,OK
15/06/2026 22:49,24.3,64.8,0,114,ESE,3.2,0,13,0,0,OK
15/06/2026 22:50,24.3,64.9,3.2,155,SSE,4.8,0,13,0,0,OK
15/06/2026 22:51,24.3,64.9,1.6,186,S,4.8,0,13,0,0,OK
15/06/2026 22:52,24.3,65.1,0,226,SW,4.8,0,13,0,0,OK
15/06/2026 22:53,24.3,65.2,0,188,S,4.8,0,13,0,0,OK
15/06/2026 22:54,24.2,65.2,1.6,168,SSE,4.8,0,13,0,0,OK
15/06/2026 22:55,24.2,65.4,0,185,S,4.8,0,13,0,0,OK
15/06/2026 22:56,24.2,65.5,4.8,208,SSW,6.4,0,13,0,0,OK
15/06/2026 22:57,24.2,65.5,0,208,SSW,6.4,0,13,0,0,OK
15/06/2026 22:58,24.2,65.6,4.8,217,SW,6.4,0,13,0,0,OK
15/06/2026 22:59,24.1,65.6,4.8,234,SW,6.4,0,13,0,0,OK
15/06/2026 23:00,24.1,65.8,4.8,213,SSW,6.4,0,13,0,0,OK
15/06/2026 23:01,24.1,65.8,1.6,234,SW,6.4,0,13,0,0,OK
15/06/2026 23:02,24.1,65.8,4.8,240,WSW,6.4,0,13,0,0,OK
15/06/2026 23:03,24.1,65.9,4.8,247,WSW,6.4,0,13,0,0,OK
15/06/2026 23:04,24.1,65.9,1.6,239,WSW,6.4,0,13,0,0,OK
15/06/2026 23:05,24,65.8,4.8,215,SW,4.8,0,13,0,0,OK
15/06/2026 23:06,24,66,3.2,202,SSW,4.8,0,13,0,0,OK
15/06/2026 23:07,24,66,3.2,191,S,4.8,0,13,0,0,OK
15/06/2026 23:08,24,66.1,0,191,S,6.4,0,13,0,0,OK
15/06/2026 23:09,24,66.4,0,212,SSW,6.4,0,13,0,0,OK
15/06/2026 23:10,24,66.5,0,212,SSW,6.4,0,13,0,0,OK
15/06/2026 23:11,23.9,66.6,0,189,S,6.4,0,13,0,0,OK
15/06/2026 23:12,23.9,66.7,1.6,151,SSE,6.4,0,13,0,0,OK
15/06/2026 23:13,23.9,66.8,0,152,SSE,6.4,0,13,0,0,OK
15/06/2026 23:14,23.9,66.9,1.6,179,S,6.4,0,13,0,0,OK
15/06/2026 23:15,23.9,66.8,3.2,191,S,6.4,0,13,0,0,OK
15/06/2026 23:16,23.9,66.8,3.2,209,SSW,4.8,0,13,0,0,OK
15/06/2026 23:17,23.9,67,1.6,188,S,4.8,0,13,0,0,OK
15/06/2026 23:18,23.9,66.8,3.2,216,SW,4.8,0,13,0,0,OK
15/06/2026 23:19,23.9,66.9,1.6,233,SW,6.4,0,13,0,0,OK
15/06/2026 23:20,23.8,66.7,0,219,SW,6.4,0,13,0,0,OK
15/06/2026 23:21,23.8,66.8,1.6,219,SW,6.4,0,13,0,0,OK
15/06/2026 23:22,23.8,66.8,0,212,SSW,6.4,0,13,0,0,OK
15/06/2026 23:23,23.8,66.9,1.6,236,SW,6.4,0,13,0,0,OK
15/06/2026 23:24,23.8,66.8,1.6,239,WSW,6.4,0,13,0,0,OK
15/06/2026 23:25,23.8,67,3.2,251,WSW,6.4,0,13,0,0,OK
15/06/2026 23:26,23.8,67,8,251,WSW,6.4,0,13,0,0,OK
15/06/2026 23:27,23.7,67.2,0,277,W,8,0,13,0,0,OK
15/06/2026 23:28,23.7,67.2,1.6,230,SW,8,0,13,0,0,OK
15/06/2026 23:29,23.7,67.2,3.2,239,WSW,8,0,13,0,0,OK
15/06/2026 23:30,23.7,67.3,1.6,254,WSW,8,0,13,0,0,OK
15/06/2026 23:31,23.7,67.2,0,198,SSW,8,0,13,0,0,OK
15/06/2026 23:32,23.7,67.4,4.8,229,SW,8,0,13,0,0,OK
15/06/2026 23:33,23.6,67.4,3.2,248,WSW,8,0,13,0,0,OK
15/06/2026 23:34,23.6,67.4,1.6,236,SW,8,0,13,0,0,OK
15/06/2026 23:35,23.6,67.6,1.6,226,SW,8,0,13,0,0,OK
15/06/2026 23:36,23.6,67.6,6.4,261,W,8,0,13,0,0,OK
15/06/2026 23:37,23.6,67.6,1.6,233,SW,8,0,13,0,0,OK
15/06/2026 23:38,23.6,67.7,4.8,191,S,8,0,13,0,0,OK
15/06/2026 23:39,23.6,67.8,6.4,198,SSW,8,0,13,0,0,OK
15/06/2026 23:40,23.6,67.9,3.2,209,SSW,8,0,13,0,0,OK
15/06/2026 23:41,23.6,67.9,6.4,198,SSW,8,0,13,0,0,OK
15/06/2026 23:42,23.6,68,3.2,219,SW,8,0,13,0,0,OK
15/06/2026 23:43,23.6,68.2,1.6,203,SSW,8,0,13,0,0,OK
15/06/2026 23:44,23.5,68.2,0,205,SSW,8,0,13,0,0,OK
15/06/2026 23:45,23.6,68.3,4.8,171,S,8,0,13,0,0,OK
15/06/2026 23:46,23.5,68.4,1.6,203,SSW,8,0,13,0,0,OK
15/06/2026 23:47,23.5,68.5,3.2,217,SW,8,0,13,0,0,OK
15/06/2026 23:48,23.5,68.6,4.8,181,S,8,0,13,0,0,OK
15/06/2026 23:49,23.5,68.8,4.8,199,SSW,8,0,13,0,0,OK
15/06/2026 23:50,23.5,68.9,4.8,158,SSE,9.7,0,13,0,0,OK
15/06/2026 23:51,23.5,69,8,191,S,9.7,0,13,0,0,OK
15/06/2026 23:52,23.5,69.1,1.6,224,SW,9.7,0,13,0,0,OK
15/06/2026 23:53,23.4,69.1,4.8,176,S,9.7,0,13,0,0,OK
15/06/2026 23:54,23.4,69.2,3.2,205,SSW,9.7,0,13,0,0,OK
15/06/2026 23:55,23.4,69.4,3.2,244,WSW,9.7,0,13,0,0,OK
15/06/2026 23:56,23.4,69.5,0,227,SW,9.7,0,13,0,0,OK
15/06/2026 23:57,23.4,69.5,0,227,SW,9.7,0,13,0,0,OK
15/06/2026 23:58,23.4,69.6,4.8,212,SSW,9.7,0,13,0,0,OK
15/06/2026 23:59,23.4,69.3,8,237,WSW,8,0,13,0,0,OK
16/06/2026 00:00,23.4,69.4,1.6,237,WSW,8,0,13,0,0,OK
16/06/2026 00:01,23.4,69.4,0,251,WSW,8,0,13,0,0,OK
16/06/2026 00:02,23.3,69.5,1.6,155,SSE,8,0,13,0,0,OK
16/06/2026 00:03,23.3,69.6,1.6,240,WSW,8,0,13,0,0,OK
16/06/2026 00:04,23.3,69.6,3.2,217,SW,8,0,13,0,0,OK
16/06/2026 00:05,23.3,69.7,4.8,219,SW,8,0,13,0,0,OK
16/06/2026 00:06,23.3,69.8,4.8,237,WSW,8,0,13,0,0,OK
16/06/2026 00:07,23.3,69.7,1.6,229,SW,8,0,13,0,0,OK
16/06/2026 00:08,23.3,69.8,1.6,212,SSW,6.4,0,13,0,0,OK
16/06/2026 00:09,23.3,70,4.8,210,SSW,6.4,0,13,0,0,OK
16/06/2026 00:10,23.2,70.1,1.6,193,SSW,8,0,13,0,0,OK
16/06/2026 00:11,23.2,70.2,1.6,210,SSW,8,0,13,0,0,OK
16/06/2026 00:12,23.2,70.5,0,227,SW,8,0,13,0,0,OK
16/06/2026 00:13,23.2,70.5,3.2,206,SSW,8,0,13,0,0,OK
16/06/2026 00:14,23.2,70.5,3.2,157,SSE,8,0,13,0,0,OK
16/06/2026 00:15,23.2,70.7,1.6,189,S,8,0,13,0,0,OK
16/06/2026 00:16,23.1,70.8,6.4,174,S,8,0,13,0,0,OK
16/06/2026 00:17,23.1,70.7,4.8,165,SSE,9.7,0,13,0,0,OK
16/06/2026 00:18,23.1,71.1,4.8,169,S,9.7,0,13,0,0,OK
16/06/2026 00:19,23.1,71.2,4.8,213,SSW,9.7,0,13,0,0,OK
16/06/2026 00:20,23.1,71.1,8,186,S,9.7,0,13,0,0,OK
16/06/2026 00:21,23.1,71.1,3.2,191,S,11.3,0,13,0,0,OK
16/06/2026 00:22,23,71.3,8,175,S,11.3,0,13,0,0,OK
16/06/2026 00:23,23,71.4,6.4,200,SSW,11.3,0,13,0,0,OK
16/06/2026 00:24,23,71.6,4.8,147,SSE,11.3,0,13,0,0,OK
16/06/2026 00:25,23,71.7,11.3,165,SSE,11.3,0,13,0,0,OK
16/06/2026 00:26,22.9,71.7,3.2,175,S,11.3,0,13,0,0,OK
16/06/2026 00:27,22.9,72.2,6.4,233,SW,12.9,0,13,0,0,OK
16/06/2026 00:28,22.9,72.2,1.6,200,SSW,12.9,0,13,0,0,OK
16/06/2026 00:29,22.9,72.2,4.8,152,SSE,12.9,0,13,0,0,OK
16/06/2026 00:30,22.9,72.5,3.2,172,S,12.9,0,13,0,0,OK
16/06/2026 00:31,22.8,73,6.4,203,SSW,12.9,0,13,0,0,OK
16/06/2026 00:32,22.8,73.1,6.4,167,SSE,12.9,0,13,0,0,OK
16/06/2026 00:33,22.8,73.5,8,216,SW,12.9,0,13,0,0,OK
16/06/2026 00:34,22.7,73.4,6.4,234,SW,12.9,0,13,0,0,OK
16/06/2026 00:35,22.6,74.1,4.8,223,SW,12.9,0,13,0,0,OK
16/06/2026 00:36,22.6,74.5,3.2,233,SW,12.9,0,13,0,0,OK
16/06/2026 00:37,22.6,74.6,6.4,219,SW,12.9,0,13,0,0,OK
16/06/2026 00:38,22.6,74.8,4.8,193,SSW,12.9,0,13,0,0,OK
16/06/2026 00:39,22.5,75,4.8,193,SSW,12.9,0,13,0,0,OK
16/06/2026 00:40,22.5,75.2,1.6,195,SSW,12.9,0,13,0,0,OK
16/06/2026 00:41,22.5,75.1,6.4,182,S,12.9,0,13,0,0,OK
16/06/2026 00:42,22.5,75.7,9.7,175,S,12.9,0,13,0,0,OK
16/06/2026 00:43,22.5,75.6,4.8,184,S,11.3,0,13,0,0,OK
16/06/2026 00:44,22.5,75.9,1.6,220,SW,11.3,0,13,0,0,OK
16/06/2026 00:45,22.4,75.9,6.4,191,S,11.3,0,13,0,0,OK
16/06/2026 00:46,22.4,76.4,1.6,209,SSW,11.3,0,13,0,0,OK
16/06/2026 00:47,22.4,76.3,3.2,182,S,11.3,0,13,0,0,OK
16/06/2026 00:48,22.4,76.1,6.4,169,S,11.3,0,13,0,0,OK
16/06/2026 00:49,22.4,76.4,1.6,212,SSW,11.3,0,13,0,0,OK
16/06/2026 00:50,22.4,76.3,6.4,193,SSW,11.3,0,13,0,0,OK
16/06/2026 00:51,22.4,76.5,3.2,212,SSW,11.3,0,13,0,0,OK
16/06/2026 00:52,22.4,76.6,4.8,162,SSE,11.3,0,13,0,0,OK
16/06/2026 00:53,22.4,77.1,3.2,244,WSW,11.3,0,13,0,0,OK
16/06/2026 00:54,22.4,76.7,9.7,181,S,11.3,0,13,0,0,OK
16/06/2026 00:55,22.3,77.2,4.8,158,SSE,11.3,0,13,0,0,OK
16/06/2026 00:56,22.3,77.1,3.2,123,ESE,11.3,0,13,0,0,OK
16/06/2026 00:57,22.3,77.2,4.8,168,SSE,9.7,0,13,0,0,OK
16/06/2026 00:58,22.3,76.9,3.2,127,SE,9.7,0,13,0,0,OK
16/06/2026 00:59,22.3,77.8,0,230,SW,9.7,0,13,0,0,OK
16/06/2026 01:00,22.3,77,3.2,165,SSE,9.7,0,13,0,0,OK
16/06/2026 01:01,22.2,77.1,1.6,192,SSW,9.7,0,13,0,0,OK
16/06/2026 01:02,22.3,77.6,0,192,SSW,9.7,0,13,0,0,OK
16/06/2026 01:03,22.2,77.5,0,192,SSW,9.7,0,13,0,0,OK
16/06/2026 01:04,22.2,75.6,0,150,SSE,9.7,0,13,0,0,OK
16/06/2026 01:05,22.2,75.8,0,150,SSE,4.8,0,13,0,0,OK
16/06/2026 01:06,22.1,77.4,0,150,SSE,4.8,0,13,0,0,OK
16/06/2026 01:07,22.1,77.8,0,150,SSE,4.8,0,13,0,0,OK
16/06/2026 01:08,22.1,78.4,0,150,SSE,3.2,0,13,0,0,OK
16/06/2026 01:09,22.1,78.7,0,150,SSE,3.2,0,13,0,0,OK
16/06/2026 01:10,22.1,77.8,0,333,NNW,3.2,0,13,0,0,OK
16/06/2026 01:11,22,77.5,0,333,NNW,3.2,0,13,0,0,OK
16/06/2026 01:12,22,78.2,0,333,NNW,3.2,0,13,0,0,OK
16/06/2026 01:13,21.9,78.5,0,333,NNW,3.2,0,13,0,0,OK
16/06/2026 01:14,21.9,78.3,0,333,NNW,3.2,0,13,0,0,OK
16/06/2026 01:15,21.8,78.1,3.2,0,N,3.2,0,13,0,0,OK
16/06/2026 01:16,21.7,78.4,1.6,354,N,3.2,0,13,0,0,OK
16/06/2026 01:17,21.6,79.1,3.2,346,NNW,3.2,0,13,0,0,OK
16/06/2026 01:18,21.6,79,1.6,360,N,3.2,0,13,0,0,OK
16/06/2026 01:19,21.5,78,1.6,356,N,3.2,0,13,0,0,OK
16/06/2026 01:20,21.4,79,1.6,356,N,3.2,0,13,0,0,OK
16/06/2026 01:21,21.3,80.3,0,356,N,3.2,0,13,0,0,OK
16/06/2026 01:22,21.3,80.3,0,42,NE,3.2,0,13,0,0,OK
16/06/2026 01:23,21.2,80.7,0,42,NE,3.2,0,13,0,0,OK
16/06/2026 01:24,21.1,79.6,0,59,ENE,3.2,0,13,0,0,OK
16/06/2026 01:25,21.1,79.9,0,59,ENE,3.2,0,13,0,0,OK
16/06/2026 01:26,21.1,78.4,1.6,95,E,3.2,0,13,0,0,OK
16/06/2026 01:27,21,79.2,1.6,95,E,3.2,0,13,0,0,OK
16/06/2026 01:28,21,79.7,1.6,95,E,3.2,0,13,0,0,OK
16/06/2026 01:29,20.9,80.7,0,117,ESE,3.2,0,13,0,0,OK
16/06/2026 01:30,20.9,80.6,0,137,SE,3.2,0,13,0,0,OK
16/06/2026 01:31,20.9,80.7,0,137,SE,3.2,0,13,0,0,OK
16/06/2026 01:32,20.9,81,0,137,SE,3.2,0,13,0,0,OK
16/06/2026 01:33,20.9,80.8,0,137,SE,3.2,0,13,0,0,OK
16/06/2026 01:34,20.9,80.7,0,137,SE,3.2,0,13,0,0,OK
16/06/2026 01:35,20.9,81.2,0,137,SE,3.2,0,13,0,0,OK
16/06/2026 01:36,20.9,81.8,0,137,SE,1.6,0,13,0,0,OK
16/06/2026 01:37,20.8,82.5,0,109,ESE,0,0,13,0,0,OK
16/06/2026 01:38,20.8,82.2,0,109,ESE,0,0,13,0,0,OK
16/06/2026 01:39,20.8,82.7,0,109,ESE,0,0,13,0,0,OK
16/06/2026 01:40,20.8,82.2,0,86,E,0,0,13,0,0,OK
16/06/2026 01:41,20.7,82.7,0,86,E,0,0,13,0,0,OK
16/06/2026 01:42,20.7,82,0,86,E,0,0,13,0,0,OK
16/06/2026 01:43,20.7,81.2,0,86,E,0,0,13,0,0,OK
16/06/2026 01:44,20.6,80.9,0,64,ENE,0,0,13,0,0,OK
16/06/2026 01:45,20.6,82,0,64,ENE,0,0,13,0,0,OK
16/06/2026 01:46,20.6,82.4,0,64,ENE,0,0,13,0,0,OK
16/06/2026 01:47,20.6,82.3,0,64,ENE,0,0,13,0,0,OK
16/06/2026 01:48,20.6,82.4,0,27,NNE,0,0,13,0,0,OK
16/06/2026 01:49,20.6,82,0,27,NNE,0,0,13,0,0,OK
16/06/2026 01:50,20.5,82.4,0,27,NNE,0,0,13,0,0,OK
16/06/2026 01:51,20.5,82.2,0,27,NNE,0,0,13,0,0,OK
16/06/2026 01:52,20.5,80.8,0,27,NNE,0,0,13,0,0,OK
16/06/2026 01:53,20.5,80.9,0,40,NE,0,0,13,0,0,OK
16/06/2026 01:54,20.4,80.9,0,38,NE,0,0,13,0,0,OK
16/06/2026 01:55,20.4,81.4,3.2,95,E,3.2,0,13,0,0,OK
16/06/2026 01:57,20.4,81.3,1.6,72,ENE,4.8,0,13,0,0,OK
16/06/2026 01:58,20.4,81.6,3.2,88,E,4.8,0,13,0,0,OK
16/06/2026 01:59,20.3,80.8,3.2,79,E,6.4,0,13,0,0,OK
16/06/2026 02:00,20.3,80.8,1.6,86,E,6.4,0,13,0,0,OK
16/06/2026 02:01,20.3,81.1,0,64,ENE,6.4,0,13,0,0,OK
16/06/2026 02:02,20.2,81.7,0,64,ENE,6.4,0,13,0,0,OK
16/06/2026 02:03,20.2,82.4,0,64,ENE,6.4,0,13,0,0,OK
16/06/2026 02:04,20.1,80.6,1.6,72,ENE,6.4,0,13,0,0,OK
16/06/2026 02:05,20.1,80.6,4.8,72,ENE,6.4,0,13,0,0,OK
16/06/2026 02:06,20,79.2,1.6,80,E,6.4,0,13,0,0,OK
16/06/2026 02:07,20,80.2,0,80,E,6.4,0,13,0,0,OK
16/06/2026 02:08,20,80.9,3.2,126,SE,6.4,0,13,0,0,OK
16/06/2026 02:09,20,80,1.6,154,SSE,6.4,0,13,0,0,OK
16/06/2026 02:10,20,80.2,0,154,SSE,6.4,0,13,0,0,OK
16/06/2026 02:11,20,80.7,0,154,SSE,6.4,0,13,0,0,OK
16/06/2026 02:12,20,80.3,0,154,SSE,6.4,0,13,0,0,OK
16/06/2026 02:13,20,81,0,154,SSE,6.4,0,13,0,0,OK
16/06/2026 02:14,20,80.4,0,154,SSE,4.8,0,13,0,0,OK
16/06/2026 02:15,20,80.5,0,154,SSE,4.8,0,13,0,0,OK
16/06/2026 02:16,20,80.8,0,154,SSE,4.8,0,13,0,0,OK
16/06/2026 02:17,20,80.9,0,154,SSE,4.8,0,13,0,0,OK
16/06/2026 02:18,20,81.2,0,154,SSE,1.6,0,13,0,0,OK
16/06/2026 02:19,20,80.9,0,154,SSE,0,0,13,0,0,OK
16/06/2026 02:20,20,81.5,0,154,SSE,0,0,13,0,0,OK
16/06/2026 02:21,20,81.8,0,176,S,0,0,13,0,0,OK
16/06/2026 02:22,20,81.4,0,176,S,0,0,13,0,0,OK
16/06/2026 02:23,20,81.2,0,176,S,0,0,13,0,0,OK
16/06/2026 02:24,20,81.4,0,217,SW,3.2,0,13,0,0,OK
16/06/2026 02:25,20,81.4,0,217,SW,3.2,0,13,0,0,OK
16/06/2026 02:26,20,82.2,0,217,SW,3.2,0,13,0,0,OK
16/06/2026 02:27,20,82,0,217,SW,3.2,0,13,0,0,OK
16/06/2026 02:28,20,82.1,4.8,217,SW,3.2,0,13,0,0,OK
16/06/2026 02:29,20,81.4,3.2,217,SW,6.4,0,13,0,0,OK
16/06/2026 02:30,20,81.6,6.4,223,SW,6.4,0,13,0,0,OK
16/06/2026 02:31,19.9,80.2,3.2,253,WSW,8,0,13,0,0,OK
16/06/2026 02:32,19.9,80.5,6.4,233,SW,8,0,13,0,0,OK
16/06/2026 02:33,19.9,80.2,3.2,244,WSW,8,0,13,0,0,OK
16/06/2026 02:34,19.9,80.5,3.2,241,WSW,8,0,13,0,0,OK
16/06/2026 02:35,19.9,80.2,3.2,215,SW,8,0,13,0,0,OK
16/06/2026 02:36,19.8,80.3,3.2,222,SW,8,0,13,0,0,OK
16/06/2026 02:37,19.8,80.7,1.6,224,SW,8,0,13,0,0,OK
16/06/2026 02:38,19.8,80.7,4.8,229,SW,8,0,13,0,0,OK
16/06/2026 02:39,19.8,80.5,4.8,229,SW,8,0,13,0,0,OK
16/06/2026 02:40,19.7,79.9,3.2,223,SW,8,0,13,0,0,OK
16/06/2026 02:41,19.7,80.1,3.2,223,SW,6.4,0,13,0,0,OK
16/06/2026 02:42,19.6,79.1,3.2,226,SW,6.4,0,13,0,0,OK
16/06/2026 02:43,19.6,79.2,3.2,212,SSW,6.4,0,13,0,0,OK
16/06/2026 02:44,19.6,79.8,0,205,SSW,6.4,0,13,0,0,OK
16/06/2026 02:45,19.6,80,1.6,182,S,6.4,0,13,0,0,OK
16/06/2026 02:46,19.6,79.8,0,184,S,6.4,0,13,0,0,OK
16/06/2026 02:47,19.6,80.2,3.2,191,S,6.4,0,13,0,0,OK
16/06/2026 02:48,19.6,80,0,196,SSW,6.4,0,13,0,0,OK
16/06/2026 02:49,19.6,80.5,1.6,210,SSW,6.4,0,13,0,0,OK
16/06/2026 02:50,19.6,80,1.6,175,S,6.4,0,13,0,0,OK
16/06/2026 02:51,19.6,80.5,1.6,182,S,6.4,0,13,0,0,OK
16/06/2026 02:52,19.6,80,3.2,203,SSW,6.4,0,13,0,0,OK
16/06/2026 02:53,19.6,80,3.2,202,SSW,6.4,0,13,0,0,OK
16/06/2026 02:54,19.6,80.7,0,233,SW,6.4,0,13,0,0,OK
16/06/2026 02:55,19.5,80.3,3.2,230,SW,6.4,0,13,0,0,OK
16/06/2026 02:56,19.5,79.5,3.2,237,WSW,6.4,0,13,0,0,OK
16/06/2026 02:57,19.5,79.6,1.6,239,WSW,6.4,0,13,0,0,OK
16/06/2026 02:58,19.5,80.1,1.6,257,WSW,6.4,0,13,0,0,OK
16/06/2026 02:59,19.4,79.7,1.6,229,SW,6.4,0,13,0,0,OK
16/06/2026 03:00,19.4,78.9,3.2,185,S,6.4,0,13,0,0,OK
16/06/2026 03:01,19.4,78.6,1.6,216,SW,6.4,0,13,0,0,OK
16/06/2026 03:02,19.4,79.1,0,216,SW,6.4,0,13,0,0,OK
16/06/2026 03:03,19.4,79.2,3.2,184,S,6.4,0,13,0,0,OK
16/06/2026 03:04,19.4,79.1,0,202,SSW,6.4,0,13,0,0,OK
16/06/2026 03:05,19.4,79.8,1.6,202,SSW,6.4,0,13,0,0,OK
16/06/2026 03:06,19.4,80,0,210,SSW,4.8,0,13,0,0,OK
16/06/2026 03:07,19.5,79.9,0,210,SSW,4.8,0,13,0,0,OK
16/06/2026 03:08,19.4,80,0,210,SSW,4.8,0,13,0,0,OK
16/06/2026 03:09,19.5,79.8,0,210,SSW,4.8,0,13,0,0,OK
16/06/2026 03:10,19.5,80.1,0,210,SSW,4.8,0,13,0,0,OK
16/06/2026 03:11,19.5,79.7,0,210,SSW,4.8,0,13,0,0,OK
16/06/2026 03:12,19.5,80,3.2,196,SSW,3.2,0,13,0,0,OK
16/06/2026 03:13,19.5,79.7,0,203,SSW,3.2,0,13,0,0,OK
16/06/2026 03:14,19.5,79.9,0,212,SSW,3.2,0,13,0,0,OK
16/06/2026 03:15,19.5,79.6,0,212,SSW,3.2,0,13,0,0,OK
16/06/2026 03:16,19.5,80.3,3.2,220,SW,3.2,0,13,0,0,OK
16/06/2026 03:17,19.5,79.9,3.2,261,W,4.8,0,13,0,0,OK
16/06/2026 03:18,19.5,79.7,3.2,220,SW,4.8,0,13,0,0,OK
16/06/2026 03:19,19.5,79.7,0,248,WSW,4.8,0,13,0,0,OK
16/06/2026 03:20,19.5,79.4,3.2,227,SW,4.8,0,13,0,0,OK
16/06/2026 03:21,19.5,79,3.2,265,W,6.4,0,13,0,0,OK
16/06/2026 03:22,19.5,78.3,4.8,253,WSW,6.4,0,13,0,0,OK
16/06/2026 03:23,19.5,78.3,3.2,233,SW,6.4,0,13,0,0,OK
16/06/2026 03:24,19.5,77.6,4.8,247,WSW,6.4,0,13,0,0,OK
16/06/2026 03:25,19.5,77.4,1.6,226,SW,6.4,0,13,0,0,OK
16/06/2026 03:26,19.5,77.7,4.8,205,SSW,6.4,0,13,0,0,OK
16/06/2026 03:27,19.5,77.3,0,200,SSW,6.4,0,13,0,0,OK
16/06/2026 03:28,19.5,78,3.2,168,SSE,6.4,0,13,0,0,OK
16/06/2026 03:29,19.5,78.3,1.6,198,SSW,6.4,0,13,0,0,OK
16/06/2026 03:30,19.5,78.2,3.2,178,S,6.4,0,13,0,0,OK
16/06/2026 03:31,19.5,78.4,3.2,182,S,6.4,0,13,0,0,OK
16/06/2026 03:32,19.5,78.2,1.6,186,S,6.4,0,13,0,0,OK
16/06/2026 03:33,19.5,78.8,4.8,184,S,4.8,0,13,0,0,OK
16/06/2026 03:34,19.5,78,3.2,167,SSE,4.8,0,13,0,0,OK
16/06/2026 03:35,19.5,77.4,1.6,176,S,4.8,0,13,0,0,OK
16/06/2026 03:36,19.5,77.6,0,171,S,4.8,0,13,0,0,OK
16/06/2026 03:37,19.5,77.8,1.6,193,SSW,4.8,0,13,0,0,OK
16/06/2026 03:38,19.5,78.2,1.6,230,SW,4.8,0,13,0,0,OK
16/06/2026 03:39,19.5,78.9,1.6,193,SSW,4.8,0,13,0,0,OK
16/06/2026 03:40,19.5,78.3,1.6,175,S,4.8,0,13,0,0,OK
16/06/2026 03:41,19.5,78.4,4.8,165,SSE,4.8,0,13,0,0,OK
16/06/2026 03:42,19.5,78.4,3.2,148,SSE,6.4,0,13,0,0,OK
16/06/2026 03:43,19.5,78,3.2,165,SSE,6.4,0,13,0,0,OK
16/06/2026 03:44,19.5,78.3,1.6,179,S,6.4,0,13,0,0,OK
16/06/2026 03:45,19.5,79,1.6,216,SW,6.4,0,13,0,0,OK
16/06/2026 03:46,19.5,78.6,3.2,165,SSE,6.4,0,13,0,0,OK
16/06/2026 03:47,19.5,78.7,3.2,174,S,6.4,0,13,0,0,OK
16/06/2026 03:48,19.5,77.9,3.2,152,SSE,6.4,0,13,0,0,OK
16/06/2026 03:49,19.5,77.9,1.6,182,S,6.4,0,13,0,0,OK
16/06/2026 03:50,19.5,78.2,1.6,181,S,6.4,0,13,0,0,OK
16/06/2026 03:51,19.4,77.3,0,143,SE,6.4,0,13,0,0,OK
16/06/2026 03:52,19.4,77.8,1.6,157,SSE,6.4,0,13,0,0,OK
16/06/2026 03:53,19.5,77.7,0,158,SSE,6.4,0,13,0,0,OK
16/06/2026 03:54,19.5,78.9,1.6,202,SSW,6.4,0,13,0,0,OK
16/06/2026 03:55,19.5,77.7,0,227,SW,6.4,0,13,0,0,OK
16/06/2026 03:56,19.4,78.7,1.6,233,SW,4.8,0,13,0,0,OK
16/06/2026 03:57,19.4,78.6,0,233,SW,4.8,0,13,0,0,OK
16/06/2026 03:58,19.4,78.7,0,233,SW,3.2,0,13,0,0,OK
16/06/2026 03:59,19.4,78.1,0,233,SW,3.2,0,13,0,0,OK
16/06/2026 04:00,19.4,78.6,0,233,SW,3.2,0,13,0,0,OK
16/06/2026 04:01,19.4,79.4,0,233,SW,3.2,0,13,0,0,OK
16/06/2026 04:02,19.4,79.3,1.6,233,SW,3.2,0,13,0,0,OK
16/06/2026 04:03,19.4,79.6,1.6,270,W,3.2,0,13,0,0,OK
16/06/2026 04:04,19.4,78.9,3.2,306,NW,3.2,0,13,0,0,OK
16/06/2026 04:05,19.3,77.8,4.8,284,WNW,6.4,0,13,0,0,OK
16/06/2026 04:06,19.3,75.5,4.8,275,W,6.4,0,13,0,0,OK
16/06/2026 04:07,19.3,74.4,3.2,271,W,6.4,0,13,0,0,OK
16/06/2026 04:08,19.3,73.7,1.6,281,W,6.4,0,13,0,0,OK
16/06/2026 04:09,19.3,74.3,1.6,282,WNW,6.4,0,13,0,0,OK
16/06/2026 04:10,19.3,74,3.2,294,WNW,6.4,0,13,0,0,OK
16/06/2026 04:11,19.3,74.2,1.6,312,NW,6.4,0,13,0,0,OK
16/06/2026 04:12,19.3,74.4,3.2,312,NW,6.4,0,13,0,0,OK
16/06/2026 04:13,19.2,73.8,0,312,NW,6.4,0,13,0,0,OK
16/06/2026 04:14,19.2,74.8,3.2,287,WNW,6.4,0,13,0,0,OK
16/06/2026 04:15,19.2,75.1,0,299,WNW,4.8,0,13,0,0,OK
16/06/2026 04:16,19.1,74.7,3.2,289,WNW,4.8,0,13,0,0,OK
16/06/2026 04:17,19.1,74.7,1.6,289,WNW,4.8,0,13,0,0,OK
16/06/2026 04:18,19.1,74.5,1.6,289,WNW,4.8,0,13,0,0,OK
16/06/2026 04:19,19.1,74.2,1.6,289,WNW,4.8,0,13,0,0,OK
16/06/2026 04:20,19.1,74.7,0,289,WNW,4.8,0,13,0,0,OK
16/06/2026 04:21,19.1,75.1,0,289,WNW,4.8,0,13,0,0,OK
16/06/2026 04:22,19,75.6,0,289,WNW,4.8,0,13,0,0,OK
16/06/2026 04:23,19,75.1,0,289,WNW,4.8,0,13,0,0,OK
16/06/2026 04:24,19,74.9,0,289,WNW,4.8,0,13,0,0,OK
16/06/2026 04:25,19,74.7,0,289,WNW,3.2,0,13,0,0,OK
16/06/2026 04:26,19,75.2,0,289,WNW,3.2,0,13,0,0,OK
16/06/2026 04:27,19,75.3,0,289,WNW,3.2,0,13,0,0,OK
16/06/2026 04:28,19,75.6,0,289,WNW,1.6,0,13,0,0,OK
16/06/2026 04:29,18.9,75.4,0,289,WNW,1.6,0,13,0,0,OK
16/06/2026 04:30,18.9,75.8,0,289,WNW,1.6,0,13,0,0,OK
16/06/2026 04:31,18.9,76.3,0,289,WNW,1.6,0,13,0,0,OK
16/06/2026 04:32,18.9,76.6,0,289,WNW,1.6,0,13,0,0,OK
16/06/2026 04:33,18.9,77,0,289,WNW,0,0,13,0,0,OK
16/06/2026 04:34,18.8,77.1,0,289,WNW,0,0,13,0,0,OK
16/06/2026 04:35,18.8,75.9,0,289,WNW,0,0,13,0,0,OK
16/06/2026 04:36,18.8,76.1,1.6,289,WNW,0,0,13,0,0,OK
16/06/2026 04:37,18.8,76.4,0,289,WNW,3.2,0,13,0,0,OK
16/06/2026 04:38,18.7,76.9,0,289,WNW,3.2,0,13,0,0,OK
16/06/2026 04:39,18.7,77.4,0,289,WNW,3.2,0,13,0,0,OK
16/06/2026 04:40,18.7,77.3,0,289,WNW,3.2,0,13,0,0,OK
16/06/2026 04:41,18.7,78,0,289,WNW,3.2,0,13,0,0,OK
16/06/2026 04:42,18.7,77.8,0,289,WNW,3.2,0,13,0,0,OK
16/06/2026 04:43,18.7,78.8,0,289,WNW,3.2,0,13,0,0,OK
16/06/2026 04:44,18.7,79.1,9.7,304,WNW,3.2,0,13,0,0,OK
16/06/2026 04:45,18.7,79.8,6.4,315,NW,9.7,0,13,0,0,OK
16/06/2026 04:46,18.7,80.1,4.8,301,WNW,9.7,0,13,0,0,OK
16/06/2026 04:47,18.7,80.4,6.4,284,WNW,9.7,0,13,0,0,OK
16/06/2026 04:48,18.8,80.7,9.7,306,NW,9.7,0,13,0,0,OK
16/06/2026 04:49,18.7,80.8,9.7,304,WNW,11.3,0,13,0,0,OK
16/06/2026 04:50,18.7,80.9,4.8,311,NW,11.3,0,13,0,0,OK
16/06/2026 04:51,18.7,80.9,1.6,329,NNW,11.3,0,13,0,0,OK
16/06/2026 04:52,18.7,81.1,1.6,346,NNW,11.3,0,13,0,0,OK
16/06/2026 04:53,18.7,81.4,1.6,330,NNW,11.3,0,13,0,0,OK
16/06/2026 04:54,18.7,81.6,1.6,330,NNW,11.3,0,13,0,0,OK
16/06/2026 04:55,18.6,81.7,3.2,330,NNW,11.3,0,13,0,0,OK
16/06/2026 04:56,18.7,81.8,0,323,NW,11.3,0,13,0,0,OK
16/06/2026 04:57,18.7,82,3.2,313,NW,11.3,0,13,0,0,OK
16/06/2026 04:58,18.7,81.8,6.4,298,WNW,11.3,0,13,0,0,OK
16/06/2026 04:59,18.7,81.6,4.8,333,NNW,6.4,0,13,0,0,OK
16/06/2026 05:00,18.8,81.6,4.8,325,NW,6.4,0,13,0,0,OK
16/06/2026 05:01,18.8,80.9,6.4,296,WNW,6.4,0,13,0,0,OK
16/06/2026 05:02,18.8,80.3,8,328,NNW,12.9,0,13,0,0,OK
16/06/2026 05:03,18.8,80.1,4.8,291,WNW,12.9,0,13,0,0,OK
16/06/2026 05:04,18.8,80.2,6.4,301,WNW,12.9,0,13,0,0,OK
16/06/2026 05:05,18.7,80,8,298,WNW,12.9,0,13,0,0,OK
16/06/2026 05:06,18.7,80.2,3.2,301,WNW,12.9,0,13,0,0,OK
16/06/2026 05:07,18.7,80.3,3.2,278,W,12.9,0,13,0,0,OK
16/06/2026 05:08,18.7,80.5,4.8,277,W,12.9,0,13,0,0,OK
16/06/2026 05:09,18.7,80.7,8,328,NNW,12.9,0,13,0,0,OK
16/06/2026 05:10,18.6,80.6,3.2,335,NNW,14.5,0,13,0,0,OK
16/06/2026 05:11,18.6,81.1,3.2,285,WNW,14.5,0,13,0,0,OK
16/06/2026 05:12,18.6,81.2,1.6,301,WNW,14.5,0,13,0,0,OK
16/06/2026 05:13,18.6,81,0,301,WNW,14.5,0,13,0,0,OK
16/06/2026 05:14,18.6,81,3.2,306,NW,14.5,0,13,0,0,OK
16/06/2026 05:15,18.6,81,3.2,268,W,14.5,0,13,0,0,OK
16/06/2026 05:16,18.6,81.1,4.8,298,WNW,14.5,0,13,0,0,OK
16/06/2026 05:17,18.5,81.4,3.2,291,WNW,14.5,0,13,0,0,OK
16/06/2026 05:18,18.5,81.8,3.2,271,W,9.7,0,13,0,0,OK
16/06/2026 05:19,18.5,81.7,4.8,271,W,9.7,0,13,0,0,OK
16/06/2026 05:20,18.4,81.8,3.2,280,W,9.7,0,13,0,0,OK
16/06/2026 05:21,18.4,82,8,274,W,9.7,0,13,0,0,OK
16/06/2026 05:22,18.4,82.1,6.4,280,W,9.7,0,13,0,0,OK
16/06/2026 05:23,18.4,82.2,6.4,256,WSW,9.7,0,13,0,0,OK
16/06/2026 05:24,18.4,82.5,4.8,296,WNW,9.7,0,13,0,0,OK
16/06/2026 05:25,18.4,82.4,1.6,282,WNW,9.7,0,13,0,0,OK
16/06/2026 05:26,18.4,82.7,4.8,288,WNW,8,0,13,0,0,OK
16/06/2026 05:27,18.4,82.5,1.6,277,W,8,0,13,0,0,OK
16/06/2026 05:28,18.3,82.7,3.2,305,NW,8,0,13,0,0,OK
16/06/2026 05:29,18.4,82.8,0,305,NW,8,0,13,0,0,OK
16/06/2026 05:30,18.3,83,0,274,W,8,0,13,0,0,OK
16/06/2026 05:31,18.4,82.8,3.2,288,WNW,8,0,13,0,0,OK
16/06/2026 05:32,18.4,82.9,1.6,285,WNW,6.4,0,13,0,0,OK
16/06/2026 05:33,18.3,83,1.6,271,W,6.4,0,13,0,0,OK
16/06/2026 05:34,18.3,82.8,4.8,265,W,6.4,0,13,0,0,OK
16/06/2026 05:35,18.4,82.8,3.2,308,NW,4.8,0,13,0,0,OK
16/06/2026 05:36,18.4,82.7,4.8,291,WNW,8,0,13,0,0,OK
16/06/2026 05:37,18.4,82.7,4.8,280,W,8,0,13,0,0,OK
16/06/2026 05:38,18.4,82.6,3.2,301,WNW,8,0,13,0,0,OK
16/06/2026 05:39,18.4,82.6,1.6,248,WSW,8,0,13,0,0,OK
16/06/2026 05:40,18.4,82.6,1.6,265,W,8,0,13,0,0,OK
16/06/2026 05:41,18.4,82.5,1.6,337,NNW,8,0,13,0,0,OK
16/06/2026 05:42,18.4,82.3,3.2,318,NW,8,0,13,0,0,OK
16/06/2026 05:43,18.4,82.4,1.6,281,W,8,0,13,0,0,OK
16/06/2026 05:44,18.4,82.5,1.6,294,WNW,8,0,13,0,0,OK
16/06/2026 05:45,18.4,82.2,0,265,W,8,0,13,0,0,OK
16/06/2026 05:46,18.4,82.3,3.2,250,WSW,8,0,13,0,0,OK
16/06/2026 05:47,18.4,82.4,4.8,264,W,6.4,0,13,0,1.8,OK
16/06/2026 05:48,18.4,82.3,4.8,325,NW,6.4,0,13,0,1.8,OK
16/06/2026 05:49,18.4,82.3,3.2,291,WNW,6.4,0,13,0,1.8,OK
16/06/2026 05:50,18.4,82.4,3.2,288,WNW,6.4,0,13,0,1.8,OK
16/06/2026 05:51,18.4,82.6,8,304,WNW,8,0,13,0,1.8,OK
16/06/2026 05:52,18.4,82.6,4.8,282,WNW,8,0,13,0,1.8,OK
16/06/2026 05:53,18.4,82.6,4.8,265,W,9.7,0,13,0,1.8,OK
16/06/2026 05:54,18.4,82.7,6.4,278,W,9.7,0,13,0,1.8,OK
16/06/2026 05:55,18.4,82.7,6.4,264,W,9.7,0,13,0,1.8,OK
16/06/2026 05:56,18.4,82.7,6.4,305,NW,9.7,0,13,0,1.8,OK
16/06/2026 05:57,18.4,82.6,4.8,277,W,9.7,0,13,0,1.8,OK
16/06/2026 05:58,18.4,82.8,4.8,296,WNW,9.7,0,13,0,1.8,OK
16/06/2026 05:59,18.4,82.9,1.6,271,W,9.7,0,13,0,1.8,OK
16/06/2026 06:00,18.4,82.9,0,271,W,9.7,0,13,0,3.5,OK
16/06/2026 06:01,18.4,83,0,309,NW,9.7,0,13,0,3.5,OK
16/06/2026 06:02,18.4,83.2,3.2,296,WNW,8,0,13,0,3.5,OK
16/06/2026 06:03,18.4,83.4,6.4,298,WNW,8,0,13,0,3.5,OK
16/06/2026 06:04,18.4,83.1,4.8,309,NW,8,0,13,0,5.3,OK
16/06/2026 06:05,18.4,83.2,1.6,302,WNW,8,0,13,0,5.3,OK
16/06/2026 06:06,18.5,83.3,1.6,281,W,8,0,13,0,5.3,OK
16/06/2026 06:07,18.4,83.1,4.8,298,WNW,8,0,13,0,5.3,OK
16/06/2026 06:08,18.5,82.9,3.2,278,W,8,0,13,0,7,OK
16/06/2026 06:09,18.5,83.3,1.6,288,WNW,8,0,13,0,7,OK
16/06/2026 06:10,18.5,83.4,4.8,268,W,8,0,13,0,7,OK
16/06/2026 06:11,18.5,82.8,3.2,268,W,8,0,13,0,8.8,OK
16/06/2026 06:12,18.5,83.1,4.8,288,WNW,8,0,13,0,8.8,OK
16/06/2026 06:13,18.5,83.1,4.8,287,WNW,6.4,0,13,0,10.5,OK
16/06/2026 06:14,18.5,82.9,1.6,308,NW,6.4,0,13,0,10.5,OK
16/06/2026 06:15,18.5,83,1.6,288,WNW,6.4,0,13,0,10.5,OK
16/06/2026 06:16,18.5,83.1,0,267,W,6.4,0,13,0,12.3,OK
16/06/2026 06:17,18.5,83,1.6,299,WNW,6.4,0,13,0,12.3,OK
16/06/2026 06:18,18.5,82.9,3.2,292,WNW,6.4,0,13,0,14.1,OK
16/06/2026 06:19,18.5,82.6,4.8,285,WNW,6.4,0,13,0,14.1,OK
16/06/2026 06:20,18.5,82.8,4.8,243,WSW,6.4,0,13,0,14.1,OK
16/06/2026 06:21,18.5,82.8,1.6,257,WSW,6.4,0,13,0,14.1,OK
16/06/2026 06:22,18.5,82.5,4.8,244,WSW,6.4,0,13,0,14.1,OK
16/06/2026 06:23,18.5,82.2,4.8,308,NW,6.4,0,13,0,15.8,OK
16/06/2026 06:24,18.6,82.1,6.4,280,W,6.4,0,13,0,15.8,OK
16/06/2026 06:25,18.6,81.8,4.8,288,WNW,9.7,0,13,0,15.8,OK
16/06/2026 06:26,18.6,82.1,3.2,288,WNW,9.7,0,13,0,15.8,OK
16/06/2026 06:27,18.6,82,3.2,264,W,9.7,0,13,0,15.8,OK
16/06/2026 06:28,18.6,82.4,1.6,188,S,9.7,0,13,0,17.6,OK
16/06/2026 06:29,18.6,82.6,3.2,230,SW,9.7,0,13,0,17.6,OK
16/06/2026 06:30,18.6,82.7,6.4,241,WSW,9.7,0,13,0,19.3,OK
16/06/2026 06:31,18.6,83,4.8,216,SW,9.7,0,13,0,19.3,OK
16/06/2026 06:32,18.6,83.1,3.2,216,SW,9.7,0,13,0,19.3,OK
16/06/2026 06:33,18.6,83.2,3.2,237,WSW,9.7,0,13,0,21.1,OK
16/06/2026 06:34,18.6,83.3,4.8,241,WSW,8,0,13,0,21.1,OK
16/06/2026 06:35,18.6,83.1,4.8,206,SSW,8,0,13,0,22.9,OK
16/06/2026 06:36,18.6,83.1,3.2,248,WSW,8,0,13,0,22.9,OK
16/06/2026 06:37,18.5,83.3,6.4,220,SW,8,0,13,0,24.6,OK
16/06/2026 06:38,18.5,83.5,1.6,232,SW,8,0,13,0,24.6,OK
16/06/2026 06:39,18.5,83.5,1.6,216,SW,6.4,0,13,0,24.6,OK
16/06/2026 06:40,18.5,83.2,0,213,SSW,6.4,0,13,0,26.4,OK
16/06/2026 06:41,18.6,83.5,3.2,178,S,6.4,0,13,0,26.4,OK
16/06/2026 06:42,18.5,83.3,0,212,SSW,6.4,0,13,0,26.4,OK
16/06/2026 06:43,18.6,83.4,0,212,SSW,6.4,0,13,0,28.1,OK
16/06/2026 06:44,18.5,83.4,1.6,179,S,6.4,0,13,0,28.1,OK
16/06/2026 06:45,18.5,83.5,1.6,216,SW,6.4,0,13,0,29.9,OK
16/06/2026 06:46,18.5,83.5,3.2,222,SW,6.4,0,13,0,31.6,OK
16/06/2026 06:47,18.6,83.3,1.6,216,SW,4.8,0,13,0,33.4,OK
16/06/2026 06:48,18.5,83.1,1.6,216,SW,4.8,0,13,0,35.2,OK
16/06/2026 06:49,18.5,82.7,3.2,208,SSW,4.8,0,13,0,35.2,OK
16/06/2026 06:50,18.6,82.7,3.2,193,SSW,4.8,0,13,0,36.9,OK
16/06/2026 06:51,18.5,83,3.2,209,SSW,4.8,0,13,0,40.4,OK
16/06/2026 06:52,18.5,83.1,3.2,216,SW,4.8,0,13,0,42.2,OK
16/06/2026 06:53,18.6,83.1,4.8,226,SW,4.8,0,13,0,43.9,OK
16/06/2026 06:54,18.5,83.3,3.2,226,SW,6.4,0,13,0,45.7,OK
16/06/2026 06:55,18.5,83.6,4.8,230,SW,6.4,0,13,0,47.5,OK
16/06/2026 06:56,18.6,83.6,1.6,212,SSW,6.4,0,13,0,49.2,OK
16/06/2026 06:57,18.5,83.5,3.2,248,WSW,6.4,0,13,0,54.5,OK
16/06/2026 06:58,18.5,83.8,1.6,243,WSW,6.4,0,13,0.4,56.3,OK
16/06/2026 06:59,18.6,83.8,4.8,234,SW,6.4,0,13,0.4,58,OK
16/06/2026 07:00,18.5,83.7,4.8,237,WSW,8,0,13,0.4,61.5,OK
16/06/2026 07:01,18.5,83.7,1.6,216,SW,8,0,13,0.4,65,OK
16/06/2026 07:02,18.5,83.7,4.8,217,SW,8,0,13,0.4,68.6,OK
16/06/2026 07:03,18.5,83.7,6.4,247,WSW,8,0,13,0.5,73.8,OK
16/06/2026 07:04,18.5,83.5,6.4,198,SSW,8,0,13,0.5,77.3,OK
16/06/2026 07:05,18.5,83.5,3.2,209,SSW,8,0,13,0.5,79.1,OK
16/06/2026 07:06,18.6,83.4,4.8,176,S,8,0,13,0.5,79.1,OK
16/06/2026 07:07,18.5,83.6,4.8,154,SSE,8,0,13,0.5,79.1,OK
16/06/2026 07:08,18.5,83.7,3.2,179,S,8,0,13,0.5,80.9,OK
16/06/2026 07:09,18.6,83.6,4.8,198,SSW,8,0,13,0.5,84.4,OK
16/06/2026 07:10,18.6,83.7,4.8,185,S,8,0,13,0.6,87.9,OK
16/06/2026 07:11,18.6,83.2,0,169,S,8,0,13,0.6,93.2,OK
16/06/2026 07:12,18.6,82.9,6.4,179,S,8,0,13,0.6,102,OK
16/06/2026 07:13,18.7,82.5,6.4,167,SSE,8,0,13,0.6,112.5,OK
16/06/2026 07:14,18.7,82.4,3.2,162,SSE,8,0,13,0.7,124.8,OK
16/06/2026 07:15,18.8,82.5,6.4,213,SSW,8,0,13,0.7,87.9,OK
16/06/2026 07:16,18.8,82.5,3.2,200,SSW,8,0,13,0.7,93.2,OK
16/06/2026 07:17,18.8,82.1,3.2,212,SSW,8,0,13,0.8,151.2,OK
16/06/2026 07:18,18.8,82.3,1.6,212,SSW,8,0,13,0.8,156.5,OK
16/06/2026 07:19,18.9,82.1,3.2,212,SSW,8,0,13,0.8,158.2,OK
16/06/2026 07:20,18.9,81.6,0,210,SSW,8,0,13,0.8,161.7,OK
16/06/2026 07:21,18.9,82,0,210,SSW,8,0,13,0.9,177.6,OK
16/06/2026 07:22,19,81.8,0,210,SSW,6.4,0,13,0.9,181.1,OK
16/06/2026 07:23,19.1,81.6,0,200,SSW,6.4,0,13,0.9,181.1,OK
16/06/2026 07:24,19.1,81.1,1.6,189,S,6.4,0,13,0.9,188.1,OK
16/06/2026 07:25,19.1,81.2,0,181,S,6.4,0,13,1,193.4,OK
16/06/2026 07:26,19.3,81.1,1.6,215,SW,4.8,0,13,1,212.7,OK
16/06/2026 07:27,19.3,80.9,0,217,SW,4.8,0,13,1,219.7,OK
16/06/2026 07:28,19.4,80.9,0,200,SSW,4.8,0,13,1,168.8,OK
16/06/2026 07:29,19.4,80.6,1.6,217,SW,4.8,0,13,1,147.7,OK
16/06/2026 07:30,19.5,80.8,3.2,185,S,4.8,0,13,1,152.9,OK
16/06/2026 07:31,19.5,80.2,0,184,S,4.8,0,13,1,107.2,OK
16/06/2026 07:32,19.6,79.5,4.8,209,SSW,4.8,0,13,1,110.7,OK
16/06/2026 07:33,19.6,79.4,3.2,191,S,4.8,0,13,1,117.8,OK
16/06/2026 07:34,19.6,79.5,4.8,217,SW,4.8,0,13,1,128.3,OK
16/06/2026 07:35,19.6,79.3,3.2,175,S,6.4,0,13,0.9,137.1,OK
16/06/2026 07:37,19.7,79.2,0,186,S,6.4,0,13,0.9,135.4,OK
16/06/2026 07:38,19.7,79.5,0,179,S,6.4,0,13,0.9,131.8,OK
16/06/2026 07:39,19.7,79.7,0,168,SSE,6.4,0,13,0.9,133.6,OK
16/06/2026 07:40,19.8,79.4,0,175,S,6.4,0,13,0.9,131.8,OK
16/06/2026 07:41,19.8,79.6,0,191,S,6.4,0,13,0.9,131.8,OK
16/06/2026 07:42,19.8,80,0,188,S,6.4,0,13,0.9,133.6,OK
16/06/2026 07:43,19.8,79.8,0,202,SSW,6.4,0,13,0.9,138.9,OK
16/06/2026 07:44,19.9,79.9,0,209,SSW,6.4,0,13,1,145.9,OK
16/06/2026 07:45,19.9,79.8,3.2,157,SSE,3.2,0,13,1,145.9,OK
16/06/2026 07:46,19.9,79.1,1.6,158,SSE,4.8,0,13,1.1,142.4,OK
16/06/2026 07:47,19.9,79,0,134,SE,4.8,0,13,1,138.9,OK
16/06/2026 07:48,20,78.6,0,154,SSE,4.8,0,13,1,133.6,OK
16/06/2026 07:49,20,78.4,0,203,SSW,4.8,0,13,1,124.8,OK
16/06/2026 07:50,20,77.9,0,179,S,4.8,0,13,1,126.6,OK
16/06/2026 07:51,20.1,77.7,3.2,113,ESE,4.8,0,13,1.2,147.7,OK
16/06/2026 07:52,20.1,77.8,4.8,109,ESE,4.8,0,13,1.1,140.6,OK
16/06/2026 07:53,20.1,78,0,152,SSE,4.8,0,13,1.2,140.6,OK
16/06/2026 07:54,20.1,78.1,0,164,SSE,4.8,0,13,1.4,163.5,OK
16/06/2026 07:55,20.2,77.9,0,212,SSW,4.8,0,13,1.6,353.3,OK
16/06/2026 07:56,20.3,77.8,0,212,SSW,4.8,0,13,1.7,177.6,OK
16/06/2026 07:57,20.3,78.1,0,222,SW,4.8,0,13,1.7,288.3,OK
16/06/2026 07:58,20.4,77.4,0,222,SW,4.8,0,13,1.6,216.2,OK
16/06/2026 07:59,20.4,77.3,3.2,219,SW,4.8,0,13,1.9,293.6,OK
16/06/2026 08:00,20.5,77.4,0,208,SSW,4.8,0,13,1.9,388.5,OK
16/06/2026 08:01,20.5,77.7,0,208,SSW,4.8,0,13,2,386.7,OK
16/06/2026 08:02,20.6,77.6,0,241,WSW,3.2,0,13,2,393.8,OK
16/06/2026 08:03,20.7,77.8,1.6,223,SW,4.8,0,13,1.9,223.3,OK
16/06/2026 08:04,20.8,76.8,1.6,162,SSE,4.8,0,13,2.1,363.9,OK
16/06/2026 08:05,20.8,76.2,0,162,SSE,4.8,0,13,2.2,404.3,OK
16/06/2026 08:06,20.9,76.8,0,169,S,4.8,0,13,2.2,392,OK
16/06/2026 08:07,21,76,3.2,243,WSW,4.8,0,13,2.2,414.9,OK
16/06/2026 08:08,21.1,76,0,270,W,4.8,0,13,2.3,421.9,OK
16/06/2026 08:09,21.1,76.3,0,226,SW,4.8,0,13,2.4,425.4,OK
16/06/2026 08:10,21.3,75.7,0,171,S,4.8,0,13,2.4,434.2,OK
16/06/2026 08:11,21.3,74.9,1.6,193,SSW,4.8,0,13,2.5,428.9,OK
16/06/2026 08:12,21.4,74.4,0,213,SSW,4.8,0,13,2.4,421.9,OK
16/06/2026 08:13,21.5,74.1,1.6,209,SSW,3.2,0,13,2.5,450,OK
16/06/2026 08:14,21.6,74.2,1.6,195,SSW,6.4,0,13,2.2,300.6,OK
16/06/2026 08:15,21.6,73.6,0,141,SE,6.4,0,13,2.5,427.2,OK
16/06/2026 08:16,21.8,74.6,3.2,239,WSW,6.4,0,13,2.6,434.2,OK
16/06/2026 08:17,21.8,73.6,4.8,240,WSW,6.4,0,13,2.6,443,OK
16/06/2026 08:18,21.8,73.1,3.2,175,S,6.4,0,13,2.5,434.2,OK
16/06/2026 08:19,21.9,72.9,3.2,186,S,6.4,0,13,2.6,411.4,OK
16/06/2026 08:20,21.9,72.9,3.2,239,WSW,6.4,0,13,2.5,416.6,OK
16/06/2026 08:21,21.9,73.3,8,168,SSE,9.7,0,13,1.9,191.6,OK
16/06/2026 08:22,21.9,72.7,6.4,200,SSW,9.7,0,13,1.8,165.2,OK
16/06/2026 08:23,21.9,72.4,8,216,SW,9.7,0,13,1.8,161.7,OK
16/06/2026 08:24,21.9,72.5,8,230,SW,9.7,0,13,1.8,174,OK
16/06/2026 08:25,21.8,72.3,4.8,320,NW,9.7,0,13,1.9,179.3,OK
16/06/2026 08:26,21.8,72.8,6.4,244,WSW,9.7,0,13,2,191.6,OK
16/06/2026 08:27,21.7,72.4,3.2,248,WSW,9.7,0,13,2,200.4,OK
16/06/2026 08:28,21.6,73.4,4.8,174,S,9.7,0,13,2,202.2,OK
16/06/2026 08:29,21.5,73.6,6.4,192,SSW,9.7,0,13,2,189.9,OK
16/06/2026 08:30,21.5,73.4,4.8,202,SSW,9.7,0,13,2,170.5,OK
16/06/2026 08:31,21.5,73.6,6.4,185,S,8,0,13,2.1,168.8,OK
16/06/2026 08:32,21.4,73.7,3.2,233,SW,8,0,13,2.2,189.9,OK
16/06/2026 08:33,21.4,74.5,1.6,220,SW,8,0,13,2.4,253.1,OK
16/06/2026 08:34,21.4,74.5,3.2,176,S,8,0,13,2.2,177.6,OK
16/06/2026 08:35,21.4,74.9,3.2,219,SW,6.4,0,13,2.2,172.3,OK
16/06/2026 08:36,21.4,74.3,1.6,208,SSW,6.4,0,13,2.3,281.3,OK
16/06/2026 08:37,21.4,74.2,3.2,196,SSW,6.4,0,13,2.4,189.9,OK
16/06/2026 08:38,21.4,73.9,3.2,230,SW,8,0,13,3.2,418.4,OK
16/06/2026 08:39,21.4,73.8,3.2,206,SSW,8,0,13,3.2,420.1,OK
16/06/2026 08:40,21.4,74,0,219,SW,8,0,13,3.2,425.4,OK
16/06/2026 08:41,21.4,73.9,0,219,SW,8,0,13,3.2,409.6,OK
16/06/2026 08:42,21.4,73.7,0,208,SSW,8,0,13,3.3,400.8,OK
16/06/2026 08:43,21.5,73.7,0,178,S,8,0,13,3.4,420.1,OK
16/06/2026 08:44,21.5,73.5,0,47,NE,8,0,13,3.4,432.5,OK
16/06/2026 08:45,21.6,73.3,3.2,138,SE,8,0,13,3.5,436,OK
16/06/2026 08:46,21.8,72.9,3.2,148,SSE,8,0,13,3.4,421.9,OK
16/06/2026 08:47,21.8,73.1,4.8,192,SSW,6.4,0,13,3.5,430.7,OK
16/06/2026 08:48,21.9,72.9,4.8,169,S,6.4,0,13,3.5,430.7,OK
16/06/2026 08:49,22,72.4,3.2,239,WSW,6.4,0,13,3.5,425.4,OK
16/06/2026 08:50,22,72.4,6.4,155,SSE,6.4,0,13,3.6,434.2,OK
16/06/2026 08:51,22,72.7,1.6,244,WSW,8,0,13,3.4,434.2,OK
16/06/2026 08:52,22,72.6,3.2,264,W,8,0,13,2.8,193.4,OK
16/06/2026 08:53,22,72.7,6.4,294,WNW,8,0,13,3.7,458.8,OK
16/06/2026 08:54,22,72.7,6.4,264,W,8,0,13,3.2,372.7,OK
16/06/2026 08:55,22.1,72.8,6.4,236,SW,8,0,13,3.7,332.2,OK
16/06/2026 08:56,22,72.8,3.2,223,SW,8,0,13,3.8,464.1,OK
16/06/2026 08:57,22,72.5,3.2,224,SW,9.7,0,13,3.9,460.6,OK
16/06/2026 08:58,22.1,72.7,0,200,SSW,9.7,0,13,4,476.4,OK
16/06/2026 08:59,22.1,72.9,8,186,S,9.7,0,13,4,472.9,OK
16/06/2026 09:00,22.2,72.2,3.2,213,SSW,9.7,0,13,3.1,240.8,OK
16/06/2026 09:01,22.3,72.1,3.2,233,SW,9.7,0,13,3.1,214.5,OK
16/06/2026 09:02,22.3,71.7,3.2,243,WSW,9.7,0,13,3.2,216.2,OK
16/06/2026 09:03,22.3,71.6,3.2,244,WSW,9.7,0,13,4.2,495.7,OK
16/06/2026 09:04,22.3,72.1,3.2,246,WSW,9.7,0,13,4.4,515.1,OK
16/06/2026 09:05,22.3,71.9,4.8,220,SW,9.7,0,13,4.6,536.2,OK
16/06/2026 09:06,22.3,71.8,4.8,184,S,9.7,0,13,4.5,520.3,OK
16/06/2026 09:07,22.4,71,6.4,216,SW,9.7,0,13,4,342.8,OK
16/06/2026 09:08,22.4,71.2,8,185,S,9.7,0,13,4.6,545,OK
16/06/2026 09:09,22.5,71.4,0,175,S,9.7,0,13,4.5,509.8,OK
16/06/2026 09:10,22.5,71.1,4.8,227,SW,9.7,0,13,4.7,522.1,OK
16/06/2026 09:11,22.5,70.5,8,213,SSW,9.7,0,13,4.5,441.2,OK
16/06/2026 09:12,22.5,70.8,1.6,164,SSE,9.7,0,13,3.4,221.5,OK
16/06/2026 09:13,22.6,70,4.8,261,W,9.7,0,13,3.4,211,OK
16/06/2026 09:14,22.6,70.2,4.8,193,SSW,9.7,0,13,4.2,228.5,OK
16/06/2026 09:15,22.6,69.9,3.2,233,SW,9.7,0,13,5,580.1,OK
16/06/2026 09:16,22.6,69.9,3.2,223,SW,9.7,0,13,4.6,601.2,OK
16/06/2026 09:17,22.6,70.4,4.8,219,SW,9.7,0,13,4.2,576.6,OK
16/06/2026 09:18,22.6,70.7,4.8,195,SSW,9.7,0,13,4.5,342.8,OK
16/06/2026 09:19,22.6,70,9.7,216,SW,11.3,0,13,4.9,548.5,OK
16/06/2026 09:20,22.6,69.6,3.2,251,WSW,11.3,0,13,3.6,219.7,OK
16/06/2026 09:21,22.6,70,6.4,172,S,11.3,0,13,4.7,251.4,OK
16/06/2026 09:22,22.6,70.5,6.4,192,SSW,11.3,0,13,4.5,430.7,OK
16/06/2026 09:23,22.6,70.3,1.6,186,S,11.3,0,13,4.3,428.9,OK
16/06/2026 09:24,22.6,70.6,4.8,165,SSE,11.3,0,13,3.9,327,OK
16/06/2026 09:25,22.6,70,6.4,155,SSE,11.3,0,13,5.2,553.7,OK
16/06/2026 09:26,22.6,71,3.2,212,SSW,11.3,0,13,5.4,578.4,OK
16/06/2026 09:27,22.6,70.4,6.4,154,SSE,11.3,0,13,5.6,624.1,OK
16/06/2026 09:28,22.6,70.1,1.6,178,S,9.7,0,13,5.8,638.1,OK
16/06/2026 09:29,22.8,70.5,1.6,220,SW,9.7,0,13,5.9,648.7,OK
16/06/2026 09:30,22.8,70.3,0,226,SW,9.7,0,13,6.1,683.8,OK
16/06/2026 09:31,22.9,70.4,1.6,148,SSE,9.7,0,13,6.2,692.6,OK
16/06/2026 09:32,23,70.5,3.2,233,SW,9.7,0,13,6.2,697.9,OK
16/06/2026 09:33,23.1,70.1,9.7,161,SSE,9.7,0,13,6.2,668,OK
16/06/2026 09:34,23.2,69.6,8,140,SE,9.7,0,13,6.2,668,OK
16/06/2026 09:35,23.3,68.6,3.2,147,SSE,11.3,0,13,6.2,638.1,OK
16/06/2026 09:36,23.3,69,8,198,SSW,11.3,0,13,6.2,636.4,OK
16/06/2026 09:37,23.4,69.4,4.8,191,S,11.3,0,13,6.2,631.1,OK
16/06/2026 09:38,23.4,68.1,0,208,SSW,11.3,0,13,6.1,624.1,OK
16/06/2026 09:39,23.5,67.6,1.6,138,SE,11.3,0,13,6.1,632.9,OK
16/06/2026 09:40,23.6,67.5,6.4,200,SSW,11.3,0,13,6.1,539.7,OK
16/06/2026 09:41,23.6,67.4,6.4,232,SW,11.3,0,13,6.1,594.2,OK
16/06/2026 09:42,23.6,66.3,1.6,224,SW,11.3,0,13,6.2,588.9,OK
16/06/2026 09:43,23.6,66.7,3.2,191,S,11.3,0,13,6.2,578.4,OK
16/06/2026 09:44,23.5,67.1,3.2,191,S,11.3,0,13,6.2,588.9,OK
16/06/2026 09:45,23.5,67.2,4.8,239,WSW,11.3,0,13,6.3,588.9,OK
16/06/2026 09:46,23.5,67.2,4.8,239,WSW,11.3,0,13,6.3,588.9,OK
16/06/2026 09:47,23.5,67.2,4.8,239,WSW,11.3,0,13,6.3,588.9,OK
16/06/2026 09:48,23.6,66.9,6.4,236,SW,11.3,0,13,6.7,627.6,OK
16/06/2026 09:49,23.6,66.6,6.4,147,SSE,11.3,0,13,6.8,632.9,OK
16/06/2026 09:50,23.6,66.3,8,202,SSW,9.7,0,13,6.9,646.9,OK
16/06/2026 09:51,23.6,65.6,4.8,219,SW,9.7,0,13,6.9,646.9,OK
16/06/2026 09:52,23.6,65.7,1.6,210,SSW,9.7,0,13,7,648.7,OK
16/06/2026 09:53,23.6,65.9,3.2,217,SW,9.7,0,13,7,646.9,OK
16/06/2026 09:54,23.7,65.9,9.7,165,SSE,9.7,0,13,7,643.4,OK
16/06/2026 09:55,23.8,66.2,4.8,216,SW,9.7,0,13,7,645.2,OK
16/06/2026 09:56,23.8,66.2,4.8,232,SW,9.7,0,13,7,645.2,OK
16/06/2026 09:57,23.8,65.5,4.8,227,SW,9.7,0,13,7.1,645.2,OK
16/06/2026 09:58,23.8,65.5,4.8,227,SW,9.7,0,13,7.1,645.2,OK
16/06/2026 09:59,23.8,65.7,3.2,188,S,9.7,0,13,7.2,654,OK
16/06/2026 10:00,23.8,65,6.4,150,SSE,11.3,0,13,7.3,654,OK
16/06/2026 10:01,23.9,64.8,9.7,192,SSW,11.3,0,13,7.3,661,OK
16/06/2026 10:02,23.9,64.9,8,178,S,11.3,0,13,7.4,668,OK
16/06/2026 10:03,23.9,64.8,3.2,185,S,11.3,0,13,7.4,671.5,OK
16/06/2026 10:04,23.9,65.1,1.6,155,SSE,11.3,0,13,7.4,673.3,OK
16/06/2026 10:05,23.9,65,4.8,224,SW,11.3,0,13,7.5,682.1,OK
16/06/2026 10:06,23.9,65,6.4,192,SSW,11.3,0,13,7.6,687.4,OK
16/06/2026 10:07,23.9,65.1,4.8,229,SW,11.3,0,13,7.6,696.1,OK
16/06/2026 10:08,23.9,65.6,8,199,SSW,11.3,0,13,7.7,701.4,OK
16/06/2026 10:09,23.9,65.6,3.2,229,SW,16.1,0,13,7.6,701.4,OK
16/06/2026 10:10,23.9,65.3,6.4,287,WNW,16.1,0,13,7.7,529.1,OK
16/06/2026 10:11,23.9,65.4,4.8,241,WSW,16.1,0,13,7.9,708.4,OK
16/06/2026 10:12,23.9,65.7,6.4,247,WSW,16.1,0,13,7.9,715.5,OK
16/06/2026 10:13,23.9,65.3,8,261,W,16.1,0,13,7.9,738.3,OK
16/06/2026 10:14,23.9,65.3,4.8,261,W,16.1,0,13,8.1,752.4,OK
16/06/2026 10:15,23.9,65.3,6.4,195,SSW,16.1,0,13,8.2,761.2,OK
16/06/2026 10:16,23.9,66.3,8,200,SSW,16.1,0,13,8.3,766.5,OK
16/06/2026 10:17,24,65,8,212,SSW,12.9,0,13,8.4,764.7,OK
16/06/2026 10:18,24,64.5,12.9,217,SW,12.9,0,13,8.4,764.7,OK
16/06/2026 10:19,24,65.3,3.2,248,WSW,12.9,0,13,6.3,421.9,OK
16/06/2026 10:20,24,65.3,4.8,295,WNW,12.9,0,13,8.4,421.9,OK
16/06/2026 10:21,24,65.9,3.2,216,SW,14.5,0,13,8.3,752.4,OK
16/06/2026 10:22,24,65.1,3.2,145,SE,14.5,0,13,6.7,564.3,OK
16/06/2026 10:23,24,65.6,3.2,210,SSW,14.5,0,13,7.7,646.9,OK
16/06/2026 10:24,24.1,66.3,9.7,203,SSW,14.5,0,13,7.3,631.1,OK
16/06/2026 10:25,24.1,65.4,8,210,SSW,14.5,0,13,6.5,483.4,OK
16/06/2026 10:26,24.1,65.1,8,220,SW,14.5,0,13,7.6,639.9,OK
16/06/2026 10:27,24.1,65.3,6.4,253,WSW,14.5,0,13,8.7,785.8,OK
16/06/2026 10:28,24.1,65.7,4.8,247,WSW,12.9,0,13,8.7,764.7,OK
16/06/2026 10:29,24.1,67.2,3.2,264,W,12.9,0,13,8.7,754.2,OK
16/06/2026 10:30,24.1,65.3,3.2,223,SW,12.9,0,13,8.8,748.9,OK
16/06/2026 10:31,24.1,65.8,1.6,179,S,12.9,0,13,8.8,747.1,OK
16/06/2026 10:32,24.2,65.1,4.8,184,S,12.9,0,13,8.8,745.4,OK
16/06/2026 10:33,24.3,63.7,4.8,261,W,12.9,0,13,8.8,747.1,OK
16/06/2026 10:34,24.4,63.3,4.8,185,S,11.3,0,13,8.9,750.6,OK
16/06/2026 10:35,24.5,64.1,3.2,191,S,9.7,0,13,8.9,752.4,OK
16/06/2026 10:36,24.5,63.5,0,155,SSE,9.7,0,13,9,761.2,OK
16/06/2026 10:37,24.6,63.3,3.2,103,ESE,9.7,0,13,9.1,762.9,OK
16/06/2026 10:38,24.6,62.7,0,59,ENE,8,0,13,9.2,761.2,OK
16/06/2026 10:39,24.8,62.7,0,83,E,8,0,13,9.2,759.4,OK
16/06/2026 10:40,24.9,62.6,4.8,145,SE,8,0,13,9.2,754.2,OK
16/06/2026 10:41,25,62.1,1.6,167,SSE,6.4,0,13,9.2,754.2,OK
16/06/2026 10:42,25,61.5,3.2,174,S,8,0,13,9.2,759.4,OK
16/06/2026 10:43,25.1,60.3,8,240,WSW,9.7,0,13,9.2,761.2,OK
16/06/2026 10:44,25.1,60.2,4.8,227,SW,11.3,0,13,9.2,762.9,OK
16/06/2026 10:45,25.1,60.9,4.8,263,W,11.3,0,13,9.3,766.5,OK
16/06/2026 10:46,25.1,60.7,8,320,NW,11.3,0,13,9.3,768.2,OK
16/06/2026 10:47,25.1,59.4,9.7,250,WSW,11.3,0,13,9.4,771.7,OK
16/06/2026 10:48,25,59.1,4.8,285,WNW,11.3,0,13,9.5,778.8,OK
16/06/2026 10:49,25,60,4.8,261,W,11.3,0,13,9.6,782.3,OK
16/06/2026 10:50,25.1,60.6,4.8,309,NW,11.3,0,13,9.6,784,OK
16/06/2026 10:51,25,59.8,1.6,243,WSW,11.3,0,13,9.7,784,OK
16/06/2026 10:52,25,61.2,4.8,296,WNW,11.3,0,13,9.7,784,OK
16/06/2026 10:53,25,60.4,3.2,239,WSW,11.3,0,13,9.7,789.3,OK
16/06/2026 10:54,25,60.5,3.2,240,WSW,11.3,0,13,9.8,789.3,OK
16/06/2026 10:55,25,60.7,1.6,267,W,9.7,0,13,9.8,787.6,OK
16/06/2026 10:56,25,60.9,4.8,233,SW,11.3,0,13,9.7,784,OK
16/06/2026 10:57,25,60,3.2,232,SW,11.3,0,13,9.5,775.2,OK
16/06/2026 10:58,25,60.6,1.6,312,NW,11.3,0,13,8,557.3,OK
16/06/2026 10:59,25.2,60.7,12.9,244,WSW,11.3,0,13,9.8,792.8,OK
16/06/2026 11:00,25.2,60,8,243,WSW,17.7,0,13,10,794.6,OK
16/06/2026 11:01,25.2,58.6,3.2,220,SW,17.7,0,13,10,794.6,OK
16/06/2026 11:02,25.1,59.3,4.8,234,SW,17.7,0,13,10,794.6,OK
16/06/2026 11:03,25.2,58.8,4.8,210,SSW,17.7,0,13,10,794.6,OK
16/06/2026 11:04,25.2,58.2,6.4,244,WSW,17.7,0,13,10,794.6,OK
16/06/2026 11:05,25.1,58.9,3.2,332,NNW,17.7,0,13,10,798.1,OK
16/06/2026 11:06,25.3,59.1,6.4,157,SSE,17.7,0,13,10.1,799.9,OK
16/06/2026 11:07,25.3,58.8,8,154,SSE,17.7,0,13,10.2,803.4,OK
16/06/2026 11:08,25.4,58.5,8,241,WSW,12.9,0,13,10.2,806.9,OK
16/06/2026 11:09,25.4,57.2,8,203,SSW,11.3,0,13,10.2,808.7,OK
16/06/2026 11:10,25.4,56.9,0,189,S,11.3,0,13,10.3,812.2,OK
16/06/2026 11:11,25.5,56.9,3.2,203,SSW,11.3,0,13,10.3,812.2,OK
16/06/2026 11:12,25.5,57.7,6.4,191,S,11.3,0,13,10.3,806.9,OK
16/06/2026 11:13,25.6,58.2,9.7,178,S,12.9,0,13,10.2,801.6,OK
16/06/2026 11:14,25.6,57,1.6,206,SSW,12.9,0,13,10.2,801.6,OK
16/06/2026 11:15,25.6,57.2,8,226,SW,12.9,0,13,10.2,801.6,OK
16/06/2026 11:16,25.6,57.7,3.2,234,SW,12.9,0,13,10.3,805.1,OK
16/06/2026 11:17,25.6,57.4,6.4,172,S,12.9,0,13,10.4,812.2,OK
16/06/2026 11:18,25.6,57.9,6.4,224,SW,12.9,0,13,10.4,812.2,OK
16/06/2026 11:19,25.6,56.2,1.6,167,SSE,12.9,0,13,10.4,817.4,OK
16/06/2026 11:20,25.7,56.5,3.2,203,SSW,12.9,0,13,10.5,819.2,OK
16/06/2026 11:21,25.7,55.9,4.8,195,SSW,11.3,0,13,10.5,824.5,OK
16/06/2026 11:22,25.7,56.2,1.6,219,SW,11.3,0,13,10.5,826.2,OK
16/06/2026 11:23,25.8,56.4,3.2,250,WSW,9.7,0,13,10.6,829.7,OK
16/06/2026 11:24,25.8,56.6,1.6,208,SSW,9.7,0,13,10.6,831.5,OK
16/06/2026 11:25,25.9,58.1,1.6,280,W,9.7,0,13,10.7,835,OK
16/06/2026 11:26,26,56.1,3.2,291,WNW,9.7,0,13,10.8,840.3,OK
16/06/2026 11:27,26,55.8,4.8,227,SW,9.7,0,13,10.8,843.8,OK
16/06/2026 11:28,26.1,56.3,4.8,188,S,9.7,0,13,10.9,854.4,OK
16/06/2026 11:29,26.1,55.2,4.8,224,SW,9.7,0,13,10.9,857.9,OK
16/06/2026 11:30,26.1,54.8,8,138,SE,9.7,0,13,11,864.9,OK
16/06/2026 11:31,26.1,55.6,4.8,193,SSW,9.7,0,13,11,868.4,OK
16/06/2026 11:32,26.1,55.2,11.3,181,S,9.7,0,13,11.1,879,OK
16/06/2026 11:33,26.2,54.7,4.8,200,SSW,11.3,0,13,11.2,891.3,OK
16/06/2026 11:34,26.2,54.1,6.4,178,S,11.3,0,13,11.3,938.7,OK
16/06/2026 11:35,26.2,54.3,1.6,172,S,11.3,0,13,8.3,915.9,OK
16/06/2026 11:36,26.3,55,4.8,130,SE,11.3,0,13,11.8,944,OK
16/06/2026 11:37,26.3,53.9,0,113,ESE,11.3,0,13,11,921.2,OK
16/06/2026 11:38,26.4,53.9,6.4,71,ENE,11.3,0,13,11.7,1028.4,OK
16/06/2026 11:39,26.4,53.8,1.6,49,NE,11.3,0,13,11.6,648.7,OK
16/06/2026 11:40,26.4,53.8,0,49,NE,11.3,0,13,12,1031.9,OK
16/06/2026 11:41,26.5,53.5,3.2,49,NE,11.3,0,13,11.5,1010.8,OK
16/06/2026 11:42,26.5,55.3,6.4,192,SSW,9.7,0,13,12,1038.9,OK
16/06/2026 11:43,26.6,53.8,8,155,SSE,9.7,0,13,7.7,606.5,OK
16/06/2026 11:44,26.7,53.1,4.8,152,SSE,9.7,0,13,7.1,432.5,OK
16/06/2026 11:45,26.8,53,1.6,152,SSE,9.7,0,13,12,1037.2,OK
16/06/2026 11:46,26.8,53.1,6.4,106,ESE,9.7,0,13,12,750.6,OK
16/06/2026 11:47,26.9,52.1,4.8,136,SE,8,0,13,10.2,863.1,OK
16/06/2026 11:48,26.9,51.5,3.2,181,S,8,0,13,12.6,1075.9,OK
16/06/2026 11:49,26.9,52,3.2,198,SSW,8,0,13,8.4,617,OK
16/06/2026 11:50,26.9,52.5,4.8,212,SSW,8,0,13,8.2,508,OK
16/06/2026 11:51,26.9,52.8,4.8,182,S,8,0,13,8.2,852.6,OK
16/06/2026 11:52,26.9,53.6,4.8,222,SW,8,0,13,11.7,557.3,OK
16/06/2026 11:53,27,53.7,3.2,203,SSW,8,0,13,7.3,385,OK
16/06/2026 11:54,26.9,53.4,4.8,258,WSW,8,0,13,6.8,365.7,OK
16/06/2026 11:55,26.9,53.4,4.8,294,WNW,8,0,13,11.2,678.6,OK
16/06/2026 11:56,26.8,53.3,1.6,281,W,8,0,13,12.3,1037.2,OK
16/06/2026 11:57,26.8,53.5,8,257,WSW,8,0,13,12.5,1031.9,OK
16/06/2026 11:58,26.6,53.7,1.6,267,W,8,0,13,12.5,1021.4,OK
16/06/2026 11:59,26.6,54.3,6.4,165,SSE,8,0,13,11,1030.2,OK
16/06/2026 12:00,26.7,54.7,3.2,215,SW,9.7,0,13,12.6,1033.7,OK
16/06/2026 12:01,26.7,54.9,6.4,158,SSE,9.7,0,13,12.7,1068.8,OK
16/06/2026 12:02,26.9,53.8,8,152,SSE,12.9,0,13,12.9,1156.7,OK
16/06/2026 12:03,26.9,53.9,9.7,106,ESE,14.5,0,13,8.3,777,OK
16/06/2026 12:04,26.9,53.5,6.4,107,ESE,14.5,0,13,7,427.2,OK
16/06/2026 12:05,26.9,53.6,3.2,168,SSE,14.5,0,13,6.8,421.9,OK
16/06/2026 12:06,26.8,53.9,4.8,148,SSE,14.5,0,13,6.3,381.5,OK
16/06/2026 12:07,26.8,54.4,0,272,W,14.5,0,13,6.2,370.9,OK
16/06/2026 12:08,26.9,54.3,1.6,208,SSW,14.5,0,13,6.2,383.2,OK
16/06/2026 12:09,26.9,54.5,3.2,244,WSW,14.5,0,13,6.7,418.4,OK
16/06/2026 12:10,26.9,54.7,1.6,323,NW,14.5,0,13,6,418.4,OK
16/06/2026 12:11,26.9,54,3.2,288,WNW,12.9,0,13,6,379.7,OK
16/06/2026 12:12,26.9,54.1,0,287,WNW,9.7,0,13,6,378,OK
16/06/2026 12:13,26.9,54,1.6,182,S,8,0,13,5.9,374.4,OK
16/06/2026 12:14,26.9,54.1,1.6,178,S,8,0,13,5.9,369.2,OK
16/06/2026 12:15,26.9,53.9,4.8,154,SSE,6.4,0,13,5.7,365.7,OK
16/06/2026 12:16,27,54.3,4.8,220,SW,8,0,13,5.7,363.9,OK
16/06/2026 12:17,26.9,53.8,1.6,247,WSW,8,0,13,5.7,363.9,OK
16/06/2026 12:18,26.9,54.1,3.2,251,WSW,8,0,13,5.7,367.4,OK
16/06/2026 12:19,26.9,54.4,8,165,SSE,8,0,13,5.7,381.5,OK
16/06/2026 12:20,26.9,54.8,4.8,141,SE,8,0,13,5.8,392,OK
16/06/2026 12:21,26.9,55.5,8,131,SE,8,0,13,6,400.8,OK
16/06/2026 12:22,26.8,54.3,4.8,126,SE,9.7,0,13,6.1,411.4,OK
16/06/2026 12:23,26.8,54.9,4.8,137,SE,9.7,0,13,6.2,421.9,OK
16/06/2026 12:24,26.8,54.2,3.2,110,ESE,9.7,0,13,6.4,432.5,OK
16/06/2026 12:25,26.7,54.6,4.8,123,ESE,14.5,0,13,6.5,457.1,OK
16/06/2026 12:26,26.6,54.9,6.4,123,ESE,14.5,0,13,7.1,486.9,OK
16/06/2026 12:27,26.6,55,3.2,117,ESE,14.5,0,13,8.5,599.5,OK
16/06/2026 12:28,26.5,55.1,4.8,134,SE,14.5,0,13,7.6,559,OK
16/06/2026 12:29,26.5,55.9,6.4,202,SSW,14.5,0,13,7.2,527.4,OK
16/06/2026 12:30,26.6,55.4,3.2,145,SE,14.5,0,13,7.1,495.7,OK
16/06/2026 12:31,26.6,55.8,3.2,114,ESE,14.5,0,13,7.2,578.4,OK
16/06/2026 12:32,26.6,55.3,6.4,210,SSW,14.5,0,13,10.8,863.1,OK
16/06/2026 12:33,26.7,54.6,3.2,193,SSW,8,0,13,11.1,1081.1,OK
16/06/2026 12:34,26.7,54.2,3.2,248,WSW,8,0,13,6.7,483.4,OK
16/06/2026 12:35,26.8,54.1,3.2,360,N,8,0,13,6.4,443,OK
16/06/2026 12:36,26.8,54.6,3.2,154,SSE,8,0,13,6.1,420.1,OK
16/06/2026 12:37,26.8,54.5,6.4,86,E,8,0,13,5.8,370.9,OK
16/06/2026 12:38,26.8,54,3.2,131,SE,8,0,13,5.3,351.6,OK
16/06/2026 12:39,26.8,53.9,3.2,121,ESE,8,0,13,5.1,334,OK
16/06/2026 12:40,26.8,54,3.2,134,SE,8,0,13,4.9,316.4,OK
16/06/2026 12:41,26.7,54,4.8,158,SSE,8,0,13,4.7,300.6,OK
16/06/2026 12:42,26.6,54.2,3.2,106,ESE,8,0,13,4.5,270.7,OK
16/06/2026 12:43,26.6,54.7,4.8,90,E,8,0,13,4.3,258.4,OK
16/06/2026 12:44,26.6,55.7,8,110,ESE,8,0,13,4,249.6,OK
16/06/2026 12:45,26.5,55.2,4.8,93,E,9.7,0,13,3.9,244.4,OK
16/06/2026 12:46,26.5,54.9,3.2,92,E,9.7,0,13,3.8,240.8,OK
16/06/2026 12:47,26.5,54.8,1.6,48,NE,9.7,0,13,3.7,242.6,OK
16/06/2026 12:48,26.5,55.1,3.2,75,ENE,9.7,0,13,3.7,247.9,OK
16/06/2026 12:49,26.4,54.7,3.2,80,E,9.7,0,13,3.7,247.9,OK
16/06/2026 12:50,26.4,54.6,0,80,E,9.7,0,13,3.7,249.6,OK
16/06/2026 12:51,26.4,54.8,4.8,72,ENE,9.7,0,13,3.6,249.6,OK
16/06/2026 12:52,26.4,54.9,3.2,96,E,9.7,0,13,3.6,251.4,OK
16/06/2026 12:53,26.3,55.5,3.2,83,E,8,0,13,3.6,253.1,OK
16/06/2026 12:54,26.3,54.9,0,75,ENE,6.4,0,13,3.7,260.2,OK
16/06/2026 12:55,26.3,55.7,0,75,ENE,6.4,0,13,3.7,265.4,OK
16/06/2026 12:56,26.3,54.7,0,82,E,6.4,0,13,3.7,267.2,OK
16/06/2026 12:57,26.3,56.1,3.2,79,E,6.4,0,13,3.7,272.5,OK
16/06/2026 12:58,26.3,54.7,1.6,64,ENE,6.4,0,13,3.5,253.1,OK
16/06/2026 12:59,26.3,54.9,1.6,59,ENE,6.4,0,13,3.5,246.1,OK
16/06/2026 13:00,26.3,54.5,1.6,37,NE,6.4,0,13,3.4,237.3,OK
16/06/2026 13:01,26.4,55,1.6,31,NNE,6.4,0,13,3.3,235.6,OK
16/06/2026 13:02,26.4,54.5,0,31,NNE,4.8,0,13,3.3,233.8,OK
16/06/2026 13:03,26.4,53.9,1.6,73,ENE,4.8,0,13,3.3,230.3,OK
16/06/2026 13:04,26.4,55,0,73,ENE,4.8,0,13,3.3,228.5,OK
16/06/2026 13:05,26.4,55,0,73,ENE,4.8,0,13,3.3,228.5,OK
16/06/2026 13:06,26.5,56.6,4.8,106,ESE,4.8,0,13,3.3,230.3,OK
16/06/2026 13:07,26.5,55.2,3.2,61,ENE,11.3,0,13,3.3,235.6,OK
16/06/2026 13:08,26.5,56.9,6.4,90,E,11.3,0,13,3.4,240.8,OK
16/06/2026 13:09,26.4,57.6,9.7,88,E,11.3,0,13,3.4,244.4,OK
16/06/2026 13:10,26.2,58.8,8,100,E,16.1,0,13,3.4,244.4,OK
16/06/2026 13:11,26,60.8,6.4,86,E,16.1,0,13,3.4,242.6,OK
16/06/2026 13:12,25.9,60.5,4.8,88,E,16.1,0,13,3.4,242.6,OK
16/06/2026 13:13,25.7,62.3,3.2,112,ESE,16.1,0,13,3.4,246.1,OK
16/06/2026 13:14,25.6,63.8,4.8,93,E,16.1,0,13,3.5,251.4,OK
16/06/2026 13:15,25.4,65.5,4.8,89,E,16.1,0,13,3.6,258.4,OK
16/06/2026 13:17,25.3,67.1,6.4,92,E,16.1,0,13,3.8,269,OK
16/06/2026 13:18,25.1,64.5,4.8,58,ENE,16.1,0,13,3.9,293.6,OK
16/06/2026 13:19,25,66,6.4,82,E,16.1,0,13,4.3,307.6,OK
16/06/2026 13:20,24.9,65.8,3.2,93,E,11.3,0,13,4.5,323.5,OK
16/06/2026 13:21,24.8,70.2,3.2,82,E,8,0,13,4.7,342.8,OK
16/06/2026 13:22,24.8,69.4,1.6,92,E,8,0,13,4.8,356.9,OK
16/06/2026 13:23,24.6,68.9,3.2,120,ESE,8,0,13,4.9,363.9,OK
16/06/2026 13:24,24.6,70.7,1.6,96,E,8,0,13,5,381.5,OK
16/06/2026 13:25,24.5,74.8,3.2,93,E,8,0,13,5.2,390.3,OK
16/06/2026 13:26,24.5,74.1,3.2,106,ESE,8,0,13,5.2,386.7,OK
16/06/2026 13:27,24.5,71.2,3.2,120,ESE,9.7,0,13,5.2,388.5,OK
16/06/2026 13:28,24.4,68.7,4.8,80,E,9.7,0,13,5.9,437.7,OK
16/06/2026 13:29,24.4,72.7,3.2,90,E,9.7,0,13,7.3,954.6,OK
16/06/2026 13:30,24.4,70.9,3.2,76,ENE,9.7,0,13,6,545,OK
16/06/2026 13:31,24.5,72.1,6.4,55,NE,9.7,0,13,5,383.2,OK
16/06/2026 13:32,24.5,69.6,6.4,62,ENE,9.7,0,13,4.8,355.1,OK
16/06/2026 13:33,24.5,67.8,6.4,73,ENE,12.9,0,13,4.6,341,OK
16/06/2026 13:34,24.5,68.3,6.4,93,E,12.9,0,13,4.5,328.7,OK
16/06/2026 13:35,24.5,69.4,4.8,99,E,12.9,0,13,4.4,309.4,OK
16/06/2026 13:36,24.5,69.5,6.4,83,E,12.9,0,13,4.3,304.1,OK
16/06/2026 13:37,24.5,68.8,3.2,85,E,12.9,0,13,4.3,300.6,OK
16/06/2026 13:38,24.5,69.8,1.6,110,ESE,12.9,0,13,4.3,300.6,OK
16/06/2026 13:39,24.5,67.5,1.6,103,ESE,12.9,0,13,4.2,298.8,OK
16/06/2026 13:40,24.5,67.8,9.7,89,E,12.9,0,13,4.2,298.8,OK
16/06/2026 13:41,24.5,67.3,3.2,112,ESE,12.9,0,13,4.2,297.1,OK
16/06/2026 13:42,24.5,66.9,3.2,55,NE,9.7,0,13,4.2,295.3,OK
16/06/2026 13:43,24.6,68.6,3.2,86,E,9.7,0,13,4.2,293.6,OK
16/06/2026 13:44,24.6,69.8,3.2,90,E,9.7,0,13,4.2,291.8,OK
16/06/2026 13:45,24.6,68.5,6.4,89,E,9.7,0,13,4.2,291.8,OK
16/06/2026 13:46,24.6,67.1,4.8,80,E,9.7,0,13,4.2,291.8,OK
16/06/2026 13:47,24.6,67.3,8,97,E,9.7,0,13,4.2,295.3,OK
16/06/2026 13:48,24.6,67.3,6.4,95,E,9.7,0,13,4.3,302.4,OK
16/06/2026 13:49,24.6,66.1,3.2,73,ENE,9.7,0,13,4.3,305.9,OK
16/06/2026 13:50,24.6,67.2,3.2,119,ESE,9.7,0,13,4.3,302.4,OK
16/06/2026 13:51,24.6,67.4,6.4,128,SE,9.7,0,13,4.4,305.9,OK
16/06/2026 13:52,24.6,67.7,3.2,110,ESE,9.7,0,13,4.5,325.2,OK
16/06/2026 13:53,24.6,66.8,3.2,140,SE,9.7,0,13,4.6,332.2,OK
16/06/2026 13:54,24.6,66.5,3.2,117,ESE,9.7,0,13,4.5,319.9,OK
16/06/2026 13:55,24.7,66.7,1.6,140,SE,9.7,0,13,4.5,316.4,OK
16/06/2026 13:56,24.7,67.7,1.6,114,ESE,9.7,0,13,4.5,319.9,OK
16/06/2026 13:57,24.8,67.9,0,113,ESE,8,0,13,4.6,321.7,OK
16/06/2026 13:58,24.8,68.2,3.2,114,ESE,8,0,13,4.6,328.7,OK
16/06/2026 13:59,24.9,66.7,3.2,88,E,8,0,13,4.7,342.8,OK
16/06/2026 14:00,24.9,66.3,8,128,SE,8,0,13,4.9,365.7,OK
16/06/2026 14:01,25,66.2,3.2,254,WSW,8,0,13,5.1,365.7,OK
16/06/2026 14:02,25.1,64.4,1.6,209,SSW,8,0,13,4.6,332.2,OK
16/06/2026 14:03,25.1,64.7,4.8,161,SSE,8,0,13,4.6,325.2,OK
16/06/2026 14:04,25.3,64.1,1.6,210,SSW,8,0,13,4.6,316.4,OK
16/06/2026 14:05,25.4,63.7,4.8,150,SSE,8,0,13,4.5,311.2,OK
16/06/2026 14:06,25.4,63.6,3.2,113,ESE,8,0,13,4.5,307.6,OK
16/06/2026 14:07,25.4,63.1,1.6,117,ESE,8,0,13,4.4,305.9,OK
16/06/2026 14:08,25.5,63.7,1.6,176,S,8,0,13,4.4,304.1,OK
16/06/2026 14:09,25.5,63.5,3.2,97,E,8,0,13,4.4,304.1,OK
16/06/2026 14:10,25.6,62.9,6.4,96,E,8,0,13,4.4,318.2,OK
16/06/2026 14:11,25.6,63.2,3.2,174,S,8,0,13,4.5,318.2,OK
16/06/2026 14:12,25.6,62.6,4.8,164,SSE,9.7,0,13,4.5,318.2,OK
16/06/2026 14:13,25.7,62.1,1.6,113,ESE,9.7,0,13,4.5,323.5,OK
16/06/2026 14:14,25.7,61.7,1.6,162,SSE,9.7,0,13,4.5,323.5,OK
16/06/2026 14:15,25.8,62.6,1.6,113,ESE,9.7,0,13,4.4,309.4,OK
16/06/2026 14:16,25.8,62.9,3.2,112,ESE,9.7,0,13,4.5,311.2,OK
16/06/2026 14:17,25.8,61.8,6.4,75,ENE,9.7,0,13,4.6,321.7,OK
16/06/2026 14:18,25.8,61.6,4.8,145,SE,9.7,0,13,4.8,344.6,OK
16/06/2026 14:19,25.8,61.8,6.4,116,ESE,9.7,0,13,4.8,349.8,OK
16/06/2026 14:20,25.8,61,1.6,116,ESE,9.7,0,13,4.8,344.6,OK
16/06/2026 14:21,25.8,62.1,3.2,112,ESE,8,0,13,4.8,490.5,OK
16/06/2026 14:22,25.8,62.2,3.2,92,E,8,0,13,6,529.1,OK
16/06/2026 14:23,25.8,62.3,3.2,86,E,8,0,13,5.9,494,OK
16/06/2026 14:24,25.9,62,1.6,136,SE,8,0,13,5.8,485.2,OK
16/06/2026 14:25,25.9,61.6,6.4,130,SE,8,0,13,5.6,469.4,OK
16/06/2026 14:26,26,59.6,1.6,109,ESE,8,0,13,5.5,444.8,OK
16/06/2026 14:27,26,60.2,0,80,E,8,0,13,5.3,397.3,OK
16/06/2026 14:28,26,60.9,4.8,119,ESE,8,0,13,4.7,346.3,OK
16/06/2026 14:29,26,62.3,4.8,102,ESE,8,0,13,4.4,309.4,OK
16/06/2026 14:30,26.1,61.6,3.2,96,E,8,0,13,4.3,288.3,OK
16/06/2026 14:31,26.1,62.3,1.6,65,ENE,8,0,13,4.7,344.6,OK
16/06/2026 14:32,26.1,61.8,6.4,76,ENE,8,0,13,4.9,381.5,OK
16/06/2026 14:33,26,62,8,82,E,8,0,13,4.8,358.6,OK
16/06/2026 14:34,26,61.7,1.6,79,E,9.7,0,13,4.8,374.4,OK
16/06/2026 14:35,26,62.6,6.4,80,E,9.7,0,13,4.8,385,OK
16/06/2026 14:36,25.9,62.5,4.8,65,ENE,12.9,0,13,5.2,434.2,OK
16/06/2026 14:37,25.9,62.5,3.2,80,E,12.9,0,13,5.6,497.5,OK
16/06/2026 14:38,25.8,63,3.2,75,ENE,12.9,0,13,5.8,455.3,OK
16/06/2026 14:39,25.8,62,1.6,59,ENE,12.9,0,13,4.9,297.1,OK
16/06/2026 14:40,25.8,62.1,0,61,ENE,12.9,0,13,5.9,515.1,OK
16/06/2026 14:41,25.8,62.5,0,61,ENE,12.9,0,13,6.1,606.5,OK
16/06/2026 14:42,25.8,61.2,0,71,ENE,12.9,0,13,6.4,654,OK
16/06/2026 14:43,25.8,61.7,1.6,113,ESE,12.9,0,13,4.4,327,OK
16/06/2026 14:44,25.9,60.3,1.6,97,E,12.9,0,13,4.2,279.5,OK
16/06/2026 14:45,25.9,60.1,0,97,E,8,0,13,4.1,286.5,OK
16/06/2026 14:46,26,60.6,1.6,97,E,8,0,13,5.1,421.9,OK
16/06/2026 14:47,26,60.1,1.6,93,E,8,0,13,4.4,304.1,OK
16/06/2026 14:48,26.1,60.6,0,93,E,4.8,0,13,5.9,532.7,OK
16/06/2026 14:49,26.2,60,0,93,E,4.8,0,13,6,566.1,OK
16/06/2026 14:50,26.3,58.8,0,93,E,4.8,0,13,5.9,453.5,OK
16/06/2026 14:51,26.3,58.9,0,93,E,4.8,0,13,5.2,335.8,OK
16/06/2026 14:52,26.3,58.9,0,93,E,4.8,0,13,5.2,335.8,OK
16/06/2026 14:53,26.6,58.2,0,263,W,3.2,0,13,3.9,269,OK
16/06/2026 14:54,26.7,55.7,1.6,275,W,3.2,0,13,3.9,263.7,OK
16/06/2026 14:55,26.8,55.1,0,275,W,3.2,0,13,4,339.3,OK
16/06/2026 14:56,26.9,55,0,275,W,3.2,0,13,4,258.4,OK
16/06/2026 14:57,27,54.9,0,280,W,3.2,0,13,3.7,270.7,OK
16/06/2026 14:58,27,54.7,0,280,W,3.2,0,13,3.6,251.4,OK
16/06/2026 14:59,27.1,56.8,0,295,WNW,3.2,0,13,3.6,247.9,OK
16/06/2026 15:00,27.2,55.8,0,311,NW,3.2,0,13,3.6,249.6,OK
16/06/2026 15:01,27.3,56.7,0,309,NW,3.2,0,13,3.8,339.3,OK
16/06/2026 15:02,27.3,56,3.2,360,N,3.2,0,13,4.2,311.2,OK
16/06/2026 15:03,27.3,56.1,3.2,21,NNE,4.8,0,13,4.5,437.7,OK
16/06/2026 15:04,27.3,56.8,3.2,357,N,4.8,0,13,4.3,413.1,OK
16/06/2026 15:05,27.3,56.3,6.4,346,NNW,4.8,0,13,4.1,378,OK
16/06/2026 15:06,27.3,56.6,1.6,352,N,8,0,13,4,360.4,OK
16/06/2026 15:07,27.3,57,1.6,51,NE,8,0,13,3.7,269,OK
16/06/2026 15:08,27.3,57.1,1.6,79,E,8,0,13,3.1,228.5,OK
16/06/2026 15:09,27.3,57.2,0,31,NNE,8,0,13,3,219.7,OK
16/06/2026 15:10,27.3,57.5,0,86,E,8,0,13,3,214.5,OK
16/06/2026 15:11,27.3,56.8,1.6,25,NNE,8,0,13,3,211,OK
16/06/2026 15:12,27.3,57.8,0,10,N,8,0,13,2.9,209.2,OK
16/06/2026 15:13,27.3,57.6,1.6,42,NE,8,0,13,2.9,205.7,OK
16/06/2026 15:14,27.3,57.1,0,42,NE,8,0,13,2.8,203.9,OK
16/06/2026 15:15,27.3,57.3,0,18,NNE,4.8,0,13,2.8,203.9,OK
16/06/2026 15:16,27.3,56.9,0,28,NNE,4.8,0,13,2.8,203.9,OK
16/06/2026 15:17,27.3,57.7,0,71,ENE,4.8,0,13,2.8,205.7,OK
16/06/2026 15:18,27.3,57,0,71,ENE,4.8,0,13,2.8,211,OK
16/06/2026 15:19,27.3,56.9,0,71,ENE,4.8,0,13,2.8,216.2,OK
16/06/2026 15:20,27.3,57.4,0,66,ENE,4.8,0,13,2.9,223.3,OK
16/06/2026 15:21,27.3,56.9,0,64,ENE,4.8,0,13,2.9,228.5,OK
16/06/2026 15:22,27.3,56.2,0,64,ENE,4.8,0,13,2.9,232,OK
16/06/2026 15:23,27.3,56.4,0,73,ENE,4.8,0,13,3,244.4,OK
16/06/2026 15:24,27.3,56.2,0,73,ENE,3.2,0,13,2.9,228.5,OK
16/06/2026 15:25,27.3,56.4,1.6,73,ENE,3.2,0,13,2.8,225,OK
16/06/2026 15:26,27.4,57,0,32,NNE,3.2,0,13,2.8,221.5,OK
16/06/2026 15:27,27.3,56.7,3.2,359,N,3.2,0,13,2.7,218,OK
16/06/2026 15:28,27.3,55.1,3.2,1,N,6.4,0,13,2.7,216.2,OK
16/06/2026 15:29,27.3,55.3,0,328,NNW,6.4,0,13,2.7,216.2,OK
16/06/2026 15:30,27.3,55.8,0,7,N,6.4,0,13,2.7,218,OK
16/06/2026 15:31,27.3,56.5,0,11,NNE,6.4,0,13,2.5,203.9,OK
16/06/2026 15:32,27.3,55.9,0,11,NNE,6.4,0,13,2.6,205.7,OK
16/06/2026 15:33,27.3,56.5,1.6,17,NNE,6.4,0,13,2.6,219.7,OK
16/06/2026 15:34,27.3,56.1,1.6,8,N,6.4,0,13,2.6,205.7,OK
16/06/2026 15:35,27.3,55.7,1.6,31,NNE,6.4,0,13,2.5,193.4,OK
16/06/2026 15:36,27.3,56.1,4.8,335,NNW,6.4,0,13,2.5,182.8,OK
16/06/2026 15:37,27.3,55.3,3.2,1,N,6.4,0,13,2.4,179.3,OK
16/06/2026 15:38,27.3,56,1.6,0,N,6.4,0,13,2.4,177.6,OK
16/06/2026 15:39,27.3,56.8,0,315,NW,6.4,0,13,2.4,177.6,OK
16/06/2026 15:40,27.3,56.1,4.8,360,N,6.4,0,13,2.4,179.3,OK
16/06/2026 15:41,27.2,56.2,4.8,333,NNW,12.9,0,13,2.4,193.4,OK
16/06/2026 15:42,27.2,56.2,4.8,357,N,12.9,0,13,2.5,209.2,OK
16/06/2026 15:43,27.1,56.2,3.2,325,NW,12.9,0,13,3,370.9,OK
16/06/2026 15:44,27.1,56.6,1.6,333,NNW,12.9,0,13,2.5,202.2,OK
16/06/2026 15:45,27.1,57.5,3.2,311,NW,12.9,0,13,2.5,198.6,OK
16/06/2026 15:46,27.1,57.3,6.4,337,NNW,12.9,0,13,2.4,191.6,OK
16/06/2026 15:47,27.1,56.9,8,353,N,14.5,0,13,2.4,188.1,OK
16/06/2026 15:48,27,57.5,8,312,NW,14.5,0,13,2.8,307.6,OK
16/06/2026 15:49,27,57.2,9.7,316,NW,16.1,0,13,2.6,274.2,OK
16/06/2026 15:50,26.9,57.1,4.8,318,NW,16.1,0,13,2.4,203.9,OK
16/06/2026 15:51,26.9,57.2,8,337,NNW,16.1,0,13,2.5,205.7,OK
16/06/2026 15:52,26.9,56.8,8,295,WNW,16.1,0,13,2.6,272.5,OK
16/06/2026 15:53,26.8,56.9,11.3,313,NW,16.1,0,13,2.8,323.5,OK
16/06/2026 15:54,26.8,56.7,17.7,315,NW,16.1,0,13,2.9,337.5,OK
16/06/2026 15:55,26.8,56.3,8,311,NW,20.9,0,13,2.9,349.8,OK
16/06/2026 15:56,26.8,56.4,9.7,313,NW,20.9,0,13,2.9,358.6,OK
16/06/2026 15:57,26.7,53.9,22.5,330,NNW,25.7,0,13,2.9,363.9,OK
16/06/2026 15:58,26.6,53.7,8,325,NW,30.6,0,13,2.8,365.7,OK
16/06/2026 15:59,26.5,54,16.1,318,NW,30.6,0,13,2.8,381.5,OK
16/06/2026 16:00,26.4,53.1,9.7,322,NW,30.6,0,13,2.7,344.6,OK
16/06/2026 16:01,26.3,53.7,9.7,320,NW,30.6,0,13,2.5,302.4,OK
16/06/2026 16:02,26.1,53.7,8,88,E,30.6,0,13,2.4,279.5,OK
16/06/2026 16:03,26,53.7,20.9,294,WNW,30.6,0,13,2.2,226.8,OK
16/06/2026 16:04,25.8,53.8,11.3,311,NW,30.6,0,13,2.3,242.6,OK
16/06/2026 16:05,25.5,54.6,9.7,282,WNW,30.6,0,13,2.2,256.7,OK
16/06/2026 16:06,25.4,54.8,19.3,295,WNW,30.6,0,13,2.2,254.9,OK
16/06/2026 16:07,25.3,55.1,8,354,N,29,0,13,2.2,249.6,OK
16/06/2026 16:08,25.2,56.2,8,292,WNW,25.7,0,13,2.1,249.6,OK
16/06/2026 16:09,25.1,56.5,17.7,333,NNW,25.7,0,13,2.1,246.1,OK
16/06/2026 16:10,25,56.2,11.3,360,N,25.7,0,13,2.1,207.4,OK
16/06/2026 16:11,25,56.2,8,320,NW,25.7,0,13,1.9,200.4,OK
16/06/2026 16:12,24.9,56.2,14.5,257,WSW,24.1,0,13,1.9,195.1,OK
16/06/2026 16:13,24.9,56.3,9.7,315,NW,24.1,0,13,1.8,189.9,OK
16/06/2026 16:14,24.8,56.3,14.5,344,NNW,24.1,0,13,1.8,186.3,OK
16/06/2026 16:15,24.8,55.9,17.7,301,WNW,25.7,0,13,1.7,181.1,OK
16/06/2026 16:16,24.7,55.8,12.9,306,NW,30.6,0,13,1.7,172.3,OK
16/06/2026 16:17,24.7,55.9,20.9,261,W,30.6,0,13,1.6,172.3,OK
16/06/2026 16:18,24.6,56.1,9.7,309,NW,30.6,0,13,1.6,172.3,OK
16/06/2026 16:19,24.6,56.6,9.7,256,WSW,30.6,0,13,1.6,172.3,OK
16/06/2026 16:20,24.6,56.4,12.9,336,NNW,30.6,0,13,1.6,172.3,OK
16/06/2026 16:21,24.6,56.1,14.5,304,WNW,30.6,0,13,1.5,174,OK
16/06/2026 16:22,24.6,56.3,9.7,339,NNW,30.6,0,13,1.5,181.1,OK
16/06/2026 16:23,24.6,56.4,19.3,306,NW,30.6,0,13,1.5,184.6,OK
16/06/2026 16:24,24.6,56.1,11.3,295,WNW,29,0,13,1.6,188.1,OK
16/06/2026 16:25,24.7,56.2,9.7,306,NW,29,0,13,1.6,191.6,OK
16/06/2026 16:26,24.8,56.2,9.7,325,NW,29,0,13,1.7,211,OK
16/06/2026 16:27,24.8,56.2,12.9,306,NW,29,0,13,1.7,253.1,OK
16/06/2026 16:28,24.8,56.2,9.7,278,W,29,0,13,1.3,209.2,OK
16/06/2026 16:29,24.9,56.2,1.6,347,NNW,29,0,13,1.1,147.7,OK
16/06/2026 16:30,24.9,56.5,8,294,WNW,20.9,0,13,0.9,124.8,OK
16/06/2026 16:31,25,56.2,4.8,342,NNW,20.9,0,13,0.8,103.7,OK
16/06/2026 16:32,25,55.9,4.8,296,WNW,19.3,0,13,0.7,89.7,OK
16/06/2026 16:33,25,55.4,8,322,NW,20.9,0,13,0.6,70.3,OK
16/06/2026 16:34,25,55.2,8,318,NW,20.9,0,13,0.5,65,OK
16/06/2026 16:35,25,55.6,8,304,WNW,20.9,0,13,0.5,61.5,OK
16/06/2026 16:36,25,55.7,9.7,305,NW,20.9,0,13,0.5,59.8,OK
16/06/2026 16:37,25,55.7,9.7,299,WNW,20.9,0,13,0.4,58,OK
16/06/2026 16:38,25,55.4,6.4,277,W,20.9,0,13,0.4,56.3,OK
16/06/2026 16:39,24.9,55.8,6.4,165,SSE,20.9,0,13,0.4,58,OK
16/06/2026 16:40,24.9,56,4.8,236,SW,20.9,0,13,0.5,59.8,OK
16/06/2026 16:41,24.9,55.8,17.7,152,SSE,17.7,0,13,0.5,61.5,OK
16/06/2026 16:42,24.8,55.1,12.9,137,SE,20.9,0,13,0.5,59.8,OK
16/06/2026 16:43,24.6,56.2,24.1,150,SSE,24.1,0,13,0.4,56.3,OK
16/06/2026 16:44,24.3,59.1,14.5,143,SE,29,0,13,0,54.5,OK
16/06/2026 16:45,24,60.8,12.9,160,SSE,29,0,13,0,52.7,OK
16/06/2026 16:46,23.7,62.1,24.1,133,SE,29,0,13,0,51,OK
16/06/2026 16:47,23.4,62.9,16.1,154,SSE,29,0,13,0,51,OK
16/06/2026 16:48,23.3,63.6,8,160,SSE,29,0,13,0,51,OK
16/06/2026 16:49,23.1,61.8,11.3,120,ESE,29,0,13,0,52.7,OK
16/06/2026 16:50,23.2,61.3,17.7,95,E,29,0,13,0.4,56.3,OK
16/06/2026 16:51,23.3,60.6,12.9,112,ESE,29,0,13,0.4,58,OK
16/06/2026 16:52,23.5,60.2,9.7,167,SSE,29,0,13,0.5,58,OK
16/06/2026 16:53,23.6,59.7,9.7,176,S,25.7,0,13,0.4,56.3,OK
16/06/2026 16:54,23.8,57.8,16.1,175,S,25.7,0,13,0.4,56.3,OK
16/06/2026 16:55,23.9,57.7,16.1,209,SSW,22.5,0,13,0,54.5,OK
16/06/2026 16:56,23.9,56.8,12.9,250,WSW,27.4,0,13,0,49.2,OK
16/06/2026 16:57,23.7,58.1,9.7,167,SSE,27.4,0,13,0,47.5,OK
16/06/2026 16:58,23.5,59.1,9.7,117,ESE,27.4,0,13,0,47.5,OK
16/06/2026 16:59,23.3,61.1,14.5,175,S,27.4,0,13,0,43.9,OK
16/06/2026 17:00,23,60.5,6.4,188,S,27.4,0,13,0,42.2,OK
16/06/2026 17:01,23,60.8,9.7,169,S,27.4,0,13,0,38.7,OK
16/06/2026 17:02,22.9,61,9.7,182,S,27.4,0,13,0,33.4,OK
16/06/2026 17:03,22.9,61.5,11.3,195,SSW,27.4,0,13,0,31.6,OK
16/06/2026 17:04,22.8,61.2,4.8,164,SSE,24.1,0,13,0,31.6,OK
16/06/2026 17:05,22.8,61.8,8,236,SW,22.5,0,13,0,31.6,OK
16/06/2026 17:06,22.8,62.2,9.7,247,WSW,22.5,0,13,0,31.6,OK
16/06/2026 17:07,22.7,63,8,285,WNW,20.9,0,13,0,35.2,OK
16/06/2026 17:08,22.6,63.2,6.4,278,W,14.5,0,13,0,35.2,OK
16/06/2026 17:09,22.5,63,4.8,246,WSW,14.5,0,13,0,33.4,OK
16/06/2026 17:10,22.4,63.7,8,275,W,14.5,0,13,0,33.4,OK
16/06/2026 17:11,22.3,64.9,1.6,268,W,14.5,0,13,0,33.4,OK
16/06/2026 17:12,22.2,64.6,4.8,274,W,14.5,0,13,0,33.4,OK
16/06/2026 17:13,22.1,65,3.2,264,W,14.5,0,13,0,31.6,OK
16/06/2026 17:14,22,65,1.6,253,WSW,14.5,0,13,0,31.6,OK
16/06/2026 17:15,22,64.6,4.8,251,WSW,14.5,0,13,0,29.9,OK
16/06/2026 17:16,22,64.5,6.4,291,WNW,14.5,0,13,0,29.9,OK
16/06/2026 17:17,22,65.2,4.8,264,W,12.9,0,13,0,29.9,OK
16/06/2026 17:18,22,65.4,1.6,312,NW,9.7,0,13,0,29.9,OK
16/06/2026 17:19,22,63.5,4.8,289,WNW,9.7,0,13,0,28.1,OK
16/06/2026 17:20,22,63.8,4.8,278,W,8,0,13,0,28.1,OK
16/06/2026 17:21,22,63.6,6.4,278,W,8,0,13,0,28.1,OK
16/06/2026 17:22,22,63.3,4.8,270,W,8,0,13,0,26.4,OK
16/06/2026 17:23,22,63.4,6.4,236,SW,8,0,13,0,26.4,OK
16/06/2026 17:24,22,63.6,3.2,237,WSW,8,0,13,0,24.6,OK
16/06/2026 17:25,22,64.2,3.2,270,W,8,0,13,0,24.6,OK
16/06/2026 17:26,22,64.5,1.6,257,WSW,8,0,13,0,24.6,OK
16/06/2026 17:27,22,65.1,1.6,274,W,8,0,13,0,22.9,OK
16/06/2026 17:28,22.1,66,8,306,NW,8,0,13,0,22.9,OK
16/06/2026 17:29,22.1,66.2,6.4,309,NW,9.7,0,13,0,22.9,OK
16/06/2026 17:30,22.2,67.4,4.8,246,WSW,9.7,0,13,0,22.9,OK
16/06/2026 17:31,22.2,67.2,3.2,268,W,9.7,0,13,0,22.9,OK
16/06/2026 17:32,22.2,67.6,4.8,257,WSW,9.7,0,13,0,21.1,OK
16/06/2026 17:33,22.2,67.9,1.6,264,W,9.7,0,13,0,21.1,OK
16/06/2026 17:34,22.2,69.6,3.2,241,WSW,9.7,0,13,0,21.1,OK
16/06/2026 17:35,22.2,70.4,1.6,234,SW,9.7,0,13,0,21.1,OK
16/06/2026 17:36,22.2,70.2,3.2,199,SSW,9.7,0,13,0,21.1,OK
16/06/2026 17:37,22.1,70.9,6.4,191,S,9.7,0,13,0,21.1,OK
16/06/2026 17:38,22,71.8,6.4,196,SSW,11.3,0,13,0,19.3,OK
16/06/2026 17:39,21.9,72,6.4,265,W,11.3,0,13,0,19.3,OK
16/06/2026 17:40,21.7,73.1,1.6,188,S,11.3,0,13,0,19.3,OK
16/06/2026 17:41,21.5,74.6,8,234,SW,11.3,0,13,0,19.3,OK
16/06/2026 17:42,21.4,74.2,3.2,202,SSW,11.3,0,13,0,19.3,OK
16/06/2026 17:43,21.2,74.9,4.8,172,S,12.9,0,13,0,21.1,OK
16/06/2026 17:44,21.1,76.2,3.2,220,SW,12.9,0,13,0,21.1,OK
16/06/2026 17:45,21,77.6,4.8,212,SSW,12.9,0,13,0,22.9,OK
16/06/2026 17:46,20.8,78.3,1.6,213,SSW,12.9,0,13,0,22.9,OK
16/06/2026 17:47,20.8,78.8,1.6,222,SW,12.9,0,13,0,24.6,OK
16/06/2026 17:48,20.6,78.5,4.8,222,SW,12.9,0,13,0,28.1,OK
16/06/2026 17:49,20.5,78.4,0,287,WNW,12.9,0,13,0,28.1,OK
16/06/2026 17:50,20.4,79.3,1.6,233,SW,12.9,0,13,0,29.9,OK
16/06/2026 17:51,20.3,77.4,1.6,223,SW,11.3,0,13,0,31.6,OK
16/06/2026 17:52,20.3,77.8,3.2,189,S,11.3,0,13,0,33.4,OK
16/06/2026 17:53,20.2,77.6,4.8,155,SSE,11.3,0,13,0,36.9,OK
16/06/2026 17:54,20.1,77.6,4.8,150,SSE,9.7,0,13,0,38.7,OK
16/06/2026 17:55,20.1,77.4,4.8,189,S,9.7,0,13,0,38.7,OK
16/06/2026 17:56,20,78.3,4.8,176,S,9.7,0,13,0,40.4,OK
16/06/2026 17:57,20,78.2,3.2,130,SE,9.7,0,13,0,40.4,OK
16/06/2026 17:58,20,79.1,4.8,141,SE,9.7,0,13,0,42.2,OK
16/06/2026 17:59,19.9,80.4,3.2,167,SSE,9.7,0,13,0,42.2,OK
16/06/2026 18:00,19.9,80.4,0,208,SSW,8,0,13,0,43.9,OK
16/06/2026 18:01,19.9,81.1,3.2,189,S,9.7,0,13,0,43.9,OK
16/06/2026 18:02,19.8,79.8,4.8,223,SW,9.7,0,13,0,43.9,OK
16/06/2026 18:03,19.8,79.3,1.6,176,S,9.7,0,13,0,43.9,OK
16/06/2026 18:04,19.8,79.7,3.2,232,SW,9.7,0,13,0,43.9,OK
16/06/2026 18:05,19.7,79.8,4.8,181,S,9.7,0,13,0,43.9,OK
16/06/2026 18:06,19.6,79.4,4.8,182,S,9.7,0,13,0,43.9,OK
16/06/2026 18:07,19.6,80,3.2,181,S,9.7,0,13,0,43.9,OK
16/06/2026 18:08,19.6,78.4,4.8,143,SE,9.7,0,13,0,43.9,OK
16/06/2026 18:09,19.6,79.2,1.6,182,S,9.7,0,13,0,43.9,OK
16/06/2026 18:10,19.6,79.6,8,176,S,8,0,13,0,43.9,OK
16/06/2026 18:11,19.5,79.3,4.8,171,S,8,0,13,0,42.2,OK
16/06/2026 18:12,19.5,79.1,4.8,169,S,8,0,13,0,42.2,OK
16/06/2026 18:13,19.5,79.3,3.2,160,SSE,8,0,13,0,42.2,OK
16/06/2026 18:14,19.5,80.4,1.6,208,SSW,8,0,13,0,42.2,OK
16/06/2026 18:15,19.5,80,3.2,169,S,8,0,13,0,40.4,OK
16/06/2026 18:16,19.5,79.8,4.8,217,SW,8,0,13,0,40.4,OK
16/06/2026 18:17,19.5,79.8,3.2,158,SSE,8,0,13,0,40.4,OK
16/06/2026 18:18,19.5,79,3.2,175,S,8,0,13,0,38.7,OK
16/06/2026 18:19,19.5,79.3,4.8,198,SSW,8,0,13,0,38.7,OK
16/06/2026 18:20,19.5,79.5,4.8,189,S,8,0,13,0,38.7,OK
16/06/2026 18:21,19.5,79.4,0,161,SSE,8,0,13,0,38.7,OK
16/06/2026 18:22,19.5,80.4,1.6,181,S,8,0,13,0,36.9,OK
16/06/2026 18:23,19.5,80.4,3.2,198,SSW,8,0,13,0,36.9,OK
16/06/2026 18:24,19.5,80.1,1.6,189,S,8,0,13,0,36.9,OK
16/06/2026 18:25,19.5,79.6,0,179,S,8,0,13,0,36.9,OK
16/06/2026 18:26,19.5,80.7,4.8,199,SSW,8,0,13,0,36.9,OK
16/06/2026 18:27,19.5,78.7,1.6,192,SSW,6.4,0,13,0,35.2,OK
16/06/2026 18:28,19.5,79.6,3.2,169,S,6.4,0,13,0,35.2,OK
16/06/2026 18:29,19.6,79.7,3.2,189,S,6.4,0,13,0,35.2,OK
16/06/2026 18:30,19.5,79.7,1.6,181,S,6.4,0,13,0,35.2,OK
16/06/2026 18:31,19.5,80,0,181,S,6.4,0,13,0,33.4,OK
16/06/2026 18:32,19.6,79.7,0,150,SSE,4.8,0,13,0,33.4,OK
16/06/2026 18:33,19.6,79.1,4.8,161,SSE,4.8,0,13,0,33.4,OK
16/06/2026 18:34,19.6,78.2,6.4,137,SE,6.4,0,13,0,31.6,OK
16/06/2026 18:35,19.6,78,1.6,134,SE,6.4,0,13,0,31.6,OK
16/06/2026 18:36,19.6,78.1,1.6,160,SSE,6.4,0,13,0,29.9,OK
16/06/2026 18:37,19.6,78.2,4.8,144,SE,6.4,0,13,0,29.9,OK
16/06/2026 18:38,19.6,78.5,0,154,SSE,6.4,0,13,0,28.1,OK
16/06/2026 18:39,19.6,78.1,3.2,114,ESE,6.4,0,13,0,26.4,OK
16/06/2026 18:40,19.6,77.8,3.2,186,S,6.4,0,13,0,26.4,OK
16/06/2026 18:41,19.6,77.1,4.8,168,SSE,6.4,0,13,0,24.6,OK
16/06/2026 18:42,19.6,76.6,3.2,179,S,6.4,0,13,0,24.6,OK
16/06/2026 18:43,19.6,76.7,3.2,174,S,6.4,0,13,0,22.9,OK
16/06/2026 18:44,19.6,76.3,4.8,174,S,6.4,0,13,0,21.1,OK
16/06/2026 18:45,19.7,75.8,0,167,SSE,6.4,0,13,0,19.3,OK
16/06/2026 18:46,19.7,76.6,4.8,152,SSE,6.4,0,13,0,17.6,OK
16/06/2026 18:47,19.7,75.2,3.2,155,SSE,6.4,0,13,0,17.6,OK
16/06/2026 18:48,19.7,75.2,3.2,145,SE,6.4,0,13,0,15.8,OK
16/06/2026 18:49,19.8,77.1,0,160,SSE,6.4,0,13,0,14.1,OK
16/06/2026 18:50,19.8,77.4,0,205,SSW,6.4,0,13,0,14.1,OK
16/06/2026 18:51,19.8,76.1,0,168,SSE,6.4,0,13,0,10.5,OK
16/06/2026 18:52,19.8,77,3.2,188,S,6.4,0,13,0,8.8,OK
16/06/2026 18:53,19.8,77.1,1.6,208,SSW,6.4,0,13,0,8.8,OK
16/06/2026 18:54,19.8,77.9,6.4,215,SW,6.4,0,13,0,7,OK
16/06/2026 18:55,19.8,77.8,3.2,191,S,6.4,0,13,0,5.3,OK
16/06/2026 18:56,19.8,78,0,195,SSW,6.4,0,13,0,5.3,OK
16/06/2026 18:57,19.9,78.6,1.6,260,W,6.4,0,13,0,3.5,OK
16/06/2026 18:59,19.8,78.6,1.6,189,S,6.4,0,13,0,1.8,OK
16/06/2026 19:00,19.9,78.9,0,189,S,6.4,0,13,0,1.8,OK
16/06/2026 19:01,19.9,79.3,0,189,S,6.4,0,13,0,1.8,OK
16/06/2026 19:02,19.9,78.1,0,174,S,6.4,0,13,0,1.8,OK
16/06/2026 19:03,19.9,78.2,0,184,S,6.4,0,13,0,1.8,OK
16/06/2026 19:04,19.9,78.9,0,193,SSW,6.4,0,13,0,1.8,OK
16/06/2026 19:05,19.9,79.5,3.2,237,WSW,4.8,0,13,0,1.8,OK
16/06/2026 19:06,19.9,78.1,1.6,241,WSW,4.8,0,13,0,0,OK
16/06/2026 19:07,19.9,77.6,1.6,222,SW,4.8,0,13,0,0,OK
16/06/2026 19:08,19.9,78.2,3.2,232,SW,4.8,0,13,0,0,OK
16/06/2026 19:09,19.8,78.3,3.2,220,SW,4.8,0,13,0,0,OK
16/06/2026 19:10,19.8,77.6,1.6,229,SW,4.8,0,13,0,0,OK
16/06/2026 19:11,19.8,77.9,6.4,246,WSW,8,0,13,0,0,OK
16/06/2026 19:12,19.8,77.8,1.6,203,SSW,8,0,13,0,0,OK
16/06/2026 19:13,19.8,77.4,3.2,224,SW,8,0,13,0,0,OK
16/06/2026 19:14,19.8,77.5,1.6,246,WSW,8,0,13,0,0,OK
16/06/2026 19:15,19.8,77,1.6,250,WSW,8,0,13,0,0,OK
16/06/2026 19:16,19.7,77.2,4.8,246,WSW,8,0,13,0,0,OK
16/06/2026 19:17,19.6,77.2,3.2,316,NW,8,0,13,0,0,OK
16/06/2026 19:18,19.6,78.1,4.8,264,W,8,0,13,0,0,OK
16/06/2026 19:19,19.6,77.7,3.2,261,W,8,0,13,0,0,OK
16/06/2026 19:20,19.6,78.2,1.6,264,W,8,0,13,0,0,OK
16/06/2026 19:21,19.6,78,1.6,264,W,8,0,13,0,0,OK
16/06/2026 19:22,19.6,78.6,4.8,246,WSW,8,0,13,0,0,OK
16/06/2026 19:23,19.6,79,3.2,227,SW,8,0,13,0,0,OK
16/06/2026 19:24,19.5,79.5,0,220,SW,8,0,13,0,0,OK
16/06/2026 19:25,19.5,79.7,1.6,215,SW,6.4,0,13,0,0,OK
16/06/2026 19:26,19.5,79.9,4.8,152,SSE,6.4,0,13,0,0,OK
16/06/2026 19:27,19.5,80.1,6.4,182,S,6.4,0,13,0,0,OK
16/06/2026 19:28,19.5,79.9,4.8,164,SSE,8,0,13,0,0,OK
16/06/2026 19:29,19.5,79.9,3.2,178,S,8,0,13,0,0,OK
16/06/2026 19:30,19.5,80.5,1.6,185,S,8,0,13,0,0,OK
16/06/2026 19:31,19.5,79.6,4.8,171,S,8,0,13,0,0,OK
16/06/2026 19:32,19.5,79.8,3.2,191,S,8,0,13,0,0,OK
16/06/2026 19:33,19.5,79,3.2,219,SW,8,0,13,0,0,OK
16/06/2026 19:34,19.5,79.3,1.6,199,SSW,8,0,13,0,0,OK
16/06/2026 19:35,19.5,78.9,6.4,185,S,8,0,13,0,0,OK
16/06/2026 19:36,19.5,78.7,1.6,208,SSW,8,0,13,0,0,OK
16/06/2026 19:37,19.5,79.2,3.2,171,S,8,0,13,0,0,OK
16/06/2026 19:38,19.5,79.6,3.2,226,SW,8,0,13,0,0,OK
16/06/2026 19:39,19.5,80.1,1.6,233,SW,8,0,13,0,0,OK
16/06/2026 19:40,19.5,80.4,4.8,226,SW,8,0,13,0,0,OK
16/06/2026 19:41,19.5,80.5,3.2,184,S,8,0,13,0,0,OK
16/06/2026 19:42,19.5,80.6,6.4,224,SW,8,0,13,0,0,OK
16/06/2026 19:43,19.5,80.5,0,193,SSW,8,0,13,0,0,OK
16/06/2026 19:44,19.5,80.7,0,208,SSW,8,0,13,0,0,OK
16/06/2026 19:45,19.5,80.7,0,208,SSW,8,0,13,0,0,OK
16/06/2026 19:46,19.5,80.8,3.2,186,S,8,0,13,0,0,OK
16/06/2026 19:47,19.5,81,4.8,219,SW,8,0,13,0,0,OK
16/06/2026 19:48,19.5,81.2,0,220,SW,8,0,13,0,0,OK
16/06/2026 19:49,19.5,80.9,0,208,SSW,8,0,13,0,0,OK
16/06/2026 19:50,19.5,81,1.6,210,SSW,6.4,0,13,0,0,OK
16/06/2026 19:51,19.5,81.4,8,215,SW,6.4,0,13,0,0,OK
16/06/2026 19:52,19.5,80.6,3.2,227,SW,8,0,13,0,0,OK
16/06/2026 19:53,19.4,80.9,3.2,196,SSW,8,0,13,0,0,OK
16/06/2026 19:54,19.4,81.1,4.8,216,SW,8,0,13,0,0,OK
16/06/2026 19:55,19.4,81.3,3.2,258,WSW,8,0,13,0,0,OK
16/06/2026 19:56,19.4,81.5,11.3,216,SW,8,0,13,0,0,OK
16/06/2026 19:57,19.4,81.2,6.4,199,SSW,11.3,0,13,0,0,OK
16/06/2026 19:58,19.4,81.5,4.8,243,WSW,11.3,0,13,0,0,OK
16/06/2026 19:59,19.4,81.7,6.4,212,SSW,11.3,0,13,0,0,OK
16/06/2026 20:00,19.4,81.5,3.2,181,S,11.3,0,13,0,0,OK
16/06/2026 20:01,19.4,81.8,3.2,169,S,11.3,0,13,0,0,OK
16/06/2026 20:02,19.4,81.7,4.8,208,SSW,11.3,0,13,0,0,OK
16/06/2026 20:03,19.4,81.8,3.2,168,SSE,11.3,0,13,0,0,OK
16/06/2026 20:04,19.4,81.9,1.6,195,SSW,11.3,0,13,0,0,OK
16/06/2026 20:05,19.4,82.2,8,186,S,9.7,0,13,0,0,OK
16/06/2026 20:06,19.4,82.2,9.7,189,S,9.7,0,13,0,0,OK
16/06/2026 20:07,19.4,82.5,3.2,234,SW,9.7,0,13,0,0,OK
16/06/2026 20:08,19.4,82.7,6.4,184,S,9.7,0,13,0,0,OK
16/06/2026 20:09,19.4,82.9,6.4,196,SSW,9.7,0,13,0,0,OK
16/06/2026 20:10,19.4,83.3,4.8,230,SW,9.7,0,13,0,0,OK
16/06/2026 20:11,19.4,83.1,3.2,174,S,9.7,0,13,0,0,OK
16/06/2026 20:12,19.4,83.4,3.2,174,S,9.7,0,13,0,0,OK
16/06/2026 20:13,19.4,83.7,8,196,SSW,9.7,0,13,0,0,OK
16/06/2026 20:14,19.4,83.5,3.2,174,S,9.7,0,13,0,0,OK
16/06/2026 20:15,19.3,83.7,3.2,195,SSW,9.7,0,13,0,0,OK
16/06/2026 20:16,19.3,83.6,4.8,233,SW,9.7,0,13,0,0,OK
16/06/2026 20:17,19.3,83.6,1.6,223,SW,9.7,0,13,0,0,OK
16/06/2026 20:18,19.3,83.6,3.2,167,SSE,9.7,0,13,0,0,OK
16/06/2026 20:19,19.3,83.7,1.6,176,S,9.7,0,13,0,0,OK
16/06/2026 20:20,19.3,83.8,0,223,SW,8,0,13,0,0,OK
16/06/2026 20:21,19.3,83.9,3.2,229,SW,8,0,13,0,0,OK
16/06/2026 20:22,19.3,83.8,3.2,212,SSW,8,0,13,0,0,OK
16/06/2026 20:23,19.3,83.5,6.4,232,SW,8,0,13,0,0,OK
16/06/2026 20:24,19.3,83.7,4.8,220,SW,8,0,13,0,0,OK
16/06/2026 20:25,19.3,83.6,4.8,206,SSW,8,0,13,0,0,OK
16/06/2026 20:26,19.3,83.6,8,222,SW,11.3,0,13,0,0,OK
16/06/2026 20:27,19.3,83.9,3.2,224,SW,11.3,0,13,0,0,OK
16/06/2026 20:28,19.3,84,1.6,222,SW,11.3,0,13,0,0,OK
16/06/2026 20:29,19.3,84.2,4.8,209,SSW,11.3,0,13,0,0,OK
16/06/2026 20:30,19.3,84.2,1.6,219,SW,11.3,0,13,0,0,OK
16/06/2026 20:31,19.2,84.2,0,216,SW,11.3,0,13,0,0,OK
16/06/2026 20:32,19.2,84.3,1.6,244,WSW,11.3,0,13,0,0,OK
16/06/2026 20:33,19.2,84.3,3.2,203,SSW,11.3,0,13,0,0,OK
16/06/2026 20:34,19.2,84.1,1.6,185,S,11.3,0,13,0,0,OK
16/06/2026 20:35,19.2,84.1,0,200,SSW,9.7,0,13,0,0,OK
16/06/2026 20:36,19.2,83.8,3.2,222,SW,9.7,0,13,0,0,OK
16/06/2026 20:37,19.2,83.5,4.8,234,SW,6.4,0,13,0,0,OK
16/06/2026 20:38,19.2,82.8,1.6,210,SSW,6.4,0,13,0,0,OK
16/06/2026 20:39,19.2,83.1,0,191,S,6.4,0,13,0,0,OK
16/06/2026 20:40,19.2,83.3,0,191,S,6.4,0,13,0,0,OK
16/06/2026 20:41,19.3,83.1,1.6,195,SSW,6.4,0,13,0,0,OK
16/06/2026 20:42,19.3,82.9,1.6,213,SSW,6.4,0,13,0,0,OK
16/06/2026 20:43,19.3,82.9,0,215,SW,6.4,0,13,0,0,OK
16/06/2026 20:44,19.3,82.8,3.2,246,WSW,6.4,0,13,0,0,OK
16/06/2026 20:45,19.3,81.1,1.6,268,W,6.4,0,13,0,0,OK
16/06/2026 20:46,19.3,81,0,268,W,6.4,0,13,0,0,OK
16/06/2026 20:47,19.3,81.3,0,268,W,4.8,0,13,0,0,OK
16/06/2026 20:48,19.3,81.5,0,268,W,4.8,0,13,0,0,OK
16/06/2026 20:49,19.3,80.9,0,268,W,4.8,0,13,0,0,OK
16/06/2026 20:50,19.3,81,0,268,W,4.8,0,13,0,0,OK
16/06/2026 20:51,19.3,80.7,0,268,W,4.8,0,13,0,0,OK
16/06/2026 20:52,19.4,80.5,0,268,W,4.8,0,13,0,0,OK
16/06/2026 20:53,19.3,80.5,0,268,W,4.8,0,13,0,0,OK
16/06/2026 20:54,19.3,80.7,0,268,W,4.8,0,13,0,0,OK
16/06/2026 20:55,19.4,80.6,0,268,W,0,0,13,0,0,OK
16/06/2026 20:56,19.4,81,0,268,W,0,0,13,0,0,OK
16/06/2026 20:57,19.4,80.9,0,268,W,0,0,13,0,0,OK
16/06/2026 20:58,19.4,80.8,0,268,W,0,0,13,0,0,OK
16/06/2026 20:59,19.4,80.7,0,250,WSW,0,0,13,0,0,OK
16/06/2026 21:00,19.4,80.8,3.2,220,SW,3.2,0,13,0,0,OK
16/06/2026 21:01,19.4,80.5,3.2,185,S,3.2,0,13,0,0,OK
16/06/2026 21:02,19.4,81,3.2,188,S,4.8,0,13,0,0,OK
16/06/2026 21:03,19.4,80.5,1.6,189,S,4.8,0,13,0,0,OK
16/06/2026 21:04,19.4,80.8,4.8,143,SE,4.8,0,13,0,0,OK
16/06/2026 21:05,19.5,81.1,3.2,158,SSE,4.8,0,13,0,0,OK
16/06/2026 21:06,19.5,80.8,3.2,160,SSE,4.8,0,13,0,0,OK
16/06/2026 21:07,19.5,80.6,1.6,160,SSE,4.8,0,13,0,0,OK
16/06/2026 21:08,19.5,80.6,0,164,SSE,4.8,0,13,0,0,OK
16/06/2026 21:09,19.5,80,3.2,161,SSE,4.8,0,13,0,0,OK
16/06/2026 21:10,19.6,80.3,0,161,SSE,4.8,0,13,0,0,OK
16/06/2026 21:11,19.6,80.4,0,162,SSE,4.8,0,13,0,0,OK
16/06/2026 21:12,19.6,80.7,0,174,S,4.8,0,13,0,0,OK
16/06/2026 21:13,19.6,80.9,0,174,S,4.8,0,13,0,0,OK
16/06/2026 21:14,19.6,81.1,3.2,138,SE,4.8,0,13,0,0,OK
16/06/2026 21:15,19.6,81.2,3.2,143,SE,6.4,0,13,0,0,OK
16/06/2026 21:16,19.6,81.3,4.8,150,SSE,6.4,0,13,0,0,OK
16/06/2026 21:17,19.6,81.6,3.2,127,SE,6.4,0,13,0,0,OK
16/06/2026 21:18,19.6,81.6,4.8,152,SSE,6.4,0,13,0,0,OK
16/06/2026 21:19,19.6,81.9,1.6,137,SE,6.4,0,13,0,0,OK
16/06/2026 21:20,19.6,82.1,4.8,120,ESE,6.4,0,13,0,0,OK
16/06/2026 21:21,19.6,82.1,1.6,134,SE,6.4,0,13,0,0,OK
16/06/2026 21:22,19.6,82,1.6,131,SE,6.4,0,13,0,0,OK
16/06/2026 21:23,19.6,82.4,1.6,97,E,6.4,0,13,0,0,OK
16/06/2026 21:24,19.6,82.2,1.6,100,E,6.4,0,13,0,0,OK
16/06/2026 21:25,19.6,82.3,3.2,114,ESE,6.4,0,13,0,0,OK
16/06/2026 21:26,19.6,82.3,3.2,90,E,6.4,0,13,0,0,OK
16/06/2026 21:27,19.6,82,3.2,109,ESE,6.4,0,13,0,0,OK
16/06/2026 21:28,19.5,82.2,0,112,ESE,4.8,0,13,0,0,OK
16/06/2026 21:29,19.5,82.6,3.2,120,ESE,4.8,0,13,0,0,OK
16/06/2026 21:30,19.5,82.1,1.6,120,ESE,4.8,0,13,0,0,OK
16/06/2026 21:31,19.5,82.1,4.8,158,SSE,4.8,0,13,0,0,OK
16/06/2026 21:32,19.5,82.1,3.2,150,SSE,4.8,0,13,0,0,OK
16/06/2026 21:33,19.6,82,0,150,SSE,4.8,0,13,0,0,OK
16/06/2026 21:34,19.5,82.1,3.2,150,SSE,4.8,0,13,0,0,OK
16/06/2026 21:35,19.5,81.7,0,150,SSE,4.8,0,13,0,0,OK
16/06/2026 21:36,19.5,81.6,0,150,SSE,4.8,0,13,0,0,OK
16/06/2026 21:37,19.5,81.6,0,147,SSE,4.8,0,13,0,0,OK
16/06/2026 21:38,19.5,81.5,0,147,SSE,4.8,0,13,0,0,OK
16/06/2026 21:39,19.5,82.1,0,147,SSE,4.8,0,13,0,0,OK
16/06/2026 21:40,19.5,82.5,0,147,SSE,4.8,0,13,0,0,OK
16/06/2026 21:41,19.5,82.4,0,147,SSE,3.2,0,13,0,0,OK
16/06/2026 21:42,19.5,81.5,0,147,SSE,3.2,0,13,0,0,OK
16/06/2026 21:43,19.5,79.9,0,147,SSE,3.2,0,13,0,0,OK
16/06/2026 21:44,19.5,81,0,147,SSE,3.2,0,13,0,0,OK
16/06/2026 21:45,19.5,81.5,0,147,SSE,3.2,0,13,0,0,OK
16/06/2026 21:46,19.5,81.3,0,147,SSE,0,0,13,0,0,OK
16/06/2026 21:47,19.5,81.1,0,145,SE,0,0,13,0,0,OK
16/06/2026 21:48,19.5,81.4,0,145,SE,0,0,13,0,0,OK
16/06/2026 21:49,19.5,81.5,0,145,SE,0,0,13,0,0,OK
16/06/2026 21:50,19.5,81.5,0,145,SE,0,0,13,0,0,OK
16/06/2026 21:51,19.5,81.6,0,145,SE,0,0,13,0,0,OK
16/06/2026 21:52,19.5,80.7,0,145,SE,0,0,13,0,0,OK
16/06/2026 21:53,19.5,81.6,0,145,SE,0,0,13,0,0,OK
16/06/2026 21:54,19.5,81.8,0,145,SE,0,0,13,0,0,OK
16/06/2026 21:55,19.5,81.9,0,145,SE,0,0,13,0,0,OK
16/06/2026 21:56,19.5,82.1,0,145,SE,0,0,13,0,0,OK
16/06/2026 21:57,19.5,82.2,0,145,SE,0,0,13,0,0,OK
16/06/2026 21:58,19.5,82.2,0,145,SE,0,0,13,0,0,OK
16/06/2026 21:59,19.5,81.2,0,145,SE,0,0,13,0,0,OK
16/06/2026 22:00,19.5,81.3,0,145,SE,0,0,13,0,0,OK
16/06/2026 22:01,19.5,81.2,0,145,SE,0,0,13,0,0,OK
16/06/2026 22:02,19.5,81.4,0,145,SE,0,0,13,0,0,OK
16/06/2026 22:03,19.5,81.6,0,145,SE,0,0,13,0,0,OK
16/06/2026 22:04,19.5,81.5,0,145,SE,0,0,13,0,0,OK
16/06/2026 22:05,19.5,81.6,0,145,SE,0,0,13,0,0,OK
16/06/2026 22:06,19.5,81.8,0,145,SE,0,0,13,0,0,OK
16/06/2026 22:07,19.5,81.6,0,145,SE,0,0,13,0,0,OK
16/06/2026 22:08,19.5,81.5,0,145,SE,0,0,13,0,0,OK
16/06/2026 22:09,19.4,81.5,0,145,SE,0,0,13,0,0,OK
16/06/2026 22:10,19.5,81.4,0,145,SE,0,0,13,0,0,OK
16/06/2026 22:11,19.4,81.8,0,145,SE,0,0,13,0,0,OK
16/06/2026 22:12,19.4,81.4,0,145,SE,0,0,13,0,0,OK
16/06/2026 22:13,19.4,81.4,0,145,SE,0,0,13,0,0,OK
16/06/2026 22:14,19.4,81.1,0,145,SE,0,0,13,0,0,OK
16/06/2026 22:15,19.4,80.9,0,145,SE,0,0,13,0,0,OK
16/06/2026 22:16,19.4,81.7,0,145,SE,0,0,13,0,0,OK
16/06/2026 22:17,19.4,82.6,0,145,SE,0,0,13,0,0,OK
16/06/2026 22:18,19.4,83.2,0,145,SE,0,0,13,0,0,OK
16/06/2026 22:19,19.4,83.7,0,145,SE,0,0,13,0,0,OK
16/06/2026 22:20,19.4,84,0,145,SE,0,0,13,0,0,OK
16/06/2026 22:21,19.4,84.1,0,145,SE,0,0,13,0,0,OK
16/06/2026 22:22,19.4,84.3,0,145,SE,0,0,13,0,0,OK
16/06/2026 22:23,19.4,84.4,0,145,SE,0,0,13,0,0,OK
16/06/2026 22:24,19.4,84.4,0,145,SE,0,0,13,0,0,OK
16/06/2026 22:25,19.4,84.2,0,145,SE,0,0,13,0,0,OK
16/06/2026 22:26,19.4,84.2,0,145,SE,0,0,13,0,0,OK
16/06/2026 22:27,19.4,84.1,0,171,S,0,0,13,0,0,OK
16/06/2026 22:28,19.4,83.6,0,171,S,0,0,13,0,0,OK
16/06/2026 22:29,19.4,83.7,0,171,S,0,0,13,0,0,OK
16/06/2026 22:30,19.4,83.9,0,171,S,0,0,13,0,0,OK
16/06/2026 22:31,19.4,83,0,172,S,0,0,13,0,0,OK
16/06/2026 22:32,19.5,82.3,0,174,S,0,0,13,0,0,OK
16/06/2026 22:33,19.5,82.1,0,179,S,0,0,13,0,0,OK
16/06/2026 22:34,19.4,81.9,0,179,S,0,0,13,0,0,OK
16/06/2026 22:35,19.4,82.1,0,184,S,0,0,13,0,0,OK
16/06/2026 22:36,19.5,82.1,0,193,SSW,0,0,13,0,0,OK
16/06/2026 22:37,19.5,81.8,3.2,220,SW,0,0,13,0,0,OK
16/06/2026 22:38,19.5,81.8,1.6,220,SW,4.8,0,13,0,0,OK
16/06/2026 22:39,19.5,81.7,3.2,220,SW,4.8,0,13,0,0,OK
16/06/2026 22:40,19.5,81.9,0,220,SW,4.8,0,13,0,0,OK
16/06/2026 22:41,19.5,81.9,0,220,SW,4.8,0,13,0,0,OK
16/06/2026 22:42,19.5,81.6,0,220,SW,4.8,0,13,0,0,OK
16/06/2026 22:43,19.5,81.7,0,220,SW,4.8,0,13,0,0,OK
16/06/2026 22:44,19.5,81.7,0,220,SW,4.8,0,13,0,0,OK
16/06/2026 22:45,19.5,81.9,0,220,SW,4.8,0,13,0,0,OK
16/06/2026 22:46,19.5,81,3.2,222,SW,4.8,0,13,0,0,OK
16/06/2026 22:47,19.5,81.5,0,226,SW,4.8,0,13,0,0,OK
16/06/2026 22:48,19.5,81.5,0,226,SW,4.8,0,13,0,0,OK
16/06/2026 22:49,19.5,81.6,0,226,SW,4.8,0,13,0,0,OK
16/06/2026 22:50,19.5,81.3,0,227,SW,4.8,0,13,0,0,OK
16/06/2026 22:51,19.5,81.6,0,230,SW,4.8,0,13,0,0,OK
16/06/2026 22:52,19.5,82,1.6,233,SW,6.4,0,13,0,0,OK
16/06/2026 22:53,19.5,82.3,1.6,227,SW,6.4,0,13,0,0,OK
16/06/2026 22:54,19.5,82.4,1.6,234,SW,6.4,0,13,0,0,OK
16/06/2026 22:55,19.5,82.4,0,219,SW,6.4,0,13,0,0,OK
16/06/2026 22:56,19.5,82.6,1.6,248,WSW,6.4,0,13,0,0,OK
16/06/2026 22:57,19.5,82.8,0,243,WSW,6.4,0,13,0,0,OK
16/06/2026 22:58,19.5,82.9,1.6,208,SSW,6.4,0,13,0,0,OK
16/06/2026 22:59,19.5,83,0,208,SSW,6.4,0,13,0,0,OK
16/06/2026 23:00,19.5,83.3,0,208,SSW,6.4,0,13,0,0,OK
16/06/2026 23:01,19.5,83.8,1.6,189,S,4.8,0,13,0,0,OK
16/06/2026 23:02,19.5,83.7,3.2,179,S,4.8,0,13,0,0,OK
16/06/2026 23:03,19.5,84,3.2,198,SSW,4.8,0,13,0,0,OK
16/06/2026 23:04,19.5,84.1,0,198,SSW,4.8,0,13,0,0,OK
16/06/2026 23:05,19.5,84.1,0,198,SSW,3.2,0,13,0,0,OK
16/06/2026 23:06,19.5,84.3,1.6,219,SW,3.2,0,13,0,0,OK
16/06/2026 23:07,19.5,84.3,0,196,SSW,3.2,0,13,0,0,OK
16/06/2026 23:08,19.5,83.4,1.6,164,SSE,6.4,0,13,0,0,OK
16/06/2026 23:09,19.5,83.8,1.6,178,S,6.4,0,13,0,0,OK
16/06/2026 23:10,19.4,83.2,3.2,191,S,6.4,0,13,0,0,OK
16/06/2026 23:11,19.4,83.3,1.6,191,S,6.4,0,13,0,0,OK
16/06/2026 23:12,19.4,83.6,0,186,S,6.4,0,13,0,0,OK
16/06/2026 23:13,19.4,83.5,3.2,174,S,6.4,0,13,0,0,OK
16/06/2026 23:14,19.4,83.1,0,191,S,6.4,0,13,0,0,OK
16/06/2026 23:15,19.4,83.2,0,191,S,6.4,0,13,0,0,OK
16/06/2026 23:16,19.4,83.5,0,186,S,6.4,0,13,0,0,OK
16/06/2026 23:17,19.4,83.4,1.6,169,S,4.8,0,13,0,0,OK
16/06/2026 23:18,19.4,83.1,3.2,175,S,4.8,0,13,0,0,OK
16/06/2026 23:19,19.4,83.2,1.6,175,S,4.8,0,13,0,0,OK
16/06/2026 23:20,19.4,83.1,0,175,S,4.8,0,13,0,0,OK
16/06/2026 23:21,19.4,83.2,3.2,175,S,4.8,0,13,0,0,OK
16/06/2026 23:22,19.4,83.4,1.6,175,S,4.8,0,13,0,0,OK
16/06/2026 23:23,19.4,83.2,3.2,189,S,4.8,0,13,0,0,OK
16/06/2026 23:24,19.4,83.2,4.8,192,SSW,4.8,0,13,0,0,OK
16/06/2026 23:25,19.4,83.7,1.6,186,S,4.8,0,13,0,0,OK
16/06/2026 23:26,19.4,83.7,1.6,185,S,4.8,0,13,0,0,OK
16/06/2026 23:27,19.4,83.7,0,188,S,4.8,0,13,0,0,OK
16/06/2026 23:28,19.4,83.8,1.6,175,S,4.8,0,13,0,0,OK
16/06/2026 23:29,19.4,83.8,1.6,209,SSW,4.8,0,13,0,0,OK
16/06/2026 23:30,19.4,84.1,3.2,213,SSW,4.8,0,13,0,0,OK
16/06/2026 23:31,19.4,84,4.8,220,SW,4.8,0,13,0,0,OK
16/06/2026 23:32,19.4,84,3.2,212,SSW,4.8,0,13,0,0,OK
16/06/2026 23:33,19.4,84.1,3.2,202,SSW,4.8,0,13,0,0,OK
16/06/2026 23:34,19.4,84.1,0,199,SSW,4.8,0,13,0,0,OK
16/06/2026 23:35,19.4,84.3,0,203,SSW,4.8,0,13,0,0,OK
16/06/2026 23:36,19.4,84.2,0,189,S,4.8,0,13,0,0,OK
16/06/2026 23:37,19.4,84.3,0,196,SSW,4.8,0,13,0,0,OK
16/06/2026 23:38,19.4,84.2,1.6,195,SSW,4.8,0,13,0,0,OK
16/06/2026 23:39,19.4,84.4,1.6,208,SSW,4.8,0,13,0,0,OK
16/06/2026 23:40,19.4,84.4,3.2,176,S,4.8,0,13,0,0,OK
16/06/2026 23:41,19.4,84.4,0,224,SW,4.8,0,13,0,0,OK
16/06/2026 23:42,19.4,84.5,0,188,S,4.8,0,13,0,0,OK
16/06/2026 23:43,19.4,84.6,0,182,S,4.8,0,13,0,0,OK
16/06/2026 23:44,19.4,84.7,1.6,150,SSE,4.8,0,13,0,0,OK
16/06/2026 23:45,19.4,84.9,4.8,171,S,4.8,0,13,0,0,OK
16/06/2026 23:46,19.4,84.8,3.2,181,S,4.8,0,13,0,0,OK
16/06/2026 23:47,19.4,84.6,3.2,188,S,4.8,0,13,0,0,OK
16/06/2026 23:48,19.4,84.7,1.6,192,SSW,4.8,0,13,0,0,OK
16/06/2026 23:49,19.4,84.6,0,202,SSW,4.8,0,13,0,0,OK
16/06/2026 23:50,19.4,84.8,0,198,SSW,4.8,0,13,0,0,OK
16/06/2026 23:51,19.4,84.7,0,198,SSW,4.8,0,13,0,0,OK
16/06/2026 23:52,19.3,84.6,0,198,SSW,4.8,0,13,0,0,OK
16/06/2026 23:53,19.3,84.9,0,198,SSW,4.8,0,13,0,0,OK
16/06/2026 23:54,19.3,84.8,0,198,SSW,4.8,0,13,0,0,OK
16/06/2026 23:55,19.3,84.9,0,198,SSW,4.8,0,13,0,0,OK
16/06/2026 23:56,19.3,84.9,0,198,SSW,4.8,0,13,0,0,OK
16/06/2026 23:57,19.3,84.7,0,198,SSW,4.8,0,13,0,0,OK
16/06/2026 23:58,19.3,84.7,0,198,SSW,1.6,0,13,0,0,OK
16/06/2026 23:59,19.3,84.7,0,198,SSW,1.6,0,13,0,0,OK
